tree
version=v4
num_class=3
num_tree_per_iteration=3
label_index=0
max_feature_idx=9
objective=multiclass num_class:3
feature_names=minute minutes_remaining score_diff red_card_diff xg_diff shots_diff shots_on_target_diff possession_diff elo_diff is_neutral_venue
feature_infos=[0:90] [0:90] [-9:12] [-2:2] [-5.1031432151794434:5.9470267295837402] [-34:43] [-16:19] [-0.9047619104385376:1] [-494.78277587890625:518.5272216796875] [0:1]
tree_sizes=3458 3393 3382 3502 3515 3512 3500 3499 3498 3503 3503 3504 3515 3512 3512 3509 3513 3508 3499 3518 3497 3526 3511 3503 3510 3512 3486 3511 3513 3502 3503 3547 3511 3512 3527 3501 3509 3515 3499 3504 3519 3498 3513 3526 3499 3520 3514 3502 3517 3520 3513 3516 3524 3518 3521 3526 3504 3525 3533 3523 3515 3528 3517 3503 3537 3504 3528 3529 3519 3521 3520 3532 3528 3499 3510 3540 3537 3503 3525 3527 3519 3523 3529 3518 3544 3510 3518 3522 3541 3516 3509 3525 3552 3529 3513 3538 3516 3514 3513 3537 3500 3513 3528 3524 3534 3516 3549 3528 3556 3517 3541 3544 3204 3524 3543 3506 3530 3536 1988 3516 3525 2121 3511 3506 3497 3522 3519 2202 3517 3527 2222 3507 3535 2021 3550 3528 2111 3542 3514 2118 3515 3540 2334 3541 3535 2350 3525 3524 2228 3516 3525 1997 3524 3533 2317 3494 3551 2351 3533 3510 2327 3535 3542 2223 3540 3532 2323 3514 3529 2322 3504 3511 2116 3513 3526 1992 3530 3525 2856 3550 3528 3510 3530 3083 2972 3541 3525 3520 3519 3495 3499 3527 3526 3531 3551 3535 3067 3531 3534 3510 3499 3520 3509 3520 3520 3510 3551 3531 3542 3431 3419 3495 2979 3533 3513 3503 3552 3486 3531 3230 3064 3293 3200 3489 3185 3527 3293 3403 2558 3502 2976 3530 3499 2634 3537 3514 3522 3181 3537 2755 2977 3543 3432 3080 3515 3427 3513 3513 3506

Tree=0
num_leaves=31
num_cat=0
split_feature=2 2 8 8 2 0 8 0 8 7 8 0 8 8 0 0 7 5 8 2 0 7 8 8 8 8 0 8 0 8
split_gain=44194.1 9003.82 4902.73 2039.96 1534.33 1282.25 1030.36 761.462 565.11 552.928 458.558 361.523 274.575 270.608 245.522 228.372 141.773 136.751 114.652 95.7526 91.4923 89.0342 84.782 80.5253 88.8685 81.1406 65.9675 54.9658 52.8008 50.1346
threshold=1.0000000180025095e-35 -1.0000000180025095e-35 107.69263076782228 -66.618366241455064 1.5000000000000002 58.500000000000007 16.161653518676761 62.500000000000007 -165.65875244140622 -0.0036968702916055913 167.39929962158206 57.500000000000007 222.81492614746097 -177.2028884887695 44.500000000000007 39.500000000000007 -0.064733181148767457 1.0000000180025095e-35 -130.9697570800781 -1.4999999999999998 62.500000000000007 0.026759921573102478 -9.2462801933288556 269.34574890136724 29.880530357360843 46.760663986206062 76.500000000000014 130.77565765380862 57.500000000000007 -361.24395751953119
decision_type=2 2 2 2 2 2 2 2 2 2 2 2 2 2 2 2 2 2 2 2 2 2 2 2 2 2 2 2 2 2
left_child=1 10 3 13 6 9 8 12 20 -5 14 16 27 -3 19 -12 -10 -7 -15 -1 29 -21 28 24 -8 -26 -9 -4 -6 -2
right_child=4 2 7 5 22 17 23 26 11 -11 15 -13 -14 18 -16 -17 -18 -19 -20 21 -22 -23 -24 -25 25 -27 -28 -29 -30 -31
leaf_value=-0.85405010952150684 -0.82895763290423441 -0.84162939125959702 -0.758825667097901 -0.80972185117832407 -0.74964059111562431 -0.83676092356333265 -0.72757044926545755 -0.79759465405108854 -0.77906655736763808 -0.79236629975275896 -0.77442322260980967 -0.7454052619185475 -0.74647746112542535 -0.81202901678586337 -0.85280048723993507 -0.83106941135448853 -0.75958429076770495 -0.82030257167046594 -0.82924284444902463 -0.84309502333907116 -0.77628660086618961 -0.82957860238097114 -0.72352405627675376 -0.72967560529419651 -0.75821579291677266 -0.74145025829756328 -0.82682301952790827 -0.77409618109346734 -0.73017062286758061 -0.79936642669563385
leaf_weight=1120.6810352802277 187.95644807815552 4519.1267733573914 885.54974746704102 7714.0149352550507 569.44117569923401 2229.4754967689514 1008.130039691925 423.45919132232666 1792.2724545001984 11314.532427787781 295.30706763267517 2965.3287055492401 2636.5906491279602 1334.639363527298 12344.578337907791 433.11703252792358 1979.4859917163849 2996.5309617519379 3669.6082026958466 3112.0536007881165 353.62557029724121 2129.9254412651062 8080.2699902057648 1998.4302186965942 916.75200366973877 4610.8762648105621 351.02538228034973 1872.8782830238342 1254.4049904346466 560.89770078659058
leaf_count=3017 506 12166 2384 20767 1533 6002 2714 1140 4825 30460 795 7983 7098 3593 33233 1166 5329 8067 9879 8378 952 5734 21753 5380 2468 12413 945 5042 3377 1510
internal_value=-0.795342 -0.819232 -0.805649 -0.813136 -0.74136 -0.805432 -0.750784 -0.76468 -0.763905 -0.799404 -0.84714 -0.758478 -0.758028 -0.832739 -0.848655 -0.808118 -0.768808 -0.827357 -0.824673 -0.840575 -0.797084 -0.837641 -0.72581 -0.738756 -0.74158 -0.744195 -0.810958 -0.769136 -0.736108 -0.806967
internal_weight=85661 59383.1 39947.4 33777.9 26277.9 24254.6 16373.8 6169.5 7839.57 19028.5 19435.7 6737.09 5395.02 9523.37 18707.2 728.424 3771.76 5226.01 5004.25 6362.66 1102.48 5241.98 9904.12 8534.19 6535.76 5527.63 774.485 2758.43 1823.85 748.854
internal_count=230609 159866 107543 90934 70743 65296 44080 16609 21105 51227 52323 18137 14524 25638 50362 1961 10154 14069 13472 17129 2968 14112 26663 22975 17595 14881 2085 7426 4910 2016
is_linear=0
shrinkage=1


Tree=1
num_leaves=31
num_cat=0
split_feature=2 2 0 2 8 2 0 0 8 8 8 0 8 8 0 8 8 0 8 8 0 8 8 8 8 0 5 8 2 7
split_gain=6145.95 5496.45 6879.8 1202.68 927.037 914.766 868.896 743.703 554.416 258.352 171.753 150.066 141.632 118.567 112.683 112.259 107.997 94.8076 90.0773 89.4554 87.3875 82.5588 81.3946 80.9967 62.2494 48.4022 46.3608 42.9252 39.2634 38.7869
threshold=1.0000000180025095e-35 -1.0000000180025095e-35 60.500000000000007 -1.4999999999999998 139.82307434082034 1.5000000000000002 78.500000000000014 39.500000000000007 -1.0000000180025095e-35 -123.1350631713867 -165.65875244140622 75.500000000000014 -130.9697570800781 -216.81816101074216 71.500000000000014 30.79506874084473 247.85845947265628 51.500000000000007 269.34574890136724 -25.19881439208984 83.500000000000014 148.38324737548831 -0.54526796936988819 -372.31275939941401 191.76314544677737 78.500000000000014 3.5000000000000004 303.84550476074224 2.5000000000000004 -0.10253930464386939
decision_type=2 2 2 2 2 2 2 2 2 2 2 2 2 2 2 2 2 2 2 2 2 2 2 2 2 2 2 2 2 2
left_child=1 3 4 -1 7 8 14 12 10 26 13 15 -3 -2 24 -11 21 19 25 -12 -8 -6 28 -9 -4 29 -5 -18 -7 -10
right_child=5 2 6 9 16 22 20 23 18 11 17 -13 -14 -15 -16 -17 27 -19 -20 -21 -22 -23 -24 -25 -26 -27 -28 -29 -30 -31
leaf_value=-1.5112413396254145 -1.464317621824381 -1.4753206144726541 -1.4209507103349182 -1.4961415048547355 -1.5093567247283719 -1.4976933928310869 -1.3876642412238094 -1.4001248734399945 -1.4857499489680415 -1.4757297925234865 -1.4798133886855724 -1.4899992154170532 -1.462721134207013 -1.4154625235437845 -1.4036916153157044 -1.4599559990615643 -1.5106312656518019 -1.4882034340087607 -1.5096418678459234 -1.4550087622933277 -1.364011527453401 -1.4742691046725955 -1.5156897988334119 -1.443282064189565 -1.4564505832827677 -1.5066063524128186 -1.471704220341193 -1.4926870326906392 -1.5164457268088629 -1.4961133896763383
leaf_weight=4511.3129162788391 635.32161712646484 2703.8229155540466 2027.4701106548309 2177.8295600414276 189.80233311653137 1155.7559084892273 839.68340396881104 109.32826161384583 1197.3165309429169 4063.6758935451508 1111.0186779499054 1330.2046358585358 12722.580100297928 150.35944938659668 1230.9356331825256 1556.0085272789001 484.96216773986816 1850.3742098808289 1424.1792917251587 534.19959306716919 1112.0775473117828 1201.816725730896 5520.6801354885101 4581.9924461841583 138.44716906547546 859.00776982307434 211.77387237548828 1125.5781316757202 381.72240495681763 3906.9632279872894
leaf_count=17042 2400 10214 7659 8227 717 4366 3172 413 4523 15351 4197 5025 48061 568 4650 5878 1832 6990 5380 2018 4201 4540 20855 17309 523 3245 800 4252 1442 14759
internal_value=-1.47478 -1.46423 -1.45166 -1.49006 -1.46349 -1.49863 -1.40058 -1.45962 -1.49002 -1.47981 -1.4757 -1.47493 -1.46493 -1.45465 -1.41602 -1.47135 -1.48939 -1.48045 -1.49831 -1.47172 -1.37394 -1.47916 -1.51283 -1.4422 -1.42317 -1.49558 -1.49397 -1.49818 -1.50247 -1.4937
internal_weight=61046.2 42319.3 28468.5 13850.8 23119.9 18726.9 5348.61 20117.7 11668.7 9339.49 4281.27 6949.89 15426.4 785.681 3396.85 5619.68 3002.16 3495.59 7387.47 1645.22 1951.76 1391.62 7058.16 4691.32 2165.92 5963.29 2389.6 1610.54 1537.48 5104.28
internal_count=230609 159866 107543 52323 87338 70743 20205 75997 44080 35281 16173 26254 58275 2968 12832 21229 11341 13205 27907 6215 7373 5257 26663 17722 8182 22527 9027 6084 5808 19282
is_linear=0
shrinkage=1


Tree=2
num_leaves=31
num_cat=0
split_feature=2 2 8 2 8 8 0 0 5 8 0 0 8 8 4 8 0 8 5 4 5 0 6 0 0 5 4 4 8 8
split_gain=44999.5 6855.17 4280.04 2336.94 1950.35 905.893 542.105 538.064 532.797 317.542 277.594 236.933 212.299 210.768 192.858 184.902 168.119 178.492 165.164 157.439 135.101 128.14 115.35 110.545 96.7772 86.836 65.1243 55.9344 55.8527 42.4933
threshold=-1.0000000180025095e-35 1.0000000180025095e-35 19.12481784820557 -1.4999999999999998 -155.41359710693357 11.760808467864992 48.500000000000007 40.500000000000007 2.5000000000000004 -310.69364929199213 73.500000000000014 75.500000000000014 -155.41359710693357 96.730762481689467 0.22598905861377719 75.15427398681642 52.500000000000007 11.03136730194092 1.0000000180025095e-35 0.13766863197088244 1.5000000000000002 61.500000000000007 -1.4999999999999998 71.500000000000014 58.500000000000007 -1.4999999999999998 0.25121340155601507 0.58183753490448009 24.120081901550297 312.58627319335943
decision_type=2 2 2 2 2 2 2 2 2 2 2 2 2 2 2 2 2 2 2 2 2 2 2 2 2 2 2 2 2 2
left_child=3 2 4 -1 7 11 13 14 10 21 -6 12 25 26 -2 20 17 19 -9 -11 28 -3 -14 27 -10 -5 -7 -8 -4 -15
right_child=1 9 15 5 8 6 23 18 24 16 -12 -13 22 29 -16 -17 -18 -19 -20 -21 -22 -23 -24 -25 -26 -27 -28 -29 -30 -31
leaf_value=-1.0421962762121693 -1.0880571588124317 -1.1248072190082687 -1.1738427748857034 -1.0544495181298896 -1.1343235282872017 -1.1077420798497895 -1.0915438293936786 -1.1168919500996053 -1.1515213564417786 -1.1546976914896527 -1.160186666708573 -1.0551795831710085 -1.0727195158595426 -1.1597461950144707 -1.1359380252225648 -1.1745940744167871 -1.1869450646984219 -1.1836599070459568 -1.1522762445823949 -1.1766093251006249 -1.1725792140670566 -1.175309674559899 -1.0894496468120891 -1.0698748419874138 -1.1682653648182182 -1.0764494619763916 -1.1450576513671398 -1.1273832960966996 -1.1548003017362165 -1.1274650372050816
leaf_weight=5560.2996740937233 2746.8702591359615 328.88053464889526 434.59213507175446 1184.687719553709 12366.625897616148 889.41303318738937 801.9725735783577 979.78992614150047 2251.5918349325657 1216.9884863495827 1127.590404510498 1557.9410247504711 1713.898262411356 390.54563489556313 228.71553054451942 7460.8245891034603 12975.120140790939 5793.2567194700241 492.01572048664093 2570.6842584311962 2219.6173385083675 196.41476374864578 2960.2510822117329 730.84563255310059 1407.2041130363941 884.19270724058151 133.11831164360046 130.83441904187202 3372.6568320095539 133.44458201527596
leaf_count=17042 8419 1008 1332 3631 37903 2726 2458 3003 6901 3730 3456 4775 5253 1197 701 22867 39768 17756 1508 7879 6803 602 9073 2240 4313 2710 408 401 10337 409
internal_value=-1.1402 -1.16115 -1.14723 -1.06884 -1.13343 -1.08174 -1.10439 -1.10394 -1.14108 -1.18231 -1.13649 -1.07301 -1.07719 -1.12577 -1.09172 -1.16932 -1.18321 -1.17812 -1.12872 -1.1696 -1.16277 -1.14384 -1.08325 -1.08461 -1.15799 -1.06368 -1.1126 -1.09648 -1.15702 -1.15148
internal_weight=75240.9 58169.4 35088.1 17071.4 21600.4 11511.1 3210.17 4447.39 17153 23081.3 13494.2 8300.97 6743.03 1546.52 2975.59 13487.7 22556 9580.93 1471.81 3787.67 6026.87 525.295 4674.15 1663.65 3658.8 2068.88 1022.53 932.807 3807.25 523.99
internal_count=230609 178286 107543 52323 66204 35281 9839 13631 52573 70743 41359 25442 20667 4740 9120 41339 69133 29365 4511 11609 18472 1610 14326 5099 11214 6341 3134 2859 11669 1606
is_linear=0
shrinkage=1


Tree=3
num_leaves=31
num_cat=0
split_feature=2 2 8 8 2 0 8 0 8 8 8 7 0 8 0 0 0 7 8 5 3 0 5 8 8 8 4 0 0 8
split_gain=39214.2 8158.28 4442.42 1847.91 1387.46 1061.37 892.096 718.336 507.548 483.34 426.735 358.566 313.265 241.483 233.578 215.497 200.567 132.01 98.9178 92.4535 91.1734 87.2089 85.7466 76.0514 89.4409 73.4659 64.5865 60.7286 53.9316 49.5115
threshold=1.0000000180025095e-35 -1.0000000180025095e-35 107.69263076782228 -25.19881439208984 1.5000000000000002 61.500000000000007 16.161653518676761 62.500000000000007 -170.74105834960935 -165.65875244140622 96.730762481689467 -0.12225077301263808 56.500000000000007 222.81492614746097 60.500000000000007 42.500000000000007 46.500000000000007 -0.077875234186649309 179.729362487793 -2.4999999999999996 1.0000000180025095e-35 70.500000000000014 -1.4999999999999998 235.95204162597659 28.580967903137211 -0.54526796936988819 0.28522720932960516 79.500000000000014 74.500000000000014 130.77565765380862
decision_type=2 2 2 2 2 2 2 2 2 2 2 2 2 2 2 2 2 2 2 2 2 2 2 2 2 2 2 2 2 2
left_child=1 10 3 8 6 11 9 13 26 21 15 -5 17 29 -10 22 18 -11 -12 -7 23 -2 -1 24 -8 -6 -3 -9 -14 -4
right_child=4 2 7 5 25 19 20 27 14 12 16 -13 28 -15 -16 -17 -18 -19 -20 -21 -22 -23 -24 -25 -26 -27 -28 -29 -30 -31
leaf_value=-0.049687250282626258 -0.0086714350133835407 -0.045634199712155182 0.034929264592825686 -0.016035151281449535 0.056791933324017142 -0.045293875872971977 0.065450980667628361 -0.0049958633406118084 -0.019918680319276461 0.014102428760831221 -0.022662961928865629 0.0032086998266987778 0.03975060406355102 0.046367958638507588 -0.038679243071271581 -0.055081998647518095 -0.039338174583702062 0.033147033096159247 0.018106560174817831 -0.026320115292152231 0.017615680592313273 0.02529285227207665 -0.037121811834328694 0.061684571713540075 0.047971852904069329 0.067758830682161098 -0.025584337599720914 -0.033942911902055201 0.053495891496413865 0.020440010954917036
leaf_weight=2702.4508506655693 858.38659805059433 4173.2578634023666 889.2646589577198 3014.5781103074551 2174.5481621026993 863.01791068911552 904.42924472689629 512.08235809206963 8261.1365875899792 1650.9165146350861 263.34092733263969 12198.116715013981 1620.7917043268681 2674.1890607774258 2083.2772008776665 12237.458535164595 715.23434418439865 2056.6129149794579 328.9175837635994 2670.1956967413425 185.14746496081352 236.97465482354164 2966.2256220579147 2297.3232231736183 5182.4587683975697 7821.7470279037952 468.52459073066711 277.22854974865913 1459.1383944153786 1862.1737362742424
leaf_count=7349 2313 11335 2384 8132 5813 2341 2417 1380 22302 4431 712 32845 4336 7156 5643 33332 1944 5511 885 7226 495 636 8052 6139 13861 20891 1270 751 3903 4995
internal_value=9.18581e-05 -0.0225344 -0.00965492 -0.0168124 0.0506976 -0.00634586 0.0417457 0.029175 -0.0298982 0.0295739 -0.0493027 -0.000608716 0.0345442 0.0356551 -0.0237138 -0.0513179 -0.0216138 0.0246971 -5.91057e-05 -0.0310121 0.0529185 -0.00124193 -0.0431507 0.0536872 0.0506206 0.0654027 -0.0436401 -0.0153126 0.0463387 0.0251778
internal_weight=85609.1 59160.7 39947 33732.1 26448.5 18745.9 16452.2 6214.94 14986.2 7882.82 19213.6 15212.7 6787.46 5425.63 10344.4 17906.1 1307.49 3707.53 592.259 3533.21 8569.36 1095.36 5668.68 8384.21 6086.89 9996.3 4641.78 789.311 3079.93 2751.44
internal_count=230780 160034 107760 91094 70746 50544 44042 16666 40550 21130 52274 40977 18181 14535 27945 48733 3541 9942 1597 9567 22912 2949 15401 22417 16278 26704 12605 2131 8239 7379
is_linear=0
shrinkage=0.05


Tree=4
num_leaves=31
num_cat=0
split_feature=2 2 0 2 8 2 0 0 8 8 8 0 8 8 0 8 8 8 0 8 0 8 8 8 0 2 5 2 8 5
split_gain=5572.57 5035.84 5871.23 1127.53 912.357 899.527 774.209 609.948 494.002 244.427 150.411 136.781 134.717 104.44 95.7583 90.9663 88.7277 88.4986 88.0875 80.9092 73.1619 67.4384 67.325 50.8427 40.8751 39.8284 38.5917 37.8402 38.9696 37.2617
threshold=1.0000000180025095e-35 -1.0000000180025095e-35 62.500000000000007 -1.4999999999999998 139.82307434082034 1.5000000000000002 39.500000000000007 80.500000000000014 -1.0000000180025095e-35 -123.1350631713867 -165.65875244140622 77.500000000000014 -130.9697570800781 247.85845947265628 48.500000000000007 30.79506874084473 269.34574890136724 -216.81816101074216 70.500000000000014 -0.54526796936988819 51.500000000000007 -25.19881439208984 148.38324737548831 303.84550476074224 78.500000000000014 2.5000000000000004 3.5000000000000004 -2.4999999999999996 -1.0000000180025095e-35 -1.4999999999999998
decision_type=2 2 2 2 2 2 2 2 2 2 2 2 2 2 2 2 2 2 2 2 2 2 2 2 2 2 2 2 2 2
left_child=1 3 4 27 6 8 12 18 10 26 17 15 -3 22 21 -11 24 -2 -4 25 -8 -12 -6 -15 -10 -7 -5 -1 -29 -16
right_child=5 2 7 9 13 19 20 -9 16 11 14 -13 -14 23 29 -17 -18 -19 -20 -21 -22 -23 -24 -25 -26 -27 -28 28 -30 -31
leaf_value=-0.042633374842010484 0.010030343342066777 -0.00077885912065981744 0.04869869479045387 -0.021153373271083097 -0.032936821597138732 -0.022086486097060577 0.026313219846491827 0.094210750287092471 -0.018037333033534421 -0.0013032285081305117 -0.0035526798049556763 -0.016295026751979576 0.011476531148094672 -0.036831422076664747 -0.001961151683075129 0.012644855578647505 -0.033938221350942509 0.051498630688790847 0.065217153073631615 -0.040325263822326325 0.038442851308753835 0.018716658370981847 -0.00033909417293787969 -0.017275172478510206 -0.030180158865665316 -0.041140887465660574 0.001571993917945636 -0.036017911751846814 -0.022469044682774546 -0.017129801039579919
leaf_weight=1493.9789438247681 635.27336823940277 2712.8251660168171 1622.2260550260544 2146.3921467065811 176.86930283904076 1124.3976668417454 2912.6967044472694 1723.8777499198914 5022.926716029644 4236.7458682358265 1009.5215283036232 1148.5553362369537 12908.967527240515 480.05232536792755 570.17308962345123 1608.9343201518059 1374.3999959826469 157.57459276914597 1854.2817406356335 5332.082616686821 2266.5103314518929 506.64896392822266 1228.0195046365261 1125.0363478660583 816.69354403018951 374.82064920663834 203.8510248363018 2120.0857492387295 754.35138273239136 1403.4468104243279
leaf_count=5790 2376 10227 5893 8219 680 4347 10762 6082 19303 15976 3831 4381 48291 1865 2179 5999 5356 573 6654 20891 8337 1899 4642 4327 3162 1466 768 8216 2925 5363
internal_value=9.56161e-06 0.0099034 0.0217041 -0.0150612 0.0111855 -0.0230504 0.0149086 0.0698084 -0.0145015 -0.00525143 -0.00104668 -0.000559663 0.00934874 -0.0145258 -0.00551745 0.00254329 -0.0224828 0.018543 0.0575902 -0.0374164 0.0316533 0.00392598 -0.00454526 -0.0232203 -0.0197599 -0.0269712 -0.0191831 -0.0360152 -0.0325074 -0.0127637
internal_weight=61052.2 42724.3 29011.4 13712.9 23811 18328 20801 5200.39 11496.7 9344.48 4282.64 6994.24 15621.8 3009.98 3489.79 5845.68 7214.02 792.848 3476.51 6831.3 5179.21 1516.17 1404.89 1605.09 5839.62 1499.22 2350.24 4368.42 2874.44 1973.62
internal_count=230780 160034 107760 52274 89131 70746 77617 18629 44042 35343 16221 26356 58518 11514 13272 21975 27821 2949 12547 26704 19099 5730 5322 6192 22465 5813 8987 16931 11141 7542
is_linear=0
shrinkage=0.05


Tree=5
num_leaves=31
num_cat=0
split_feature=6 8 4 4 8 8 8 8 4 6 4 4 8 8 6 3 8 6 8 4 4 8 8 6 7 8 8 4 0 4
split_gain=16271.5 5350.19 3417.27 2557.09 1671.23 1197.05 756.249 711.145 477.646 437.359 299.619 272.728 270.988 256.698 237.824 226.502 191.269 184.443 169.981 162.669 147.665 124.43 110.702 105.196 102.933 93.454 87.3059 72.2733 68.7594 68.2973
threshold=-1.0000000180025095e-35 19.12481784820557 -0.56362915039062489 0.16511264443397525 19.12481784820557 -155.41359710693357 -155.41359710693357 42.778856277465827 0.75114825367927562 2.5000000000000004 -1.1796581745147703 -0.61825299263000477 167.39929962158206 -245.087776184082 1.0000000180025095e-35 1.0000000180025095e-35 75.15427398681642 -1.4999999999999998 -19.300438880920407 0.3553887158632279 0.29989066720008856 1.0000000180025095e-35 -230.11035156249997 1.0000000180025095e-35 0.15449524670839312 48.307966232299812 -328.50596618652338 -0.1692661568522453 37.500000000000007 0.092304568737745299
decision_type=2 2 2 2 2 2 2 2 2 2 2 2 2 2 2 2 2 2 2 2 2 2 2 2 2 2 2 2 2 2
left_child=2 3 7 5 6 23 19 10 13 12 21 -7 20 -5 -15 16 25 24 -13 26 -3 -1 -12 -2 -8 -6 -4 -18 -25 -19
right_child=1 9 4 8 15 11 17 -9 -10 -11 22 18 -14 14 -16 -17 27 29 -20 -21 -22 -23 -24 28 -26 -27 -28 -29 -30 -31
leaf_value=0.0774063721291635 0.045209228213771741 -0.020081106854876199 0.044815894781028619 0.019755104058853681 -0.006736043201600774 0.029294562443250766 0.026921121040942603 0.0086005610780308852 -0.032611744597660516 -0.042946229341051995 0.068493098343691855 0.0085467898238044595 -0.037970190290565642 0.0019956469651441159 -0.01943150432042004 0.04376486689147413 -0.0049087678151646767 0.019553270726998435 -0.0035844405368008906 0.0044217061722316396 -0.032171746056006929 0.04532743051828371 0.049983499713732511 0.039251240516893049 0.048914107664027248 0.015457487207802115 0.064526766265711855 -0.026687682504959755 0.014807604855192419 0.0055717905187472648
leaf_weight=3145.1497010588646 2186.6451813578606 7645.7137522995472 1016.6087007820606 609.27356144785881 1361.3381019532681 1064.4159290194511 2689.0018519461155 649.35530844330788 4025.2946560382843 7574.7332938015461 1119.0481007099152 6202.0656941533089 5137.3736913204193 1733.3634185791016 5105.3648355007172 204.63042095303535 524.04749661684036 3365.3126940727234 5395.37962859869 160.1077578663826 3809.0524554252625 362.33929091691971 3500.8476246297359 548.30032855272293 673.80507811903954 721.59115734696388 1465.876086384058 1415.6739740073681 620.10075232386589 1185.8264037668705
leaf_count=9267 6533 23705 3028 1849 4176 3225 8109 1969 12567 23835 3307 18946 16113 5318 15808 619 1609 10209 16540 487 11907 1076 10454 1642 2007 2205 4365 4400 1874 3631
internal_value=-0.000112309 -0.0158176 0.0343181 -0.000729402 0.0196351 0.0121757 0.0302692 0.0590252 -0.0187426 -0.0329771 0.0630462 0.00513318 -0.0284143 -0.0112301 -0.014003 -0.00692522 -0.00955493 0.0225111 0.00290397 0.0534165 -0.0241139 0.0741617 0.0545362 0.0387068 0.0313939 0.000971087 0.0565612 -0.0208315 0.0263967 0.0159204
internal_weight=75217.6 51657.1 23560.6 27490.2 14783.8 16016.9 10556.5 8776.74 11473.3 24166.9 8127.38 12661.9 16592.1 7448 6838.73 4227.28 4022.65 7913.95 11597.4 2642.59 11454.8 3507.49 4619.9 3355.05 3362.81 2082.93 2482.48 1939.72 1168.4 4551.14
internal_count=230780 159862 70918 84302 44845 48760 31836 26073 35542 75560 24104 38711 51725 22975 21126 13009 12390 23956 35486 7880 35612 10343 13761 10049 10116 6381 7393 6009 3516 13840
is_linear=0
shrinkage=0.05


Tree=6
num_leaves=31
num_cat=0
split_feature=2 2 8 8 2 0 8 0 7 8 8 0 8 0 8 0 7 8 0 3 0 5 8 8 8 8 8 4 4 0
split_gain=35403.8 7722.88 3856.16 1698.38 1234.69 1114.44 773.714 611.418 511.071 424.847 385.028 279.228 217.459 216.271 215.874 194.705 150.01 138.967 132.018 81.7438 77.6617 77.1207 73.5925 67.7627 88.512 66.5367 55.0085 52.0102 49.5261 45.8638
threshold=1.0000000180025095e-35 -1.0000000180025095e-35 107.69263076782228 -66.618366241455064 1.5000000000000002 56.500000000000007 16.161653518676761 64.500000000000014 -0.0036968702916055913 -165.65875244140622 167.39929962158206 63.500000000000007 -170.74105834960935 41.500000000000007 201.82788085937503 40.500000000000007 -0.10800696909427641 -130.9697570800781 76.500000000000014 1.0000000180025095e-35 63.500000000000007 -1.0000000180025095e-35 130.77565765380862 235.95204162597659 29.880530357360843 -9.2462801933288556 -361.24395751953119 0.28522720932960516 0.27217531204223638 50.500000000000007
decision_type=2 2 2 2 2 2 2 2 2 2 2 2 2 2 2 2 2 2 2 2 2 2 2 2 2 2 2 2 2 2
left_child=1 10 3 12 6 8 9 14 -5 20 13 16 27 21 22 -12 -11 -14 -7 23 26 -1 -4 24 -8 29 -2 -3 -16 -6
right_child=4 2 7 5 25 18 19 -9 -10 11 15 -13 17 -15 28 -17 -18 -19 -20 -21 -22 -23 -24 -25 -26 -27 -28 -29 -30 -31
leaf_value=-0.045363139591746593 -0.032251371871248838 -0.043466844386521944 0.032578047013279043 -0.01298185388824797 0.03685611208039382 -0.022490565963352367 0.061802952939939364 -0.015882709156359403 0.0038804219584221492 0.013810453263643755 0.018438235402387895 0.046505312560880009 -0.01123676952815642 -0.052803638333163351 0.045620194413446974 -0.033854265972011542 0.032842393592306694 -0.031152395016480122 -0.038568310822904024 0.017096888863751547 0.019158825623379658 -0.032885627091119557 0.014498956794683016 0.058393614764734647 0.04512656337581894 0.063997341058552967 -0.001486860375219894 -0.025386941025191834 0.031258086292158357 0.057122440829815595
leaf_weight=3560.0161083936691 190.0921568274498 4111.5273774564266 916.09212359786034 7533.5097431540489 394.6296172440052 3475.7032714188099 997.08739191293716 729.55011665821075 11120.690471380949 1721.9341875314713 303.78758326172829 2451.1986333727837 1162.7380723953247 12767.58003231883 2190.3018125593662 416.71917867660522 2636.3852694928646 3644.4280560910702 2050.883285343647 190.29923737049103 342.86477544903755 2021.382696390152 1489.7154767811298 2279.5502808690071 5072.7529262006283 8113.8945190012455 571.40176513791084 468.03153571486473 902.17301139235497 1441.2460008263588
leaf_count=9773 516 11306 2450 20363 1053 9458 2659 1978 29944 4613 815 6542 3159 35161 5846 1133 7048 9916 5616 508 921 5519 3986 6079 13532 21641 1544 1276 2408 3844
internal_value=-4.44878e-05 -0.0216219 -0.0090828 -0.0157873 0.0480563 -0.00877649 0.0396242 0.0270373 -0.00293107 0.0283299 -0.0477801 0.0329921 -0.0338331 -0.0491881 0.0327415 -0.011831 0.0253475 -0.026352 -0.0284864 0.050068 -0.000436593 -0.0408777 0.0214365 0.0508088 0.0479146 0.0619733 -0.00932691 -0.0416488 0.0414875 0.052878
internal_weight=85268.2 58864.8 39795.3 33567.5 26403.3 24180.8 16453.6 6227.83 18654.2 7913.88 19069.5 6809.52 9386.73 18349 5498.28 720.507 4358.32 4807.17 5526.59 8539.69 1104.36 5581.4 2405.81 8349.39 6069.84 9949.77 761.494 4579.56 3092.47 1835.88
internal_count=230607 160107 107706 91038 70500 65381 43962 16668 50307 21184 52401 18203 25657 50453 14690 1948 11661 13075 15074 22778 2981 15292 6436 22270 16191 26538 2060 12582 8254 4897
is_linear=0
shrinkage=0.05


Tree=7
num_leaves=31
num_cat=0
split_feature=2 2 0 2 2 0 8 8 0 8 0 8 8 8 8 8 8 0 8 8 0 0 4 8 0 2 0 8 8 0
split_gain=4939.6 4690.61 5131.67 1081.36 872.524 836.148 700.471 469.634 415.622 221.464 119.258 118.265 116.677 95.0887 91.3253 88.8467 85.4362 81.1255 79.8048 79.069 75.7034 73.2605 72.5243 56.3627 47.5291 43.4363 40.3644 39.3967 37.6058 35.4985
threshold=1.0000000180025095e-35 -1.0000000180025095e-35 55.500000000000007 -1.4999999999999998 1.5000000000000002 76.500000000000014 139.82307434082034 -1.0000000180025095e-35 38.500000000000007 -123.1350631713867 77.500000000000014 -165.65875244140622 130.77565765380862 247.85845947265628 201.82788085937503 -0.54526796936988819 269.34574890136724 83.500000000000014 -216.81816101074216 32.945169448852546 41.500000000000007 66.500000000000014 0.29231067001819616 -25.19881439208984 78.500000000000014 2.5000000000000004 57.500000000000007 -46.97898864746093 303.84550476074224 44.500000000000007
decision_type=2 2 2 2 2 2 2 2 2 2 2 2 2 2 2 2 2 2 2 2 2 2 2 2 2 2 2 2 2 2
left_child=1 3 6 26 7 14 8 11 12 -5 19 18 -3 22 21 25 24 -7 -2 -11 23 -4 -8 -13 -9 -6 -1 -22 -15 -10
right_child=4 2 5 9 15 17 13 16 29 10 -12 20 -14 28 -16 -17 -18 -19 -20 -21 27 -23 -24 -25 -26 -27 -28 -29 -30 -31
leaf_value=-0.028877815183263239 0.0085946245847843706 0.0079429979400625576 0.0399847221032327 -0.018776543208539345 -0.020391667631558114 0.070874377164129157 -0.011707721032789047 -0.017042351110625582 0.020124969108215759 -0.0015863962721895425 -0.015650051445617222 -0.0022004687412072537 0.055185991805888734 -0.035118567160821831 0.014401274623196059 -0.039757291730745964 -0.033124530792812946 0.089918876703779502 0.047535702183984813 0.011528521399263605 -0.017456165499618401 0.053623464101975583 0.014674225632900632 0.020508241739973412 -0.030250577876426689 -0.040622587340650801 -0.039284553332026184 -0.0040774154592953735 -0.017724800619125836 0.029850429488333774
leaf_weight=1530.1396554261446 643.43642419576645 15294.016972631216 2291.3381873965263 2327.5856395065784 1089.1717464625835 1313.6838728189468 964.25445258617401 4897.3682169914246 1562.8667586147785 4372.0466206669807 1158.3140345811844 810.45982295274734 126.97705420851707 451.62509253621101 244.1038624048233 5087.5065154731274 1312.7497099488974 1269.4967713952065 161.49263289570808 1553.6250812709332 990.08865603804588 1902.5338897705078 351.53511270880699 406.5833121240139 799.8555638641119 359.2046986669302 2785.43515214324 1240.104747325182 1058.7097580432892 2570.0936000347137
leaf_count=6031 2408 56875 8161 8971 4337 4470 3672 19215 5705 16335 4400 3102 474 1807 895 20741 5286 4230 573 5682 3857 6614 1334 1519 3189 1460 10982 4813 4146 9323
internal_value=5.93118e-05 0.00920502 0.020471 -0.0149235 -0.022099 0.0577494 0.00876559 -0.0136555 0.0121287 -0.00541374 -0.00101298 -0.000543407 0.00834976 -0.014484 0.0444959 -0.0366267 -0.0216031 0.0803894 0.0166526 0.00185897 -0.00457697 0.0462284 -0.00463048 0.00543881 -0.0189216 -0.0255315 -0.0356324 -0.0100426 -0.0230247 0.0262015
internal_weight=60926.4 43128.4 29401.2 13727.1 17798 7021.16 22380.1 11262.1 19554 9411.57 7083.99 4252.17 15421 2826.12 4437.98 6535.88 7009.97 2583.18 804.929 5925.67 3447.24 4193.87 1315.79 1217.04 5697.22 1448.38 4315.57 2230.19 1510.33 4132.96
internal_count=230607 160107 107706 52401 70500 24370 83336 43962 72377 35388 26417 16272 57349 10959 15670 26538 27690 8700 2981 22017 13291 14775 5006 4621 22404 5797 17013 8670 5953 15028
is_linear=0
shrinkage=0.05


Tree=8
num_leaves=31
num_cat=0
split_feature=2 2 8 2 8 8 7 0 0 0 8 0 7 0 4 8 8 0 5 4 5 0 0 8 8 8 4 0 8 8
split_gain=36313.2 5881.52 3433.18 1642.29 1499.6 635.942 547.367 439.981 413.599 332.549 292.16 212.816 277.162 165.78 158.972 156.835 140.896 136.704 128.385 123.572 123.121 104.316 90.3683 71.7092 71.0771 62.9553 46.7476 38.0923 31.6904 31.9547
threshold=-1.0000000180025095e-35 1.0000000180025095e-35 19.12481784820557 -1.4999999999999998 -155.41359710693357 35.245143890380866 0.011554018594324591 44.500000000000007 63.500000000000007 37.500000000000007 -310.69364929199213 72.500000000000014 0.031889496371150024 47.500000000000007 0.22598905861377719 75.15427398681642 37.442897796630866 70.500000000000014 1.0000000180025095e-35 0.13766863197088244 3.5000000000000004 63.500000000000007 41.500000000000007 -155.41359710693357 96.730762481689467 24.120081901550297 0.29989066720008856 46.500000000000007 184.21182250976565 139.82307434082034
decision_type=2 2 2 2 2 2 2 2 2 2 2 2 2 2 2 2 2 2 2 2 2 2 2 2 2 2 2 2 2 2
left_child=3 2 4 -1 7 11 9 14 22 -6 21 12 23 16 -2 20 19 -8 -9 -12 25 -3 24 -5 -7 -4 -24 -14 29 -17
right_child=1 10 15 5 6 8 17 18 -10 -11 13 -13 27 -15 -16 28 -18 -19 -20 -21 -22 -23 26 -25 -26 -27 -28 -29 -30 -31
leaf_value=0.083176618565084667 0.043698388761999739 0.012726456986904295 -0.033134703044596113 0.06840621649872676 0.014032276822853655 0.014608803957183192 -0.0091322587849045622 0.017322081918207038 0.056501388821104573 -0.0046824660627953511 -0.015582382657005553 0.070247648190612577 0.03509570918057827 -0.044142953213516731 0.0027143224948822896 -0.031393469334307374 -0.041819715102714067 -0.029531235228614013 -0.01539173670709193 -0.034445007360089978 -0.035005067613061394 -0.033680054060777904 0.033756850860118849 0.054985445683443962 -0.014319388800336076 -0.015116920253509783 0.0020558551106939476 0.046723973277537724 -0.03586645871947506 -0.020527815229534813
leaf_weight=5979.2427528202534 3011.7938517034054 349.71115845441818 549.7583769261837 1779.422850728035 5722.0543098449707 423.2030631005764 6491.1198137104511 895.95640960335732 756.38747748732567 4050.6248293220997 1310.8690831363201 2228.4319000840187 1617.3478100001812 13663.994872570038 257.48965755105019 3152.8194975554943 3790.9264857769012 937.33561360836029 444.99610635638237 2646.6960704922676 1239.8308762609959 178.92092517018318 446.27657446265221 2835.2386273145676 416.2067911028862 4148.3042328953743 157.57726740837097 1443.593164563179 3150.182824075222 914.5521232187748
leaf_count=17013 8781 1056 1720 5107 17388 1268 19907 2666 2231 12396 4091 6429 4752 44079 775 9977 12274 2920 1360 8442 3916 558 1331 8282 1296 12906 477 4215 10097 2897
internal_value=2.39568e-06 -0.0196112 -0.00687629 0.0617159 0.00529155 0.0510843 -0.00149826 0.030599 0.0266761 0.00627688 -0.0399003 0.0564891 0.0524515 -0.0408067 0.0404795 -0.0270446 -0.0348987 -0.0117244 0.00644913 -0.0282247 -0.0209902 -0.00314871 0.0109041 0.060229 0.000265405 -0.0172583 0.0255692 0.0406471 -0.0320076 -0.0289785
internal_weight=74990.9 56907.9 34966.8 18082.9 21811.4 12103.7 17201.1 4610.24 2199.65 9772.68 21941.1 9904.03 7675.6 21412.5 3269.28 13155.4 7748.49 7428.46 1340.95 3957.57 5937.89 528.632 1443.26 4614.66 839.41 4698.06 603.854 3060.94 7217.55 4067.37
internal_count=230607 178206 107706 52401 66193 35388 52611 13582 6603 29784 70500 28785 22356 68886 9556 41513 24807 22827 4026 12533 18542 1614 4372 13389 2564 14626 1808 8967 22971 12874
is_linear=0
shrinkage=0.05


Tree=9
num_leaves=31
num_cat=0
split_feature=2 2 8 8 2 1 8 1 8 8 8 7 1 8 1 1 1 5 4 8 5 3 8 8 1 8 1 4 8 8
split_gain=31900.5 7025.01 3519.45 1537.38 1117.67 879.504 707.905 499.981 408.621 388.233 386.179 263.438 258.149 189.471 186.689 181.642 169.728 135.138 99.3667 90.5418 70.006 66.2005 65.7439 72.8054 64.2865 58.198 56.2703 51.9248 50.0011 49.5792
threshold=1.0000000180025095e-35 -1.0000000180025095e-35 107.69263076782228 -25.19881439208984 1.5000000000000002 33.500000000000007 16.161653518676761 26.500000000000004 -170.74105834960935 96.730762481689467 -165.65875244140622 -0.11375826224684714 37.500000000000007 222.81492614746097 26.500000000000004 49.500000000000007 50.500000000000007 -1.0000000180025095e-35 0.17679409682750705 179.729362487793 -1.4999999999999998 1.0000000180025095e-35 235.95204162597659 28.580967903137211 25.500000000000004 -9.2462801933288556 14.500000000000002 -0.1120820641517639 184.21182250976565 -361.24395751953119
decision_type=2 2 2 2 2 2 2 2 2 2 2 2 2 2 2 2 2 2 2 2 2 2 2 2 2 2 2 2 2 2
left_child=1 9 3 8 6 17 10 28 27 15 24 -7 26 -9 -10 -1 -11 -5 -14 -18 -17 22 23 -8 -2 -6 -12 -3 -4 -26
right_child=4 2 7 5 25 11 21 13 14 16 12 -13 18 -15 -16 20 19 -19 -20 -21 -22 -23 -24 -25 29 -27 -28 -29 -30 -31
leaf_value=-0.051071062986004535 0.01810725511519581 -0.046527044716470532 -0.025240994156219637 -0.037855012255511446 0.050240101598035748 -0.0129044537871185 0.058919006660745205 0.021906081785714258 -0.03613938501668508 -0.03318782924573814 0.048737854394891575 0.0037254480788293728 0.010895913046054166 0.04061305142909559 -0.018511388300921569 -0.045991044024195321 -0.021160948593126047 -0.019027829374872619 0.028416992939557503 0.022221428956182065 -0.034007102908649847 0.016987248323016641 0.055626651406963157 0.042969751351071332 -0.029476966517159878 0.060686152567297313 0.03537266290133028 -0.035244841296186026 0.00045570357863715513 -0.00088547310301257092
leaf_weight=12442.648041129112 322.50957414507866 1783.1484920680523 372.78730997443199 1489.7525468766689 1823.2212659716606 3004.2679479718208 879.94259467720985 2801.0827241241932 1833.3033851981163 822.92255914211273 1387.8181564211845 11409.604901194572 1375.169283747673 2661.7194703519344 8434.2885426580906 2417.4207419753075 202.39219105243683 2697.8162721395493 1994.718890607357 281.55172255635262 2680.2711768746376 180.72446468472481 2282.1546000242233 5177.9691346585751 198.87497600913048 8097.6199084222317 2073.9748870432377 2733.6966922283173 379.09178999066353 592.88559263944626
leaf_count=34888 864 4984 1016 4117 4868 8141 2351 7481 5069 2268 3702 30708 3678 7100 22940 6748 551 7382 5325 754 7407 482 6102 13815 543 21687 5532 7589 1029 1602
internal_value=-0.000103158 -0.0207044 -0.00874342 -0.0151748 0.0455233 -0.00560672 0.0375133 0.0257912 -0.0272073 -0.045827 0.0267487 0.000256023 0.0311973 0.0310498 -0.021675 -0.0477872 -0.0194364 -0.0257629 0.0212938 0.00404744 -0.0397296 0.0475302 0.0481815 0.0453331 -0.000543862 0.0587927 0.0407933 -0.0397453 -0.0123675 -0.00820702
internal_weight=84835.3 58447.8 39600.6 33385.9 26387.6 18601.4 16466.7 6214.68 14784.4 18847.2 7945.95 14413.9 6831.68 5462.8 10267.6 17540.3 1306.87 4187.57 3369.89 483.944 5097.69 8520.79 8340.07 6057.91 1114.27 9920.84 3461.79 4516.85 751.879 791.761
internal_count=230723 160172 107556 90930 70551 50348 43996 16626 40582 52616 21246 38849 18237 14581 28009 49043 3573 11499 9003 1305 14155 22750 22268 16166 3009 26555 9234 12573 2045 2145
is_linear=0
shrinkage=0.05


Tree=10
num_leaves=31
num_cat=0
split_feature=2 2 0 2 2 8 0 8 0 8 0 8 8 0 8 8 8 8 8 0 0 8 8 8 8 0 5 8 2 8
split_gain=4497.82 4318.06 4348.6 1032.43 828.742 670.575 604.936 447.991 433.997 203.74 116.397 114.291 102.792 97.2315 87.8529 85.8574 82.7439 78.4898 75.3688 71.1759 67.9708 64.3463 60.0997 57.5526 46.3625 45.0908 41.581 49.4675 40.2194 38.931
threshold=1.0000000180025095e-35 -1.0000000180025095e-35 57.500000000000007 -1.4999999999999998 1.5000000000000002 139.82307434082034 74.500000000000014 -1.0000000180025095e-35 34.500000000000007 -123.1350631713867 79.500000000000014 -165.65875244140622 130.77565765380862 82.500000000000014 269.34574890136724 247.85845947265628 -0.54526796936988819 -60.695699691772454 184.21182250976565 46.500000000000007 46.500000000000007 148.38324737548831 -216.81816101074216 -22.204532623291012 18.190244674682621 78.500000000000014 2.5000000000000004 -216.81816101074216 2.5000000000000004 303.84550476074224
decision_type=2 2 2 2 2 2 2 2 2 2 2 2 2 2 2 2 2 2 2 2 2 2 2 2 2 2 2 2 2 2
left_child=1 3 5 -1 7 8 18 11 12 26 17 22 -3 -8 25 21 28 -11 24 23 -10 -7 -2 -13 -4 -9 -5 -28 -6 -17
right_child=4 2 6 9 16 15 13 14 20 10 -12 19 -14 -15 -16 29 -18 -19 -20 -21 -22 -23 -24 -25 -26 -27 27 -29 -30 -31
leaf_value=-0.035123432116128575 0.0092582461716928244 0.0070900751558204272 0.038499091821290972 -0.0207763582910023 -0.020028591321981197 -0.032329782839799127 0.061687514950680901 -0.01650681377633419 0.018843871899443976 0.014630748715533269 -0.017231516918840905 -0.0025276769837524939 0.052335083499931295 0.080335912740050405 -0.032929532061442418 -0.034583681196111958 -0.038986447662131225 -0.0010403624387522448 0.013329170187768745 -0.010567390170281396 0.029883377039087285 -0.00046506078894257012 0.042600037001378495 0.019253014996379252 0.051353191585016611 -0.029498591815004957 0.016922836886560478 -0.02388214591461571 -0.039897407361525479 -0.016723728441437626
leaf_weight=4238.1944230794907 655.98609864711761 14283.674308151007 2370.6014012098312 2027.631639778614 1058.8644514232874 178.11789494752884 1578.7846246659756 4795.6435804516077 3195.2056160271168 940.33743220567703 968.46579879522324 1007.2275313735008 121.78463563323021 1497.7348656952381 1280.262363910675 443.97528430819511 4901.0435877889395 5158.7026111781597 239.86995485424995 1993.438471108675 2539.459843814373 1176.3786527514458 166.76097732782364 428.3901455104351 1104.8963877260685 784.28758101165295 167.85826098918915 125.23424187302589 343.66802702844143 1026.6606576442719
leaf_count=17207 2434 52773 8102 7954 4315 702 5179 19147 11580 3528 3721 3866 441 4760 5326 1827 20790 19091 861 7848 9009 4477 575 1591 3754 3209 641 474 1450 4091
internal_value=3.57999e-05 0.00865228 0.0193258 -0.0146549 -0.0214249 0.00892608 0.0544576 -0.0132001 0.0121262 -0.00540082 -0.00117574 -0.000445452 0.00749061 0.0708817 -0.0210991 -0.0138686 -0.0359016 0.00138578 0.0407807 -0.00446492 0.0237542 -0.0047588 0.0162327 0.00401597 0.0426534 -0.0183576 -0.0182376 -0.000620683 -0.0250216 -0.0222144
internal_weight=60799.1 43383.6 29757.1 13626.4 17415.6 22965.3 6791.89 11112 20140.1 9388.23 7067.51 4251.8 14405.5 3076.52 6860.19 2825.13 6303.58 6099.04 3715.37 3429.06 5734.67 1354.5 822.747 1435.62 3475.5 5579.93 2320.72 293.093 1402.53 1470.64
internal_count=230723 160172 107556 52616 70551 84900 22656 43996 73803 35409 26340 16314 53214 9939 27682 11097 26555 22619 12717 13305 20589 5179 3009 5457 11856 22356 9069 1115 5765 5918
is_linear=0
shrinkage=0.05


Tree=11
num_leaves=31
num_cat=0
split_feature=6 8 8 4 4 8 4 4 8 6 8 8 8 4 6 4 8 4 8 4 6 3 7 8 8 6 8 4 0 6
split_gain=13039.6 4606.05 2604.39 2059.7 1589.36 923.645 452.675 412.69 373.668 371.355 299.415 236.202 218.221 216.675 188.838 188.22 151.44 123.148 116.529 109.595 102.388 96.2471 100.107 82.5554 133.295 79.0736 78.091 71.7569 64.9309 55.3134
threshold=-1.0000000180025095e-35 19.12481784820557 19.12481784820557 0.16038698703050616 -0.31870716810226435 -155.41359710693357 0.75114825367927562 0.60499006509780895 -144.44563293457028 -2.4999999999999996 77.415805816650405 -245.087776184082 167.39929962158206 -0.61825299263000477 1.0000000180025095e-35 -0.69121664762496937 -144.44563293457028 0.3553887158632279 -19.300438880920407 -0.93012794852256764 2.5000000000000004 1.0000000180025095e-35 0.064962290227413191 -38.559890747070305 -24.00040245056152 -2.4999999999999996 -117.65232849121092 -0.22997905313968656 35.500000000000007 1.0000000180025095e-35
decision_type=2 2 2 2 2 2 2 2 2 2 2 2 2 2 2 2 2 2 2 2 2 2 2 2 2 2 2 2 2 2
left_child=2 3 4 5 9 28 11 12 17 19 15 -5 20 -7 -13 -4 -11 -6 -15 -1 27 22 -17 -10 -25 -12 -18 -3 -2 -30
right_child=1 7 10 6 8 13 -8 -9 23 16 25 14 -14 18 -16 21 26 -19 -20 -21 -22 -23 -24 24 -26 -27 -28 -29 29 -31
leaf_value=0.065781437355762015 0.039074453573620896 -0.0077847516805356863 0.034051054440397716 0.019805269972287803 0.044421952557816148 0.026004842488371385 -0.030644371535868561 -0.039732097927135709 0.0091106048614433 0.052474877692926358 0.01003147180508387 0.0017968747373537507 -0.035195274638019032 0.007335661891675907 -0.01719810133109918 -0.0097131582959809962 0.0069862975439654211 0.0015634114531269422 -0.0027766871254359775 0.050753500534456257 -0.035682301309570834 0.041673704880045626 0.01134408095720346 0.038366702421961607 0.015649849983304119 -0.018252622565568751 0.036973730531267096 -0.021626232766194652 0.035565332583723172 0.014563358954619982
leaf_weight=3585.1547866761684 2197.6589316129684 1066.532201141119 609.59910845756531 621.63174605369568 1891.6142559051514 1084.981032460928 3888.6245431303978 8352.8499051332474 2519.1631455421448 2011.3835988640785 279.19500946998596 1764.0062736868858 4358.6244638264179 6173.6557335555553 5051.5390502214432 1166.3574979901314 237.45486661791801 184.26316469907761 5282.4180651009083 2018.1154068112373 1185.335715085268 145.98125836253166 1084.3111499845982 838.74703377485275 2824.991435945034 1971.0257721841335 2902.6323991119862 8129.4487282633781 606.88437557220459 667.48942419886589
leaf_count=10014 6311 3328 1780 1857 5413 3223 12639 27788 7521 5699 846 5426 14373 18733 15975 3608 694 558 16260 5759 3907 424 3283 2482 8462 6241 8430 25955 1758 1976
internal_value=8.80138e-05 -0.0144035 0.0301974 -0.00051493 0.0388074 0.0110257 -0.0168295 -0.0308422 0.0222906 0.0514748 -0.000953614 -0.00959042 -0.0257927 0.0047017 -0.0122841 0.00936467 0.041697 0.0406306 0.00267366 0.0604189 -0.02183 0.00302775 0.000434307 0.0161052 0.0208957 -0.0147288 0.0347208 -0.020026 0.0338286 0.0246649
internal_weight=74701.7 50431.7 24270 27338.9 19013.5 16013.1 11325.8 23092.8 8258.78 10754.7 5256.47 7437.18 14739.9 12541.1 6815.55 3006.25 5151.47 2075.88 11456.1 5603.27 10381.3 2396.65 2250.67 6182.9 3663.74 2250.22 3140.09 9195.98 3472.03 1274.37
internal_count=230723 159509 71214 84158 55032 48261 35897 75351 24436 30596 16182 23258 47563 38216 21401 9095 14823 5971 34993 15773 33190 7315 6891 18465 10944 7087 9124 29283 10045 3734
is_linear=0
shrinkage=0.05


Tree=12
num_leaves=31
num_cat=0
split_feature=2 2 8 8 2 0 8 0 7 8 8 0 0 8 0 8 5 8 7 8 2 3 0 7 8 8 8 8 8 5
split_gain=29119.7 6648.55 3180.04 1427.89 1010.63 845.456 626.712 456.896 392.1 341.35 331.947 239.33 199.908 184.898 180.479 171.001 151.69 142.868 135.374 75.4926 69.3073 62.9349 60.8694 57.0992 54.2869 73.1368 54.1136 50.7092 48.148 43.1003
threshold=1.0000000180025095e-35 -1.0000000180025095e-35 107.69263076782228 -66.618366241455064 1.5000000000000002 51.500000000000007 16.161653518676761 63.500000000000007 -1.0000000180025095e-35 95.022144317626967 -165.65875244140622 67.500000000000014 41.500000000000007 222.81492614746097 46.500000000000007 -170.74105834960935 1.0000000180025095e-35 -130.9697570800781 -0.11375826224684714 191.76314544677737 -1.4999999999999998 1.0000000180025095e-35 77.500000000000014 0.059720875695347793 269.34574890136724 28.580967903137211 130.77565765380862 -0.54526796936988819 -361.24395751953119 -1.0000000180025095e-35
decision_type=2 2 2 2 2 2 2 2 2 2 2 2 2 2 2 2 2 2 2 2 2 2 2 2 2 2 2 2 2 2
left_child=1 9 3 15 6 8 10 13 -5 14 22 18 19 26 20 29 -7 -17 -12 -11 -1 24 28 -22 25 -8 -4 -6 -2 -3
right_child=4 2 7 5 27 16 21 -9 -10 12 11 -13 -14 -15 -16 17 -18 -19 -20 -21 23 -23 -24 -25 -26 -27 -28 -29 -30 -31
leaf_value=-0.050810254383434929 -0.023973612397018011 -0.043187080233198553 0.030625557946081711 -0.011181899146713989 0.049126941979693167 -0.032241926813497919 0.057154757072742007 -0.012389723234880705 0.0039707360517713692 -0.014981769852364143 0.012962372366015051 0.044054349834124332 -0.035700308799412793 0.038956004701019363 -0.050383235198620584 -0.008904015104955405 -0.016721977770335864 -0.029249162773779869 0.030415343951722823 0.022156064302766024 -0.040885544032217273 0.015195940223627986 0.028904700979339799 -0.029497541727105392 0.053624004434824325 0.041462118249126545 0.015576428041142724 0.058277371855280848 0.0020429607274428606 -0.033042605487466119
leaf_weight=1161.0474494099617 231.16242548823357 2200.657381683588 892.1657697558403 7226.4324152469635 2181.5596415400505 2759.2095185518265 904.86235669255257 730.05763450264931 10418.488596469164 272.55305007100105 1825.3258667588234 2090.7374948859215 829.7520235478878 2702.9239447116852 10852.783320248127 1139.284138739109 3714.3821861445904 3625.7786204814911 2882.5590310692787 265.06926387548447 3341.6102531552315 175.03842040896416 155.36269506812096 1755.0509941875935 1934.0481830835342 5521.8069444000721 1867.8957285284996 7698.3053752183914 717.37235128879547 2259.9217936694622
leaf_count=3307 633 6262 2380 19614 5849 7696 2430 1993 28043 743 4877 5585 2297 7225 30925 3130 10211 9994 7692 709 9413 467 416 4894 5208 14774 4985 20801 1940 6351
internal_value=1.52726e-05 -0.0197735 -0.00819985 -0.0143114 0.0436326 -0.00790893 0.0360146 0.0246904 -0.0022364 -0.0445287 0.0258396 0.0299661 -0.0203847 0.0296524 -0.0464516 -0.0310358 -0.0233568 -0.0243993 0.0236695 0.0033641 -0.0395983 0.0454142 0.00040522 -0.0369968 0.0460374 0.0437143 0.0204875 0.0562827 -0.00438986 -0.0380902
internal_weight=84333.2 58015.1 39537.2 33344.2 26318.1 24118.5 16438.3 6193.04 17644.9 18477.9 7902.52 6798.62 1367.37 5462.99 17110.5 9225.64 6473.59 4765.06 4707.88 537.622 6257.71 8535.76 1103.9 5096.66 8360.72 6426.67 2760.06 9879.87 948.535 4460.58
internal_count=230844 160172 107884 91301 70672 65564 44022 16583 47657 52288 21143 18154 3749 14590 48539 25737 17907 13124 12569 1452 17614 22879 2989 14307 22412 17204 7365 26650 2573 12613
is_linear=0
shrinkage=0.05


Tree=13
num_leaves=31
num_cat=0
split_feature=2 2 0 2 2 0 8 8 0 8 0 8 8 8 8 0 8 8 8 0 0 0 8 6 8 6 2 8 3 5
split_gain=4070.67 3998.86 3784.82 973.764 818.662 706.835 552.255 449.715 258.334 183.713 115.74 106.26 84.3135 83.8295 82.4815 77.6748 76.5582 75.4541 74.7209 72.2562 71.7527 69.5637 58.4902 53.5204 51.3933 42.4812 39.6671 39.2498 38.6329 37.7278
threshold=1.0000000180025095e-35 -1.0000000180025095e-35 52.500000000000007 -1.4999999999999998 1.5000000000000002 75.500000000000014 139.82307434082034 -1.0000000180025095e-35 23.500000000000004 -123.1350631713867 74.500000000000014 -165.65875244140622 201.82788085937503 269.34574890136724 -0.54526796936988819 84.500000000000014 312.58627319335943 -130.9697570800781 247.85845947265628 48.500000000000007 41.500000000000007 65.500000000000014 -216.81816101074216 2.5000000000000004 148.38324737548831 4.5000000000000009 2.5000000000000004 303.84550476074224 1.0000000180025095e-35 3.5000000000000004
decision_type=2 2 2 2 2 2 2 2 2 2 2 2 2 2 2 2 2 2 2 2 2 2 2 2 2 2 2 2 2 2
left_child=1 3 6 -1 7 12 8 11 17 29 16 22 21 25 26 -7 -11 -3 24 23 -10 -4 -2 -13 -8 -9 -6 -20 -21 -5
right_child=4 2 5 9 14 15 18 13 20 10 -12 19 -14 -15 -16 -17 -18 -19 27 28 -22 -23 -24 -25 -26 -27 -28 -29 -30 -31
leaf_value=-0.034679685171865364 0.0095706346206924087 -0.0034235435279282387 0.032552739940821848 -0.019860734136429446 -0.019403342899582503 0.059759808143136819 -0.030402482102842621 -0.016408320946895722 0.013838566077730669 0.0027088026460975992 -0.014244503159084092 0.0081895619673039832 0.0097727539941349154 -0.032209459462493893 -0.038485524005494612 0.077176864357820563 -0.030582034737107862 0.0073819936396617939 -0.034522857123320518 -0.011848443850185771 0.023794013123260307 0.044819803591364213 0.042309418379587023 -0.020061816787190569 -0.00093928934005732914 -0.032651206001215551 -0.039335176405977272 -0.016117945354251016 0.018892609027820598 0.0023467417879067818
leaf_weight=4106.4226254075766 650.31220886111259 1960.6437148749828 2918.8089195936918 2073.33446803689 1041.8510394543409 1837.3756800293922 166.05775035917759 5053.5463624894619 5435.6934898197651 5509.6247017681599 1425.19866335392 1323.1877199560404 291.6030099093914 1232.8912132382393 4699.7505429685116 1158.5268999040127 173.29234582185745 9107.3558065593243 415.98750105500221 1750.1252456754446 2740.7159125804901 2038.1641913354397 169.32609739899635 187.03228721022606 1101.0817767828703 439.38293632864952 335.75445674359798 998.36344067752361 104.12546417117119 209.53765898942947
leaf_count=17008 2415 7312 9960 8221 4372 5787 669 20696 19837 20213 5428 5052 1075 5312 20801 3543 634 33356 1764 7037 9640 6683 574 714 4205 1802 1477 4053 420 784
internal_value=0.000153213 0.00823213 0.0183515 -0.0143858 -0.0206109 0.0472209 0.00748786 -0.0124092 0.0104502 -0.00549817 -0.00153055 0.000462702 0.0360994 -0.0204111 -0.0353121 0.0666124 0.00166766 0.00546716 -0.0137523 -0.00347505 0.0171881 0.0376367 0.0165495 0.00463613 -0.00490474 -0.0177361 -0.0243859 -0.0216337 -0.010076 -0.0178217
internal_weight=60655.1 43667.8 30170.4 13497.4 16987.3 8244.48 21925.9 10909.9 19244.4 9390.99 7108.12 4184.11 5248.58 6725.82 6077.36 2995.9 5682.92 11068 2681.49 3364.47 8176.41 4956.97 819.638 1510.22 1267.14 5492.93 1377.61 1414.35 1854.25 2282.87
internal_count=230844 160172 107884 52288 70672 27048 80836 44022 70145 35280 26275 16212 17718 27810 26650 9330 20847 40668 10691 13223 29477 16643 2989 5766 4874 22498 5849 5817 7457 9005
is_linear=0
shrinkage=0.05


Tree=14
num_leaves=31
num_cat=0
split_feature=2 2 8 2 8 8 7 0 0 0 8 0 7 5 0 0 8 8 4 0 4 0 0 4 8 8 8 4 8 0
split_gain=29718.2 5215.12 2917.59 1259.45 1170.55 479.229 443.458 378.019 358.513 316.225 243.098 184.676 237.109 165.893 161.561 124.119 122.746 122.243 110.571 100.626 96.2086 94.4858 89.9679 56.3959 44.6647 43.1505 41.101 38.7832 21.8449 30.8144
threshold=-1.0000000180025095e-35 1.0000000180025095e-35 19.12481784820557 -1.4999999999999998 -144.44563293457028 35.245143890380866 0.021666238084435466 65.500000000000014 38.500000000000007 65.500000000000014 -310.69364929199213 74.500000000000014 0.031889496371150024 1.0000000180025095e-35 47.500000000000007 52.500000000000007 153.43129730224612 37.442897796630866 0.13766863197088244 60.500000000000007 0.22598905861377719 41.500000000000007 71.500000000000014 0.14314249902963641 -155.41359710693357 24.120081901550297 -17.583825111389157 0.29989066720008856 1.6444900035858157 62.500000000000007
decision_type=2 2 2 2 2 2 2 2 2 2 2 2 2 2 2 2 2 2 2 2 2 2 2 2 2 2 2 2 2 2
left_child=3 2 4 -1 8 11 9 21 20 -6 19 12 24 -10 17 -8 22 18 -12 -3 -2 23 25 -7 -5 -4 -14 -23 29 -16
right_child=1 10 16 5 6 7 15 -9 13 -11 14 -13 26 -15 28 -17 -18 -19 -20 -21 -22 27 -24 -25 -26 -27 -28 -29 -30 -31
leaf_value=0.072752762218153563 0.037763560683146354 0.012299898898245148 -0.033394777100568963 0.059523971502298503 0.0088142435348911446 0.0051385649763500702 -0.0075173551812649985 0.053895248953882258 0.017950141374355331 -0.015171971886427511 -0.014857046289384191 0.063299581426201013 0.041338415201784259 -0.015153894527989285 -0.033172463459581129 -0.022687949049652087 -0.033639197543901073 -0.039812617118979453 -0.032895617156125455 -0.032367886946404342 0.0040620553377797228 0.030768402004671593 -0.036348291415548468 -0.027226611741058584 0.049168451514056043 -0.019712771179276389 0.029795342943079391 0.0031690329551724117 -0.044073389135646589 -0.042380287113506165
leaf_weight=6234.7691079080105 3038.8740900456905 328.95549064874649 632.77703014016151 1934.6629583537579 8427.0189133584499 683.68460404872894 5214.2662782073021 718.81215301156044 1152.3037216365337 1636.8942534029484 1292.3821344673634 2054.6325943171978 1680.0655227005482 557.8469509780407 1476.3089174628258 1818.0248328149319 3520.7726283669472 3570.517073392868 2551.2127005159855 197.69601249694824 228.97952237725258 503.44600394368172 1058.5831924974918 162.30160495638847 2966.8519812524319 7498.7418020367622 1589.0254527926445 171.4449171423912 8401.3221880793571 3074.7016725540161
leaf_count=17008 8585 978 2032 5330 25436 2074 16046 2057 3351 5058 4098 5696 4741 1699 4870 5706 11800 12278 8489 626 679 1464 3434 507 8362 24058 4535 514 29003 10330
internal_value=-0.000142264 -0.0184588 -0.00659739 0.0543854 0.00439136 0.0451728 -0.00182354 0.0241446 0.0257159 0.00490729 -0.0382006 0.0497646 0.0463244 0.00713899 -0.0390678 -0.0114527 -0.0256751 -0.0331191 -0.0268575 -0.00461434 0.0354119 0.00995298 -0.0226074 -0.00119415 0.0533123 -0.0207973 0.0357817 0.0238321 -0.0424588 -0.039433
internal_weight=74377.9 55678.2 34785.1 18699.7 22074.2 12464.9 17096.2 2239.69 4978 10063.9 20893.1 10225.2 8170.61 1710.15 20366.4 7032.29 12710.9 7414.11 3843.59 526.652 3267.85 1520.88 9190.1 845.986 4901.51 8131.52 3269.09 674.891 12952.3 4551.01
internal_count=230844 178556 107884 52288 66560 35280 52246 6616 14314 30494 70672 28664 22968 5050 69068 21752 41324 24865 12587 1604 9264 4559 29524 2581 13692 26090 9276 1978 44203 15200
is_linear=0
shrinkage=0.05


Tree=15
num_leaves=31
num_cat=0
split_feature=2 2 8 8 2 0 8 0 7 8 0 8 0 8 0 8 8 8 0 7 8 3 5 8 8 8 8 8 5 0
split_gain=25861.6 6116.91 2856.89 1285.63 967.268 794.358 578.929 423.398 378.826 321.859 304.018 209.386 172.927 161.033 158.556 149.249 132.098 106.069 101.547 99.2758 72.7798 72.2813 59.9582 59.0951 75.0096 54.4814 54.2006 52.6859 41.3725 40.0064
threshold=1.0000000180025095e-35 -1.0000000180025095e-35 107.69263076782228 -66.618366241455064 1.5000000000000002 58.500000000000007 16.161653518676761 61.500000000000007 -1.0000000180025095e-35 96.730762481689467 57.500000000000007 -165.65875244140622 39.500000000000007 -170.74105834960935 55.500000000000007 222.81492614746097 -130.9697570800781 -268.08998107910151 76.500000000000014 -0.10800696909427641 179.729362487793 1.0000000180025095e-35 -1.0000000180025095e-35 235.95204162597659 29.880530357360843 130.77565765380862 -0.54526796936988819 184.21182250976565 -1.0000000180025095e-35 77.500000000000014
decision_type=2 2 2 2 2 2 2 2 2 2 2 2 2 2 2 2 2 2 2 2 2 2 2 2 2 2 2 2 2 2
left_child=1 9 3 13 6 8 10 15 -5 12 11 -2 22 28 20 25 -15 -12 -7 -13 -11 23 -1 24 -8 -4 -6 -9 -3 -19
right_child=4 2 7 5 26 18 21 27 -10 14 17 19 -14 16 -16 -17 -18 29 -20 -21 -22 -23 -24 -25 -26 -27 -28 -29 -30 -31
leaf_value=-0.040815417361999173 -0.010126166110316947 -0.041656941529182159 0.03019862405902184 -0.011395797096479532 0.046271905403924195 -0.019482774957758686 0.053656880594427137 -0.023469120011154556 0.0029388316022233075 -0.020264682705376479 0.0032617411135238876 0.0098216585738385639 -0.048001988682878673 -0.0086182450914370143 -0.039613844614350004 0.036930676905096334 -0.027991910471156983 0.032945863058996876 -0.03413242574940361 0.026402296806910631 0.010720445415788312 0.010603172354565243 -0.028788713749127434 0.050619323880822992 0.038246363360270277 0.015173161083033366 0.055713092698098689 0.001971742769306515 -0.031612004432028502 0.044857977070663468
leaf_weight=3047.3507360219955 679.16472595930099 2142.8437464237213 911.91022109985352 7794.5331446230412 2154.159052759409 3016.0993553698063 982.22010412812233 389.05206921696663 11263.350770711899 352.42533084750175 241.94485595822334 1489.2386583387852 12067.69040286541 1173.7552391886711 524.23276135325432 2632.6171324253082 3579.2183801829815 1917.3406837284565 1979.7522637546062 2322.427562713623 398.76386696100235 174.03686130046844 1672.4955364763737 2246.1630300581455 5003.7277880012989 1838.2719718515873 7596.9536518752575 419.36622676253319 2213.7694675624371 1237.762607216835
leaf_count=8759 1851 6211 2432 21223 5818 8385 2660 1070 30322 973 650 3977 35143 3239 1471 7067 9939 5133 5624 6199 1075 465 4716 6109 13456 4904 20811 1141 6299 3322
internal_value=-0.000133888 -0.0188791 -0.00782059 -0.0136416 0.0411863 -0.0075802 0.0337119 0.0233458 -0.00292538 -0.0429638 0.0239563 0.0153915 -0.044805 -0.0296338 -0.0186497 0.0284099 -0.0232216 0.0352395 -0.0253164 0.0199455 -0.0038543 0.0428464 -0.0365887 0.0435212 0.0408177 0.0202011 0.0536522 -0.0103407 -0.0365948 0.0376826
internal_weight=83462.6 57417.5 39354.5 33163.3 26045.1 24053.7 16294 6191.22 19057.9 18063 7887.88 4490.83 16787.5 9109.59 1275.42 5382.8 4752.97 3397.05 4995.85 3811.67 751.189 8406.15 4719.85 8232.11 5985.95 2750.18 9751.11 808.418 4356.61 3155.1
internal_count=230444 159993 107856 91242 70451 65554 43822 16614 51545 52137 21132 12027 48618 25688 3519 14403 13178 9105 14009 10176 2048 22690 13475 22225 16116 7336 26629 2211 12510 8455
is_linear=0
shrinkage=0.05


Tree=16
num_leaves=31
num_cat=0
split_feature=2 2 0 2 2 0 8 8 0 8 0 8 8 8 8 8 0 8 8 0 8 0 0 8 6 8 2 8 0 0
split_gain=3612.88 3572.22 3303.92 932.621 801.151 574.441 490.762 396.438 306.686 182.086 102.126 92.2596 92.2291 89.8456 81.1753 72.3054 67.341 64.4323 62.5611 59.0695 57.1495 55.8652 53.3562 52.5069 52.0843 46.7544 43.2617 41.4359 40.4754 33.5022
threshold=1.0000000180025095e-35 -1.0000000180025095e-35 53.500000000000007 -1.4999999999999998 1.5000000000000002 76.500000000000014 139.82307434082034 -1.0000000180025095e-35 25.500000000000004 -123.1350631713867 77.500000000000014 -0.54526796936988819 -165.65875244140622 269.34574890136724 -130.9697570800781 312.58627319335943 68.500000000000014 247.85845947265628 -1.9814713001251218 85.500000000000014 -216.81816101074216 40.500000000000007 43.500000000000007 148.38324737548831 4.5000000000000009 184.21182250976565 2.5000000000000004 303.84550476074224 54.500000000000007 78.500000000000014
decision_type=2 2 2 2 2 2 2 2 2 2 2 2 2 2 2 2 2 2 2 2 2 2 2 2 2 2 2 2 2 2
left_child=1 3 6 28 7 16 8 12 14 -5 15 26 20 24 -3 -11 25 23 21 -7 -2 -14 -10 -8 29 -4 -6 -19 -1 -9
right_child=4 2 5 9 11 19 17 13 22 10 -12 -13 18 -15 -16 -17 -18 27 -20 -21 -22 -23 -24 -25 -26 -27 -28 -29 -30 -31
leaf_value=-0.026294921606929297 0.0085284164758917865 -0.0039965983905155744 0.032145509845834537 -0.017547304324325604 -0.017531808684155648 0.056834988227090891 -0.030960442125028693 -0.01322559446313909 0.014878500106081822 0.0023961066775852729 -0.014963244704380284 -0.037857214820385537 0.004744974044224381 -0.031491586283769767 0.0068921381369168484 -0.029812081992149655 0.042875449562207617 -0.033642339398325283 0.034627293593373805 0.072821319475342497 0.040316433951067598 -0.0090620610031635299 0.023767255227531103 -0.00079410497996846316 -0.033136841404378024 0.0085130506907369514 -0.038803319682037075 -0.014554967349133967 -0.03748997396444511 -0.025758553936752498
leaf_weight=1235.9278414994478 657.3821969628334 2072.1575535833836 3351.4676448106766 2228.8516529649496 1015.8338087052107 1880.0088487565517 160.74540112912655 4306.762275904417 5318.5175725221634 5795.9174200892448 1124.731042355299 4507.5826434642076 1113.2124882042408 1193.5775306820869 9755.3665464520454 174.65897724032402 1726.7499014735222 407.93728160858154 101.56328852474689 996.70153242349625 176.66994249820709 2123.7141882181168 2510.27060303092 1114.4140785187483 420.49849085509777 227.78785073757172 316.86254295706749 968.78639762103558 2729.2154772132635 612.56699861586094
leaf_count=5267 2420 7744 11088 8929 4370 5709 660 17874 19152 21244 4364 20811 4248 5324 35503 650 5486 1783 392 2948 585 8566 8671 4262 1775 845 1448 4005 11683 2638
internal_value=0.000365668 0.00788807 0.0173163 -0.0137423 -0.0195345 0.044482 0.00734405 -0.0113995 0.0100683 -0.00509788 -0.00117753 -0.0344244 0.000641216 -0.0190839 0.00498357 0.00142975 0.0346689 -0.0128294 -0.00307901 0.0624906 0.0154619 -0.00431368 0.017742 -0.00470292 -0.0162836 0.0306555 -0.0227155 -0.020312 -0.034038 -0.0148108
internal_weight=60326.4 43780.2 30490.9 13289.3 16546.2 8182.72 22308.2 10705.9 19656.3 9324.16 7095.31 5840.28 4172.54 6533.41 11827.5 5970.58 5306.01 2651.88 3338.49 2876.71 834.052 3236.93 7828.79 1275.16 5339.83 3579.26 1332.7 1376.72 3965.14 4919.33
internal_count=230444 159993 107856 52137 70451 26076 81780 43822 71070 35187 26258 26629 16211 27611 43247 21894 17419 10710 13206 8657 3005 12814 27823 4922 22287 11933 5818 5788 16950 20512
is_linear=0
shrinkage=0.05


Tree=17
num_leaves=31
num_cat=0
split_feature=6 8 8 4 4 8 4 4 8 4 8 8 4 6 8 6 8 6 4 6 6 8 8 8 0 7 8 8 0 6
split_gain=10486.9 3941.69 2043.15 1746.89 1418.29 695.772 376.664 362.827 307.894 291.725 188.973 186.961 179.127 167.537 135.449 129.643 97.5173 84.1491 80.6218 79.2824 79.2744 77.8332 77.1478 203.49 70.8626 69.0646 64.0606 63.9596 60.9596 60.1813
threshold=-1.0000000180025095e-35 19.12481784820557 39.87672424316407 0.16038698703050616 -0.31870716810226435 -155.41359710693357 0.60499006509780895 0.75114825367927562 -155.41359710693357 -1.0231210589408872 167.39929962158206 -245.087776184082 -0.75080534815788258 1.0000000180025095e-35 -160.02195739746091 -3.4999999999999996 -19.300438880920407 2.5000000000000004 0.3553887158632279 -2.4999999999999996 -1.4999999999999998 -135.04876708984372 48.307966232299812 75.15427398681642 36.500000000000007 0.075333572924137129 24.120081901550297 -340.70903015136713 36.500000000000007 -1.4999999999999998
decision_type=2 2 2 2 2 2 2 2 2 2 2 2 2 2 2 2 2 2 2 2 2 2 2 2 2 2 2 2 2 2
left_child=2 3 4 5 9 28 10 11 18 21 17 -5 -7 -13 -11 -4 -14 26 27 -16 25 -1 -17 29 -25 -10 -3 -6 -2 -24
right_child=1 6 15 7 8 12 -8 -9 20 14 -12 13 16 -15 19 22 -18 -19 -20 -21 -22 -23 23 24 -26 -27 -28 -29 -30 -31
leaf_value=0.06108987119751097 0.034375608241694604 -0.03380408408696782 0.029014870231231796 0.01648245834507342 0.02690931861752819 0.027794257819418286 -0.037942405467179106 -0.028666650830888638 0.013876051786644448 0.048043587903114672 -0.033319318589672783 0.0013363601256440169 0.00697031275949436 -0.016670734914674645 0.041707968576986762 -0.028509180042771139 -0.0021346586293901296 -0.033480213458934892 0.00261173720672336 0.027893396881268545 0.0092119109181458599 0.047713952761724181 0.031689108063515894 -0.025573878167396386 -0.0072175325820108202 0.030470791163521721 -0.017718020644056524 0.046470264084910305 0.020413853106435318 0.0040951957908742596
leaf_weight=2205.1653546690941 2270.6951619684696 671.7554007768631 224.59249731898308 627.90386214852333 730.01314130425453 758.62117671966553 7846.3217665553093 3736.3002932965755 1712.7966766357422 2205.3439159989357 4112.5518391430378 1748.0492285788059 6425.3292606472969 4935.320502102375 1652.2564999163151 471.02846446633339 5415.7512963712215 1126.3333783447742 170.51183691620827 2989.4492753744125 4517.4306915104389 2477.3939402997494 288.88723132014275 927.33645007014275 1218.7381270229816 1000.5307652056217 8313.9808492362499 1075.0356849133968 1238.4204392433167 608.63002330064774
leaf_count=5978 6354 2238 648 1854 2040 2224 27800 12678 5073 6075 14308 5399 19388 15964 4625 1470 16742 3909 515 8588 13557 6829 844 3021 3886 2856 27146 2990 3578 1867
internal_value=-0.000147691 -0.0134463 0.0265973 -0.000690287 0.0327307 0.00981056 -0.0291377 -0.0159994 0.0180824 0.0444144 -0.0242694 -0.00951089 0.00432174 -0.0119635 0.0377754 -0.00741396 0.00280683 -0.0205742 0.0355589 0.0328504 0.0132862 0.0540715 -0.00977976 -0.00683918 -0.0151905 0.0200401 -0.0189387 0.0386554 0.0294843 0.0131033
internal_weight=73702.5 49227.3 24475.1 27156.4 20735.9 16108.8 22070.9 11047.6 9206.32 11529.6 14224.6 7311.27 12599.7 6683.37 6847.05 3739.21 11841.1 10112.1 1975.56 4641.71 7230.76 4682.56 3514.62 3043.59 2146.07 2713.33 8985.74 1805.05 3509.12 897.517
internal_count=230444 159582 70862 84181 59126 48286 75401 35895 27031 32095 47601 23217 38354 21363 19288 11736 36130 33293 5545 13213 21486 12807 11088 9618 6907 7929 29384 5030 9932 2711
is_linear=0
shrinkage=0.05


Tree=18
num_leaves=31
num_cat=0
split_feature=2 2 8 8 2 0 8 8 0 0 8 7 8 0 7 0 7 8 7 3 0 8 8 0 8 8 0 4 2 8
split_gain=23721.6 5773.69 2532.62 1246.44 882.332 774.106 520.814 350.032 298.156 290.087 286.401 250.512 222.242 177.38 156.49 156.258 114.26 70.5793 69.4865 62.4586 57.5039 50.9097 47.9125 47.024 46.852 69.0094 46.2088 46.0589 39.5989 39.5104
threshold=1.0000000180025095e-35 -1.0000000180025095e-35 -19.300438880920407 184.21182250976565 1.5000000000000002 61.500000000000007 16.161653518676761 -170.74105834960935 37.500000000000007 66.500000000000014 179.729362487793 -0.046344831585884087 -165.65875244140622 62.500000000000007 0.075333572924137129 46.500000000000007 -0.023866925388574597 96.730762481689467 0.026759921573102478 1.0000000180025095e-35 81.500000000000014 -268.08998107910151 -0.54526796936988819 76.500000000000014 235.95204162597659 28.580967903137211 68.500000000000014 -0.089556563645601259 -1.4999999999999998 -130.9697570800781
decision_type=2 2 2 2 2 2 2 2 2 2 2 2 2 2 2 2 2 2 2 2 2 2 2 2 2 2 2 2 2 2
left_child=1 8 7 5 6 11 9 27 10 12 18 -4 -2 14 -9 -5 -14 -10 -1 24 -7 -11 -6 -17 25 -8 -19 -3 -20 -15
right_child=4 2 3 15 22 20 19 13 17 21 -12 -13 16 29 -16 23 -18 26 28 -21 -22 -23 -24 -25 -26 -27 -28 -29 -30 -31
leaf_value=-0.039020103056201218 -0.0074680707710155225 -0.041480062444174966 -0.0075600465876067462 0.034820881923184797 0.044606436156029224 -0.019260032205274603 0.052471619134671549 -0.019549708719477504 -0.046608007833187221 0.010722322440310723 0.020241695631728118 0.0062682869238719048 0.01396998650313911 -0.010026002391279926 -0.0048984051329465997 0.015855984292022059 0.029916122915519483 -0.021450652357959357 -0.046353038122190181 0.011813464709738954 -0.033529715253603619 0.03941680653219163 0.053586739176553821 -0.014078030592459802 0.048146848967455302 0.037031710874795391 -0.045863008866771526 -0.030729463698816462 -0.023256923600235034 -0.034151000113412162
leaf_weight=2669.8673532903194 807.85595780611038 1813.1986467838287 4514.8723882436752 2908.4757089018822 2114.578955501318 2522.8562938272953 882.51351302862167 6617.6351495087147 12299.901553928852 170.61387613415718 255.59939801692963 11889.60874569416 2598.0195611715317 192.62369653582573 2520.1806529462337 639.87031158804893 1998.0315021276474 509.85391145944595 213.29702541232109 182.6914718747139 1000.5374509990215 2278.5971962809563 7451.5598059594631 160.54942628741264 2227.0078705847263 5103.6497974693775 327.33110073208809 2481.1699276566505 1586.142268717289 1831.7914028763771
leaf_count=7778 2207 5378 12292 7838 5759 7077 2417 18262 36477 457 682 31958 6941 547 6879 1720 5343 1420 625 489 2892 6135 20758 446 6137 13816 924 7174 4499 5266
internal_value=-0.000185896 -0.0182065 -0.0074437 0.00284795 0.0395685 -0.00210775 0.0324563 -0.0231779 -0.0417538 0.023175 -0.0309144 0.00246128 0.0166793 -0.018496 -0.0155138 0.0294419 0.0209272 -0.0456391 -0.0338594 0.0411187 -0.023354 0.0374438 0.051626 0.00980165 0.041763 0.0393498 -0.0312113 -0.0353116 -0.0261155 -0.0318859
internal_weight=82770.5 56955.4 39093.4 23636.8 25815.1 19927.9 16249 15456.6 17862 7853.12 4724.91 16404.5 5403.91 11162.2 9137.82 3708.9 4596.05 13137.1 4469.31 8395.86 3523.39 2449.21 9566.14 800.42 8213.17 5986.16 837.185 4294.37 1799.44 2024.42
internal_count=230593 160134 107729 64223 70459 54219 43942 43506 52405 21083 13584 44250 14491 30954 25141 10004 12284 38821 12902 22859 9969 6592 26517 2166 22370 16233 2344 12552 5124 5813
is_linear=0
shrinkage=0.05


Tree=19
num_leaves=31
num_cat=0
split_feature=2 2 0 2 2 0 0 7 7 0 0 5 0 5 0 2 0 4 6 6 7 6 0 4 5 5 5 2 5 4
split_gain=3219.56 3344.64 2949.35 858.396 756.023 586.478 236.467 225.798 154.441 96.416 89.8025 89.0827 86.4979 55.2149 45.6068 43.816 43.227 42.5147 39.3229 38.6157 38.2611 37.3239 33.7635 33.1476 50.3661 31.2728 30.4733 29.9178 27.9497 26.7307
threshold=1.0000000180025095e-35 -1.0000000180025095e-35 49.500000000000007 -1.4999999999999998 1.5000000000000002 73.500000000000014 22.500000000000004 -0.10253930464386939 -0.062005056068301194 73.500000000000014 75.500000000000014 1.0000000180025095e-35 81.500000000000014 6.5000000000000009 63.500000000000007 2.5000000000000004 58.500000000000007 -0.1692661568522453 -1.4999999999999998 -1.4999999999999998 0.18582223355770114 1.5000000000000002 38.500000000000007 0.99778667092323314 -1.0000000180025095e-35 6.5000000000000009 -3.4999999999999996 -2.4999999999999996 3.5000000000000004 0.12249021604657175
decision_type=2 2 2 2 2 2 2 2 2 2 2 2 2 2 2 2 2 2 2 2 2 2 2 2 2 2 2 2 2 2
left_child=1 3 6 16 7 13 20 9 28 23 19 18 17 14 -4 -6 27 -7 -9 -10 26 -15 -8 24 -2 -24 -3 -1 -5 -22
right_child=4 2 5 8 15 12 22 11 10 -11 -12 -13 -14 21 -16 -17 -18 -19 -20 -21 29 -23 25 -25 -26 -27 -28 -29 -30 -31
leaf_value=-0.040299393991750566 0.010630106968519976 -0.012846324787765566 0.028180212358380159 -0.015467464400390058 -0.030130773261565783 0.05834574063993693 0.0099512079697109193 0.016521767556328431 -0.0045419927453654611 -0.014863968233269548 -0.01288554921315431 -0.019450957392204496 0.063193403197214351 0.003766346130568084 0.038486150994134924 -0.039499520103337835 -0.03746037825287904 0.041033893732544693 -0.0087507229815302467 0.0051916470103715376 -0.00046566191688306006 0.025122319361087709 0.017996057428286007 0.025066985634997804 -0.0035673589636608348 0.0016549107600866402 0.0037853752826232825 -0.022437605033906148 0.0017462425989939146 -0.011041151114247007
leaf_weight=306.36662171781063 1079.3993583917618 279.427609577775 2996.2304456532001 3050.3251504153013 3472.0049141943455 593.416922301054 5697.8938285559416 166.55916082859039 1443.8905587643385 909.9447685033083 1209.6517115086317 5225.6569587439299 1876.2768636345863 290.27564585208893 1786.4733265042305 2103.6613126993179 2445.6973984986544 1128.3284995257854 1520.8331773281097 3432.0535183697939 2440.9549458622932 704.53459013998508 2925.5580841004848 168.21640406548977 1469.3350521177053 326.46570211648941 8883.0504160374403 1150.036485850811 254.49752651154995 786.39464202523232
leaf_count=1349 4262 1033 10035 11856 16392 1811 20820 706 5422 3853 4674 22231 5445 948 5655 10125 10731 3397 6408 12463 9251 2322 10244 672 5810 1168 32620 4974 936 2980
internal_value=0.000301837 0.00730364 0.0163708 -0.0136463 -0.0188147 0.039738 0.00609759 -0.0109293 -0.00544875 -0.000823233 -0.00072051 -0.016227 0.0555934 0.0298243 0.0320659 -0.0336978 -0.0333414 0.0471523 -0.00621468 0.00230757 0.00162276 0.0189409 0.012288 0.00389787 0.00245437 0.0163607 0.00327143 -0.02632 -0.0141412 -0.00305564
internal_weight=60123.4 44007.8 30715.3 13292.5 16115.6 9375.54 21339.7 10539.9 9390.42 3626.9 6085.6 6913.05 3598.02 5777.51 4782.7 5575.67 3902.1 1721.75 1687.39 4875.94 12389.8 994.81 8949.92 2716.95 2548.73 3252.02 9162.48 1456.4 3304.82 3227.35
internal_count=230593 160134 107729 52405 70459 29613 78116 43942 35351 14597 22559 29345 10653 18960 15690 26517 17054 5208 7114 17885 45884 3270 32232 10744 10072 11412 33653 6323 12792 12231
is_linear=0
shrinkage=0.05


Tree=20
num_leaves=31
num_cat=0
split_feature=2 2 8 2 8 7 8 0 0 0 8 4 0 0 7 0 8 8 8 6 5 4 8 0 8 0 7 8 5 0
split_gain=24382.5 4594.19 2474.31 1016.3 901.439 435.051 351.775 329.848 276.01 267.571 217.107 210.376 162.809 136.827 126.697 123.876 121.863 114.8 111.637 106.77 99.5932 97.9071 97.0537 88.2234 59.9001 57.0304 44.7863 44.0883 38.4464 36.6138
threshold=-1.0000000180025095e-35 1.0000000180025095e-35 19.12481784820557 -1.4999999999999998 -160.02195739746091 0.011554018594324591 11.760808467864992 49.500000000000007 72.500000000000014 70.500000000000014 -310.69364929199213 0.22598905861377719 46.500000000000007 77.500000000000014 0.054715482518076904 51.500000000000007 37.442897796630866 75.15427398681642 96.730762481689467 -1.4999999999999998 4.5000000000000009 0.13766863197088244 -394.88154602050776 51.500000000000007 24.120081901550297 72.500000000000014 0.018903659656643871 303.84550476074224 4.5000000000000009 82.500000000000014
decision_type=2 2 2 2 2 2 2 2 2 2 2 2 2 2 2 2 2 2 2 2 2 2 2 2 2 2 2 2 2 2
left_child=3 2 4 -1 9 8 13 18 -6 11 22 -2 16 14 28 -7 21 20 26 -16 24 -12 -3 -24 -4 -9 -8 -20 -5 -11
right_child=1 10 17 6 5 15 7 25 -10 29 12 -13 -14 -15 19 -17 -18 -19 27 -21 -22 -23 23 -25 -26 -27 -28 -29 -30 -31
leaf_value=0.064827921153414125 0.031030300243592036 -0.04050202327781776 -0.031090348053766228 0.048205071163160022 0.0082684181658814176 -0.0067286406599209904 0.032496329355820162 0.03322981904501629 -0.018433253976624195 -0.0013580494998116782 -0.013065806334828839 -0.0062823423709671275 -0.04072112036847246 0.059245326316050485 0.048297312935951672 -0.021450314964840959 -0.038065977222432788 -0.028543746124764999 -0.017311735455098138 0.026398744033439076 -0.034523909888342995 -0.030573189580230416 0.029883051590317518 -0.016817763145498384 -0.013931968528021707 0.051741663608570354 0.011628150220868836 0.016034179560836578 0.028145113047227582 -0.029645175972443222
leaf_weight=6367.8810746073723 3799.8294598460197 135.99120265245438 578.16480883955956 4925.4126827120781 8943.029017239809 5412.8451740145683 399.9899395108223 1004.8499495089054 1080.431621670723 322.63360264897346 1228.1853427290916 417.71437633037567 12381.599589645863 1519.516882032156 830.70331263542175 1940.6259065270424 3239.1190713047981 6654.0033496618271 385.42163398861885 1770.8475878238678 857.11416259407997 2341.9066663384438 207.64214581251144 188.33396390080452 4258.4071691036224 777.96525299549103 731.3630166053772 128.48867478966713 276.69606974720955 172.67503562569618
leaf_count=17054 10547 420 1898 13418 26791 16722 1139 2844 3404 955 3964 1246 44859 4110 2265 6184 11876 22875 1210 4933 2894 8140 611 589 13690 2154 2099 411 768 523
internal_value=-3.76804e-05 -0.0171741 -0.00615167 0.0484977 0.00386907 -0.00139288 0.0403203 0.0265574 0.00538248 0.0232515 -0.0364136 0.0273317 -0.0372869 0.0453639 0.0426247 -0.0106257 -0.0310169 -0.0240729 0.0103649 0.0334704 -0.0188275 -0.024577 -0.00485593 0.00773849 -0.0160131 0.0414299 0.0191166 -0.00890037 0.0471661 -0.0114173
internal_weight=73279.4 54160.3 34437.5 19119.1 22089.8 17376.9 12751.3 3428.08 10023.5 4712.85 19722.8 4217.54 19190.8 9323.18 7803.66 7353.47 6809.21 12347.7 1645.26 2601.55 5693.69 3570.09 531.967 395.976 4836.57 1782.82 1131.35 513.91 5202.11 495.309
internal_count=230593 178188 107729 52405 66372 53101 35351 9857 30195 13271 70459 11793 68839 25494 21384 22906 23980 41357 4859 7198 18482 12104 1620 1200 15588 4998 3238 1621 14186 1478
is_linear=0
shrinkage=0.05


Tree=21
num_leaves=31
num_cat=0
split_feature=8 4 6 4 8 4 6 8 8 6 8 6 6 8 8 4 6 3 4 4 8 8 8 3 4 8 6 6 8 6
split_gain=8549.27 3438.54 2090.43 1258.48 1133.73 770.282 728.211 613.765 613.687 315.876 301.947 269.023 236.668 196.117 154.091 152.472 135.948 103.706 92.8259 92.7294 92.3401 107.552 90.097 88.2884 84.0873 81.0781 75.2633 68.6833 66.4219 64.2051
threshold=16.161653518676761 -0.027575368992984291 -1.0000000180025095e-35 0.75114825367927562 167.39929962158206 -0.56362915039062489 1.5000000000000002 191.76314544677737 -170.74105834960935 -1.4999999999999998 -19.300438880920407 1.5000000000000002 4.5000000000000009 -26.139101028442379 -66.618366241455064 0.20761553943157199 1.0000000180025095e-35 1.0000000180025095e-35 0.97636765241622936 0.52287265658378612 348.21440124511724 384.61386108398443 12.074971675872805 -1.0000000180025095e-35 0.11763067170977594 -160.02195739746091 1.0000000180025095e-35 1.0000000180025095e-35 -12.206459999084471 -2.4999999999999996
decision_type=2 2 2 2 2 2 2 2 2 2 2 2 2 2 2 2 2 2 2 2 2 2 2 2 2 2 2 2 2 2
left_child=1 5 7 8 6 -1 17 9 19 29 16 14 15 23 -10 -8 25 24 -6 -3 -9 -22 -12 -5 -4 -7 -25 -15 -13 -2
right_child=2 3 4 13 18 10 12 20 11 -11 22 28 -14 27 -16 -17 -18 -19 -20 -21 21 -23 -24 26 -26 -27 -28 -29 -30 -31
leaf_value=-0.039342306135487275 -0.040143332819519602 -0.029350113233055388 0.0057822838240531365 0.037466723645944472 0.034863156827943324 -0.035554982208191734 0.0094261717735522159 0.042947143671675736 -0.016120268361351105 -0.0046215759448573679 -0.0067392289644848686 0.0036395541659499583 0.04546885178310512 0.0088191752571141809 -0.0032841107168527978 0.028856678286402804 -0.012919398237801888 -0.031852694379385441 0.045357492823645595 0.00049062194828787705 -0.010317115444406166 0.042437017257638328 -0.031080482695283469 -0.013736757736279331 0.014775832478818108 -0.024545189390607864 0.011662810450658815 0.034060789397942201 0.017089727524048162 -0.021894418912651582
leaf_weight=9030.3647846281528 894.36805653572083 2895.7119976878166 6179.996103733778 260.13691294193268 6675.8516455590725 2612.7862602174282 1321.9501996040344 533.21506857872009 3003.1255628466606 3076.5381860733032 3737.1669128537178 2413.0662936270237 1741.0688127577305 309.22390541434288 10513.457526355982 4357.5687679946423 1763.8254879415035 148.47999051213264 3217.0763014853001 285.82860341668129 237.28406170010567 156.27954030036926 419.03400400280952 361.39887136220932 4494.569316983223 4888.3918078243732 1432.665730535984 2339.8968265652657 1480.0545272529125 1098.9798495769501
leaf_count=27299 2618 8428 16786 721 18390 7813 3642 1454 8391 8551 10497 6648 4901 864 28979 12085 4999 411 9081 805 650 429 1185 1027 12320 13953 3962 6508 4061 3129
internal_value=-0.000150161 -0.0138101 0.0189568 -0.00116765 0.0246685 -0.02805 0.0172697 -0.00784063 -0.00649872 -0.0146833 -0.0204403 -0.00280543 0.0293295 0.022154 -0.00614097 0.0243464 -0.0254624 0.00899142 0.038297 -0.0266727 0.0294698 0.0109005 -0.00922775 0.0105225 0.0095742 -0.0284012 0.00652233 0.0311366 0.00876829 -0.0301622
internal_weight=81879.4 47746.1 34133.2 25294.6 28136.6 22451.6 18243.6 5996.66 20591.2 5069.89 13421.2 17409.7 7420.59 4703.32 13516.6 5679.52 9265 10823 9892.93 3181.54 926.779 393.564 4156.2 2054.2 10674.6 7501.18 1794.06 2649.12 3893.12 1993.35
internal_count=230587 136140 94447 70394 77616 65746 50145 16831 57312 14298 38447 48079 20628 13082 37370 15727 26765 29517 27471 9233 2533 1079 11682 5710 29106 21766 4989 7372 10709 5747
is_linear=0
shrinkage=0.05


Tree=22
num_leaves=31
num_cat=0
split_feature=2 2 0 2 2 8 8 0 0 7 8 8 5 0 8 8 8 8 8 8 8 0 0 8 2 0 8 0 7 8
split_gain=2874.03 3043.34 2562.61 827.553 748.132 455.18 384.46 364.374 305.056 163.737 91.6338 88.7344 87.4747 84.6525 79.0852 75.5282 71.378 62.0201 60.2493 57.1322 55.5845 53.8711 45.8487 44.1794 43.7613 43.3548 42.101 40.5341 37.1981 72.8343
threshold=1.0000000180025095e-35 -1.0000000180025095e-35 57.500000000000007 -1.4999999999999998 1.5000000000000002 139.82307434082034 -1.0000000180025095e-35 76.500000000000014 35.500000000000007 -0.077875234186649309 -130.9697570800781 -0.54526796936988819 -1.4999999999999998 75.500000000000014 269.34574890136724 35.245143890380866 312.58627319335943 247.85845947265628 148.38324737548831 191.76314544677737 -380.98957824707026 40.500000000000007 85.500000000000014 -31.164384841918942 2.5000000000000004 78.500000000000014 303.84550476074224 56.500000000000007 -0.32254792749881739 -165.65875244140622
decision_type=2 2 2 2 2 2 2 2 2 2 2 2 2 2 2 2 2 2 2 2 2 2 2 2 2 2 2 2 2 2
left_child=1 3 5 27 6 8 12 19 10 15 -3 24 28 16 25 23 -11 18 -7 -4 -10 -14 -9 -5 -6 -8 -19 -1 -2 -30
right_child=4 2 7 9 11 17 14 22 20 13 -12 -13 21 -15 -16 -17 -18 26 -20 -21 -22 -23 -24 -25 -26 -27 -28 -29 29 -31
leaf_value=-0.02574579848165845 -0.0019652751528934573 -0.0026330693890465125 0.033057969035419639 -0.013331858866961943 -0.015978895958082388 -0.032037960556690469 -0.013493667702277654 0.0493422890690359 0.052877515405904213 0.00323630349561289 0.0077527746605576325 -0.036719834148565174 0.0053352209408278374 -0.012521403814555437 -0.03001931230933404 0.014170993301028549 -0.030052953689951478 -0.03302367445787089 -0.00019837427148532169 0.0087087102415403586 0.018765274702265317 -0.0083180153439060805 0.063015234698574521 -0.027798568635436179 -0.038028722974226721 -0.026871315573809521 -0.013740752053645975 -0.036906748223428446 0.044602126892325844 0.010338390112934158
leaf_weight=1304.5753928869963 288.21132266521454 2557.7902426868677 4195.374241143465 2132.5879016518593 952.69336375594139 165.60653738677502 4479.1588479280472 1979.9946093559265 118.70307898521423 4868.0388160347939 12450.069943100214 4127.7112209647894 1208.125646084547 1219.2383517771959 1119.7687678039074 205.1783954501152 161.55093078315258 403.60957612097263 1151.2511675208807 260.07992213964462 5646.9823873341084 1782.6117535233498 1056.2692621052265 707.91907595098019 297.15738621354103 704.00564411282539 972.51535727083683 2478.2759153842926 202.12253296375275 636.92791548371315
leaf_count=5829 1118 9517 13059 8549 4355 686 19286 5734 393 17847 44795 20800 4580 4778 5319 732 608 1829 4405 889 19233 7232 2974 2677 1475 3189 4112 11271 728 2588
internal_value=0.000259743 0.00682352 0.0153659 -0.0133972 -0.018032 0.00723407 -0.0102075 0.0408158 0.00974156 -0.00536605 0.00598243 -0.0331712 0.00167385 -0.000729777 -0.0179654 -0.0148615 0.00213826 -0.0120908 -0.00430852 0.031648 0.0195128 -0.00280301 0.0541947 -0.0169798 -0.021352 -0.0153348 -0.0194954 -0.0330968 0.0135113 0.0188077
internal_weight=59834.1 44035.6 30958.2 13077.4 15798.5 23466.5 10420.9 7491.72 20773.5 9294.51 15007.9 5377.56 4118 6248.83 6302.93 3045.69 5029.59 2692.98 1316.86 4455.45 5765.69 2990.74 3036.26 2840.51 1249.85 5183.16 1376.12 3782.85 1127.26 839.05
internal_count=230587 159917 107626 52291 70670 84970 44040 22656 73938 35191 54312 26630 16246 23233 27794 11958 18455 11032 5091 13948 19626 11812 8708 11226 5830 22475 5941 17100 4434 3316
is_linear=0
shrinkage=0.05


Tree=23
num_leaves=31
num_cat=0
split_feature=2 2 8 2 8 7 8 0 0 0 0 8 0 7 0 8 8 8 4 4 0 0 8 8 6 8 4 8 0 4
split_gain=21980.6 4303.57 2319.36 934.148 849.315 391.537 319.691 284.155 255.46 220.27 214.417 206.316 145.722 183.108 145.239 124.342 116.988 109.563 96.8853 74.9988 66.2235 65.0742 58.7618 56.1553 50.87 45.5699 40.3399 31.7842 28.3036 21.5448
threshold=-1.0000000180025095e-35 1.0000000180025095e-35 19.12481784820557 -1.4999999999999998 -155.41359710693357 -0.12799132615327832 35.245143890380866 64.500000000000014 37.500000000000007 50.500000000000007 35.500000000000007 -310.69364929199213 71.500000000000014 -0.028826368972659108 63.500000000000007 37.442897796630866 75.15427398681642 -372.31275939941401 0.13766863197088244 0.22598905861377719 66.500000000000014 39.500000000000007 24.120081901550297 84.934501647949233 -1.4999999999999998 -254.63584899902341 0.29989066720008856 -3.1082756519317623 64.500000000000014 -1.1796581745147703
decision_type=2 2 2 2 2 2 2 2 2 2 2 2 2 2 2 2 2 2 2 2 2 2 2 2 2 2 2 2 2 2
left_child=3 2 4 -1 8 14 12 21 19 11 -7 -3 13 27 -6 18 20 -10 -13 -2 22 23 -4 -8 -15 28 -23 -5 -11 -27
right_child=1 9 16 6 5 10 7 -9 17 25 -12 15 -14 24 -16 -17 -18 -19 -20 -21 -22 26 -24 -25 -26 29 -28 -29 -30 -31
leaf_value=0.061425620513143923 0.032807722003874412 0.013798897120362788 -0.030852360058415979 0.043897156152431366 0.013629246758425971 -0.00082482908977218091 0.012226078974192483 0.045388360417319834 -0.018688780101272548 -0.0053509406308084109 -0.014435142181084579 -0.013708889396721794 0.052284844695445858 0.038774191238277626 -0.0078107743062119208 -0.037405420459626054 -0.028036917343944125 0.012929856121661747 -0.030112682095824995 0.0025548022898808547 -0.031387933909800853 0.025737626520402304 -0.013839240257711395 -0.014369057445905173 0.026582483117005975 -0.017191219053174538 -0.0020186390127505905 0.05748223744164252 -0.033195155151340104 -0.040837832841018051
leaf_weight=6400.2959985733032 2918.3404094576836 268.6306069791317 576.96902620792389 3479.4765926301479 4385.5590736865997 6929.432737916708 371.47949174046516 773.54173767566681 338.87248969078064 149.32103601098061 4964.523623496294 1385.3330785632133 2502.5322414636612 1320.3676986396313 959.73603716492653 3560.5538923442364 6516.5463370978832 1348.1692305803299 2639.6808014214039 221.24882170557976 810.14318019151688 536.33699813485146 4246.7628780305386 414.91968575119972 2678.3040254712105 107.22140088677406 171.74152630567551 561.7278755903244 239.09377378225327 10807.668938547373
leaf_count=17100 7971 786 1936 9387 13012 21121 1071 2133 986 464 15633 4540 6733 3574 2990 13552 22872 3911 9418 646 2726 1522 13822 1322 7408 367 508 1533 794 40749
internal_value=-4.47304e-05 -0.0165522 -0.00592674 0.045811 0.00373366 -0.0014585 0.0379887 0.0208893 0.0222608 -0.0355234 -0.00650944 -0.0290479 0.0416558 0.0383169 0.00977604 -0.0305734 -0.0234649 0.00654223 -0.0244908 0.0306832 -0.0181564 0.00809947 -0.015904 -0.00180817 0.0306516 -0.0400081 0.0190385 0.0458542 -0.0226949 -0.0406135
internal_weight=72584.5 53373.8 34216.3 19210.7 22065.9 17239.3 12810.4 2268.02 4826.63 19157.5 11894 7854.2 10542.4 8039.88 5345.3 7585.57 12150.4 1687.04 4025.01 3139.59 5633.88 1494.48 4823.73 786.399 3998.67 11303.3 708.079 4041.2 388.415 10914.9
internal_count=230587 178296 107626 52291 66270 52756 35191 6556 13514 70670 36754 28296 28635 21902 16002 27510 41356 4897 13958 8617 18484 4423 15758 2393 10982 42374 2030 10920 1258 41116
is_linear=0
shrinkage=0.05


Tree=24
num_leaves=31
num_cat=0
split_feature=2 2 8 8 2 0 8 0 0 8 8 0 5 8 0 5 8 2 4 8 8 3 8 0 8 8 4 8 0 3
split_gain=19827.5 4977.38 2163.6 1008.8 812.307 525.553 428.418 338.135 293.589 311.974 285.933 240.497 188.243 147.752 128.703 125.067 110.157 78.6738 75.2461 72.8551 61.186 56.6615 52.6045 48.4343 58.0674 47.9325 44.7432 40.8935 40.5714 34.584
threshold=1.0000000180025095e-35 -1.0000000180025095e-35 107.69263076782228 -25.19881439208984 1.5000000000000002 54.500000000000007 16.161653518676761 59.500000000000007 46.500000000000007 179.729362487793 -170.74105834960935 60.500000000000007 1.5000000000000002 -165.65875244140622 61.500000000000007 -1.0000000180025095e-35 222.81492614746097 -1.4999999999999998 -0.54445832967758168 -268.08998107910151 130.77565765380862 1.0000000180025095e-35 11.760808467864992 65.500000000000014 235.95204162597659 184.21182250976565 0.54652491211891185 -0.54526796936988819 64.500000000000014 1.0000000180025095e-35
decision_type=2 2 2 2 2 2 2 2 2 2 2 2 2 2 2 2 2 2 2 2 2 2 2 2 2 2 2 2 2 2
left_child=1 8 3 10 6 12 11 16 9 17 26 13 -5 -2 -12 -7 20 -1 -15 -13 -4 23 -19 24 -8 -9 -3 28 -6 -21
right_child=4 2 7 5 27 15 21 25 -10 -11 14 19 -14 18 -16 -17 -18 22 -20 29 -22 -23 -24 -25 -26 -27 -28 -29 -30 -31
leaf_value=-0.045700309629536029 -0.0068581900018568984 -0.03436639837814983 0.028755346934345605 -0.003372708194530795 0.033809730112705612 -0.031132625282532855 0.032419821982733917 -0.02048515262717367 -0.044518691512108577 0.015700055730839973 -0.014792880963249759 0.0038696025335393336 0.0093692174602570382 -0.014696496430531211 -0.029377395327297579 -0.013318969069092027 0.032530843389195284 -0.033705340815034381 0.019326145356765422 0.035681291667395219 0.012691025380621125 0.0093369529385010832 -0.021589659279954196 0.044416249462363007 0.043890479721304713 0.0028100715153061197 -0.0095870650800516394 0.050217665089288488 0.048325538193631945 0.01038205728589532
leaf_weight=1103.6167531013489 702.59057748317719 3938.6880164444447 885.8157379925251 10033.339054495096 951.11719709634781 1517.8043949604034 4095.6017804443836 420.97854864597321 10576.130434662104 337.26507538557053 8083.0069887042046 211.51242226362228 4070.4017436802387 166.05633553862572 1866.6140667200089 2835.4786112010479 2552.0755864679813 3793.0794904530048 3912.0591317415237 2687.0751775205135 1823.5534897148609 176.62825828790665 1223.3089092969894 2376.7204843759537 1596.3441600799561 456.30224567651749 195.87862083315849 7132.9699895083904 1148.6749505996704 147.47623184323311
leaf_count=3461 1932 11943 2366 27147 2632 4434 11286 1173 32775 903 22445 568 10946 444 5484 7977 6992 11411 10483 7302 4877 476 3498 6634 4539 1241 562 20684 3207 400
internal_value=-0.000188285 -0.0168581 -0.00693869 -0.0120751 0.0365095 -0.00438274 0.0297019 0.0202769 -0.0393748 -0.0309218 -0.0221506 0.0212995 0.000306685 0.014279 -0.0175424 -0.0195584 0.0250654 -0.0335018 0.0179245 0.0322765 0.0179865 0.0376602 -0.0307752 0.038274 0.0356725 -0.00842129 -0.0332055 0.0483375 0.0418464 0.0343856
internal_weight=81018.2 55713.3 38679.9 32541.2 25304.8 18457 16072.1 6138.73 17033.4 6457.27 14084.2 7826.77 14103.7 4780.71 9949.62 4353.28 5261.44 6120.01 4078.12 3046.06 2709.37 8245.29 5016.39 8068.67 5691.95 877.281 4134.57 9232.76 2099.79 2834.55
internal_count=230222 159635 107587 90938 70587 50504 44064 16649 52048 19273 40434 21129 38093 12859 27929 12411 14235 18370 10927 8270 7243 22935 14909 22459 15825 2414 12505 26523 5839 7702
is_linear=0
shrinkage=0.05


Tree=25
num_leaves=31
num_cat=0
split_feature=2 2 0 2 2 0 8 8 0 7 8 8 8 8 0 5 0 8 8 0 5 8 0 7 0 2 8 8 8 6
split_gain=2761.23 2697.61 2374.75 767.803 714.032 461.976 398.808 319.289 153.521 132.212 96.5865 87.6007 77.6849 76.0651 75.9118 70.6246 60.1231 58.9931 53.7375 52.8207 51.9501 50.7302 49.314 48.4303 47.8354 45.1698 42.7379 41.031 38.0873 37.3811
threshold=1.0000000180025095e-35 -1.0000000180025095e-35 49.500000000000007 -1.4999999999999998 1.5000000000000002 74.500000000000014 139.82307434082034 -1.0000000180025095e-35 18.500000000000004 -0.062005056068301194 35.245143890380866 -0.54526796936988819 312.58627319335943 269.34574890136724 81.500000000000014 -1.4999999999999998 81.500000000000014 -130.9697570800781 247.85845947265628 41.500000000000007 6.5000000000000009 -130.9697570800781 64.500000000000014 0.375103309750557 79.500000000000014 -2.4999999999999996 18.190244674682621 -1.0000000180025095e-35 -31.164384841918942 5.5000000000000009
decision_type=2 2 2 2 2 2 2 2 2 2 2 2 2 2 2 2 2 2 2 2 2 2 2 2 2 2 2 2 2 2
left_child=1 3 6 25 7 20 8 15 21 10 28 22 14 24 -11 -2 -7 -10 23 -17 26 -3 -6 -8 29 -1 -4 -27 -5 -9
right_child=4 2 5 9 11 16 18 13 17 12 -12 -13 -14 -15 -16 19 -18 -19 -20 -21 -22 -23 -24 -25 -26 27 -28 -29 -30 -31
leaf_value=-0.039845646170869359 0.011320757869170431 -0.0045143953053558561 0.026061843015172934 -0.011925178143386235 -0.0098440396603881805 0.04224178971611884 -0.01012337729111076 -0.011850989914500825 0.0034735230265250071 0.0028529513598633139 0.018321934718644028 -0.036295271362448589 -0.031252202317904008 -0.029154050407625271 -0.01503430579773378 0.0045783782640267277 0.055928979420968888 0.014215524557493031 -0.020337072260437572 -0.008869714168824391 0.017151774122416429 0.0052011605206559765 -0.029980019480447685 0.016293419801756637 -0.027338576549636041 -0.031733111891330365 0.036024909045824192 -0.016793839766395115 -0.024991291082601307 -0.037878399153253431
leaf_weight=1208.9404736608267 1150.6813041865826 1623.4349349290133 3474.6607083380222 2199.6747372746468 563.02983252704144 1559.206467717886 1009.7809624224901 4368.7300324440002 1522.5203037858009 5115.7642064392567 226.12316238880157 3958.1746711879969 190.6591203212738 1080.2063183784485 665.86478728055954 1253.7676286101341 1948.8777541220188 8084.7355516552925 1275.511968433857 1735.3992140293121 1094.9936241060495 7698.0093966722488 674.66585938632488 204.608632132411 637.55528278648853 1763.0496707558632 1645.675787165761 647.94289898872375 753.92018084228039 138.71251511573792
leaf_count=5802 4448 6102 10987 8949 2632 4526 3942 18993 5430 18933 805 20684 739 5297 2683 4717 5442 28300 5645 7040 3518 27633 3207 799 2944 8272 5263 2940 2925 625
internal_value=0.000564072 0.00697729 0.0149129 -0.0123704 -0.0175309 0.0353986 0.00560687 -0.00993938 0.00808183 -0.00465375 -0.0128812 -0.0326508 -0.000266253 -0.0170911 0.000781682 0.000822578 0.0499143 0.0125159 -0.0131867 -0.00323086 0.027172 0.00350757 -0.0208966 -0.00562394 -0.0145327 -0.0318465 0.029296 -0.0277613 -0.015297 -0.012693
internal_weight=59474.9 43914 31142 12771.9 15560.9 9723.41 21418.6 10365.1 18928.7 9152.01 3179.72 5195.87 5972.29 6225.2 5781.63 4139.85 3508.08 9607.26 2489.9 2989.17 6215.33 9321.44 1237.7 1214.39 5145 3619.93 5120.34 2410.99 2953.59 4507.44
internal_count=230222 159635 107587 52048 70587 29736 77851 44064 67465 35034 12679 26523 22355 27859 21616 16205 9968 33730 10386 11757 19768 33735 5839 4741 22562 17014 16250 11212 11874 19618
is_linear=0
shrinkage=0.05


Tree=26
num_leaves=31
num_cat=0
split_feature=2 2 8 2 8 7 8 0 4 0 0 0 8 0 0 7 8 8 2 0 4 4 8 8 8 6 0 4 8 0
split_gain=19794.2 4082.66 2118.24 843.665 777.257 364.807 287.415 261.518 246.408 206.071 190.527 190.11 187.673 162.183 130.131 146.892 120.905 105.244 91.7559 58.6929 58.4152 52.95 58.4848 52.4567 43.2937 42.7278 33.7805 31.8273 29.9613 27.3421
threshold=-1.0000000180025095e-35 1.0000000180025095e-35 19.12481784820557 -1.4999999999999998 -155.41359710693357 -0.10800696909427641 35.245143890380866 48.500000000000007 0.30641973018646246 50.500000000000007 71.500000000000014 71.500000000000014 -310.69364929199213 63.500000000000007 68.500000000000014 -0.036454206332564347 37.442897796630866 75.15427398681642 1.5000000000000002 72.500000000000014 0.5594708025455476 0.28522720932960516 75.15427398681642 24.120081901550297 -254.63584899902341 -1.4999999999999998 63.500000000000007 0.40337233245372778 -3.1082756519317623 81.500000000000014
decision_type=2 2 2 2 2 2 2 2 2 2 2 2 2 2 2 2 2 2 2 2 2 2 2 2 2 2 2 2 2 2
left_child=3 2 4 -1 8 13 14 21 10 12 -2 -7 -3 -6 15 28 18 20 -14 27 23 22 -8 -4 26 -17 -11 -9 -5 -16
right_child=1 9 17 6 5 11 7 19 -10 24 -12 -13 16 -15 29 25 -18 -19 -20 -21 -22 -23 -24 -25 -26 -27 -28 -29 -30 -31
leaf_value=0.058169069096713391 0.027668013492426896 0.012756145451331802 -0.029719995052873257 0.040993988231502104 0.012361158818332031 -0.0045419541573022849 0.021003440262496818 0.030967101837191025 -0.014629231792463313 -0.0024219247161712805 -0.010600569572822009 -0.0251737358572818 -0.020393759594437167 -0.0092208618205965789 0.043962506005236324 0.03653898231241267 -0.03684310231727745 -0.027098376058971835 -0.040390208629298485 0.047915036611186332 -0.032796071118183751 -0.025185389667093452 -0.0050375570180915923 -0.013954502186180627 -0.039900894237380524 0.025217489311232546 -0.033391627253736032 0.0048608231845628748 0.054745330352607806 0.05466610081699156
leaf_weight=6350.4856192469597 4067.3468396067619 262.73501268029213 601.2852748632431 3258.3144171535969 4847.0167650580406 10009.506018489599 365.87386056780815 544.87244999408722 436.36902996897697 138.95619580149651 350.92020910978317 1252.3365547955036 3253.0675901770592 1056.9491034448147 1692.311137586832 1286.1700621545315 3490.6212887465954 6394.7163495719433 701.89359883964062 523.05301091074944 570.5462848842144 157.42868763208389 511.46630102396011 4383.7804468870163 10578.426769077778 2625.8497435450554 239.33588758111 150.86360010504723 509.94207298755646 1183.218108355999
leaf_count=17014 11155 764 2051 8747 14321 30833 1038 1515 1335 430 1037 4159 11246 3325 4551 3463 13692 22958 2652 1426 2011 498 1590 14402 41001 7223 802 437 1379 3167
internal_value=-0.00025481 -0.0160946 -0.00577083 0.0432531 0.00342745 -0.00156969 0.0358384 0.0195631 0.0210806 -0.0348776 0.02462 -0.0068464 -0.0285701 0.00849294 0.0393021 0.0358463 -0.030036 -0.0227145 -0.0239891 0.0352081 -0.0176487 0.00105511 0.0058797 -0.015884 -0.0393 0.0289816 -0.0221957 0.0253813 0.042925 0.048454
internal_weight=71795.7 52635.8 33970.8 19159.8 22020.4 17165.8 12809.4 2253.56 4854.64 18665 4418.27 11261.8 7708.32 5903.97 10555.8 7680.28 7445.58 11950.3 3954.96 1218.79 5555.61 1034.77 877.34 4985.07 10956.7 3912.02 378.292 695.736 3768.26 2875.53
internal_count=230222 178174 107587 52048 66165 52638 35034 6504 13527 70587 12192 34992 28354 17646 28530 20812 27590 41422 13898 3378 18464 3126 2628 16453 42233 10686 1232 1952 10126 7718
is_linear=0
shrinkage=0.05


Tree=27
num_leaves=31
num_cat=0
split_feature=2 2 8 8 2 0 8 0 7 0 8 0 8 5 8 7 5 2 5 7 3 8 8 8 8 8 8 8 0 8
split_gain=18133.9 4666.78 1898.76 951.246 763.026 575.036 393.081 290.707 283.873 276.023 254.997 237.239 150.267 128.09 128.028 116.144 83.3693 71.5076 61.4924 58.4025 54.8178 51.4286 50.2734 49.274 48.8891 74.8967 42.1702 36.1463 35.0314 32.2209
threshold=1.0000000180025095e-35 -1.0000000180025095e-35 107.69263076782228 -66.618366241455064 1.5000000000000002 63.500000000000007 16.161653518676761 65.500000000000014 -1.0000000180025095e-35 46.500000000000007 179.729362487793 62.500000000000007 -165.65875244140622 -1.0000000180025095e-35 222.81492614746097 -0.11375826224684714 7.5000000000000009 -1.4999999999999998 2.5000000000000004 0.044465936720371253 1.0000000180025095e-35 130.77565765380862 -160.02195739746091 -268.08998107910151 235.95204162597659 29.880530357360843 -0.54526796936988819 -361.24395751953119 55.500000000000007 96.730762481689467
decision_type=2 2 2 2 2 2 2 2 2 2 2 2 2 2 2 2 2 2 2 2 2 2 2 2 2 2 2 2 2 2
left_child=1 9 3 13 6 8 11 14 -5 10 17 12 27 22 21 -14 -15 -1 -7 -19 24 -4 -3 -13 25 -8 28 -2 -6 -11
right_child=4 2 7 5 26 18 20 -9 -10 29 -12 23 15 16 -16 -17 -18 19 -20 -21 -22 -23 -24 -25 -26 -27 -28 -29 -30 -31
leaf_value=-0.044403769021696439 -0.025225756569134301 -0.037729963004153752 0.025026541931593829 -0.010102800796390747 0.029640661438021479 -0.029793257932754166 0.047495478134392345 -0.011880798285119194 0.0020432377853061767 -0.044192674287059586 0.011937184643131931 0.0075857219153422934 0.007094332645712409 -0.021574151184501726 0.030773410105058064 0.024109290329557408 0.010479885721486479 -0.034319501629472053 -0.017139165833675151 -0.023040609353940419 0.0086531420107971956 0.010605616501068713 -0.02614167055463186 0.033840085600889983 0.043560689472950227 0.031847023455142363 0.048641620305574847 -0.00021708369198517974 0.044477694420491473 -0.032198747704764122
leaf_weight=1058.681057035923 189.37002795934677 2109.5214141309261 921.258948802948 8121.5192956030369 618.35564905405045 2071.8938755989075 936.44282838702202 679.44613134860992 11786.030176520348 9653.5557575821877 338.78269100189209 195.24995449185371 1636.318447291851 4521.714618653059 2591.4194471240044 2609.0959756076336 209.53267499804497 2996.5259086191654 1842.7805789709091 1947.1405824124813 179.61049899458885 1906.1847993433475 1804.3190487027168 2638.6167113184929 2095.2230843901634 4860.2576329708099 6982.1378325521946 563.30620044469833 1426.1210356354713 663.81850999593735
leaf_count=3430 533 6613 2466 22374 1725 6184 2658 1893 31799 30986 907 523 4377 13172 7161 7025 605 9217 5288 5729 486 5106 5201 7235 6087 13548 20796 1539 4051 1935
internal_value=-0.000286405 -0.0162653 -0.00671048 -0.0115189 0.0351055 -0.00636061 0.0284982 0.0188782 -0.00291317 -0.0383767 -0.0301155 0.0204953 0.0139197 -0.0257213 0.0227423 0.0175672 -0.020145 -0.032497 -0.023866 -0.0299049 0.0362461 0.0153402 -0.0324278 0.0320477 0.0368682 0.0344137 0.0467242 -0.0066341 0.0400735 -0.043437
internal_weight=80154.2 55224.1 38565.6 32467.3 24930.1 23822.2 15903.5 6098.31 19907.5 16658.5 6341.13 7831.96 4998.09 8645.09 5418.86 4245.41 4731.25 6002.35 3914.67 4943.67 8071.53 2827.44 3913.84 2833.87 7891.92 5796.7 9026.61 752.676 2044.48 10317.4
internal_count=230649 160066 107862 91236 70583 65645 44011 16626 54173 52204 19283 21232 13474 25591 14733 11402 13777 18376 11472 14946 22779 7572 11814 7758 22293 16206 26572 2072 5776 32921
is_linear=0
shrinkage=0.05


Tree=28
num_leaves=31
num_cat=0
split_feature=2 2 0 2 2 8 0 8 0 8 8 0 8 5 8 8 0 0 8 0 8 0 6 0 5 2 8 5 8 8
split_gain=2583.55 2455.27 2108.9 743.976 670.941 358.772 337.701 289.255 204.143 141.025 84.3543 82.6095 74.8303 68.8118 64.0053 63.7865 59.0804 57.5318 56.2342 51.43 51.1389 44.6408 43.9401 42.9688 42.4642 41.3567 40.8532 38.1107 49.2088 37.1051
threshold=1.0000000180025095e-35 -1.0000000180025095e-35 55.500000000000007 -1.4999999999999998 1.5000000000000002 139.82307434082034 78.500000000000014 -1.0000000180025095e-35 25.500000000000004 -123.1350631713867 -0.54526796936988819 73.500000000000014 269.34574890136724 -1.0000000180025095e-35 -60.695699691772454 247.85845947265628 63.500000000000007 69.500000000000014 -130.9697570800781 44.500000000000007 153.43129730224612 58.500000000000007 -2.4999999999999996 77.500000000000014 7.5000000000000009 2.5000000000000004 303.84550476074224 2.5000000000000004 -216.81816101074216 32.945169448852546
decision_type=2 2 2 2 2 2 2 2 2 2 2 2 2 2 2 2 2 2 2 2 2 2 2 2 2 2 2 2 2 2
left_child=1 3 5 21 7 8 17 13 18 27 25 14 23 16 -11 20 -2 24 -3 -10 -7 -1 -18 29 -4 -6 -17 -5 -29 -9
right_child=4 2 6 9 10 15 -8 12 19 11 -12 -13 -14 -15 -16 26 22 -19 -20 -21 -22 -23 -24 -25 -26 -27 -28 28 -30 -31
leaf_value=-0.023995587904567559 0.016784987457060318 -0.0030531310296845471 0.027099714739913152 -0.018129047617008249 -0.015137664847637093 -0.023776492294105216 0.050645945224971269 -0.018430700747694713 0.011834426616078536 0.014342996502728453 -0.035828422758487827 -0.011580710286920383 -0.028920185141657114 -0.004467898286987312 -0.00043859595958265673 -0.03275230461827932 0.02303728344618575 0.035543142681287901 0.0060290174839139022 0.020073304414168994 0.0016230452886736649 -0.035852934483152403 -0.010553616655504524 -0.025321069386887968 0.010847116140258718 -0.037223089998845001 -0.013089415553837112 0.020078324819262718 -0.021924550611868765 -0.0087153588033201303
leaf_weight=1328.458692073822 917.21661800146103 2054.3424277603626 3028.5082215219736 1859.5620981752872 913.57975971698761 239.0879767537117 2652.1585556864738 1548.4588697403669 5792.1150277554989 863.04402613639832 3799.9355062246323 1431.3756051808596 1046.9368018358946 2652.4380799531937 4682.8330853134394 373.67983859777451 118.14687258005142 2089.22903829813 9923.6172396242619 2843.0122074186802 1050.6251537650824 2185.0049252659082 461.10560889542103 739.88553854823112 473.9440494030714 277.79468031227589 920.77287814021111 155.15392169356346 118.53351499140263 2729.9185149669647
leaf_count=6360 3432 7722 9388 7880 4312 976 7348 6804 20163 3228 20796 5739 5320 10501 17178 1792 462 6121 35397 9329 4070 10751 1883 3503 1504 1464 4052 604 464 12106
internal_value=0.000609268 0.00674149 0.0142195 -0.0118815 -0.0171582 0.00649662 0.0359338 -0.00980776 0.00869852 -0.00433717 -0.032175 -0.000893689 -0.0167623 0.000366908 0.00187255 -0.0110502 0.00892277 0.0289168 0.00447071 0.014557 -0.00315918 -0.0314101 -0.00356375 -0.0141996 0.024919 -0.0204214 -0.0188698 -0.0155714 0.00181998 -0.012249
internal_weight=59270.5 44065.1 31441.1 12624 15205.4 23197.3 8243.84 10214.1 20613.1 9110.5 4991.31 6977.25 6065.2 4148.91 5545.88 2584.17 1496.47 5591.68 11978 8635.13 1289.71 3513.46 579.252 5018.26 3502.45 1191.37 1294.45 2133.25 273.687 4278.38
internal_count=230649 160066 107862 52204 70583 83501 24361 44011 72611 35093 26572 26145 27733 16278 20406 10890 5777 17013 43119 29492 5046 17111 2345 22413 10892 5776 5844 8948 1068 18910
is_linear=0
shrinkage=0.05


Tree=29
num_leaves=31
num_cat=0
split_feature=2 2 8 2 8 7 0 8 0 0 8 4 0 7 8 8 5 0 4 0 0 4 8 6 5 8 0 4 0 0
split_gain=17926.3 3814.14 1946.32 777.321 671.837 317.44 270.838 334.625 217.231 213.946 212.049 171.399 163.706 142.073 116.57 109.74 95.4563 93.1317 87.3023 76.6803 67.6668 53.1599 51.1971 49.88 32.5425 31.4448 30.6772 30.1997 26.4357 24.7208
threshold=-1.0000000180025095e-35 1.0000000180025095e-35 19.12481784820557 -1.4999999999999998 -155.41359710693357 0.021666238084435466 69.500000000000014 32.945169448852546 71.500000000000014 72.500000000000014 -310.69364929199213 0.22598905861377719 47.500000000000007 0.0038535788189619784 37.442897796630866 75.15427398681642 1.5000000000000002 68.500000000000014 0.13766863197088244 63.500000000000007 43.500000000000007 0.14864885061979297 24.120081901550297 -1.4999999999999998 5.5000000000000009 -155.41359710693357 81.500000000000014 0.40337233245372778 82.500000000000014 55.500000000000007
decision_type=2 2 2 2 2 2 2 2 2 2 2 2 2 2 2 2 2 2 2 2 2 2 2 2 2 2 2 2 2 2
left_child=3 2 4 29 8 9 7 13 11 -6 19 -2 14 25 18 16 22 -7 -12 -3 21 -9 -4 -15 -18 -5 -8 -22 -10 -1
right_child=1 10 15 6 5 17 26 20 28 -11 12 -13 -14 23 -16 -17 24 -19 -20 -21 27 -23 -24 -25 -26 -27 -28 -29 -30 -31
leaf_value=0.050344338272442848 0.025993499274870036 0.0096160014294293106 -0.02885554041197182 0.045339186291965455 0.0065969240998394576 -0.007472556600823352 0.041620626590799695 0.0059096775950315331 -0.003822125262292685 -0.017011605629266031 -0.011668971967139133 -0.0075001078927703184 -0.038697844404586346 0.035105822888501219 -0.035873123766081927 -0.026474235806904917 -0.021112926874385863 -0.024646936231631181 -0.028209658257271227 -0.031140303046971268 0.02508548652301423 -0.024885652716926984 -0.0097686593080706218 0.022055992015618007 -0.035204877038056949 0.03627469616793489 0.051837964876969213 0.00072098667907055485 -0.028579767045863094 0.057778556619104617
leaf_weight=2066.1145975887775 4044.9921868741512 371.39590588212013 392.21863529086113 1766.8145279586315 9161.9827555119991 6005.9449083507061 1922.1764461100101 742.69880965352058 284.55313232541084 1067.0315533578396 1243.2229754924774 419.57482147216797 10992.124437570572 1105.2209014892578 3014.0631959140301 6273.1718669831753 1335.1511222720146 905.82010558247566 2277.0939908921719 161.49257153272629 623.52736383676529 167.46129563450813 3187.9385258853436 2330.6705301403999 619.99139270186424 2596.4908115267754 1472.708800137043 159.82482847571373 170.45265775918961 4274.3629410862923
leaf_count=5564 11010 1085 1343 4718 27304 18773 5162 2227 851 3491 4138 1248 44117 2965 12256 22991 4578 3069 8443 544 1730 534 10441 6375 2229 6973 3944 465 534 11547
internal_value=-0.000184884 -0.0154563 -0.00555948 0.0410512 0.00321041 -0.00146562 0.0339742 0.0296076 0.0194876 0.00412711 -0.0340103 0.0228409 -0.0349548 0.0339806 -0.0286336 -0.0219376 -0.0167771 -0.00973953 -0.022393 -0.00290991 0.00942743 0.000138606 -0.011897 0.0262986 -0.02566 0.0399928 0.0461226 0.0201506 -0.0133066 0.0553976
internal_weight=71156.3 51928.2 33868.8 19228.1 22060.4 17140.8 12887.6 9492.71 4919.57 10229 18059.4 4464.57 17526.5 7799.2 6534.38 11808.5 5535.3 6911.77 3520.32 532.888 1693.51 910.16 3580.16 3435.89 1955.14 4363.31 3394.89 783.352 455.006 6340.48
internal_count=230649 178445 107862 52204 66280 52637 35093 25987 13643 30795 70583 12258 68954 21031 24837 41582 18591 21842 12581 1629 4956 2761 11784 9340 6807 11691 9106 2195 1385 17111
is_linear=0
shrinkage=0.05


Tree=30
num_leaves=31
num_cat=0
split_feature=2 2 8 8 2 0 8 5 0 8 0 7 8 8 0 7 8 8 5 2 8 7 7 3 0 8 8 0 0 8
split_gain=16264.4 4309.69 1774.14 883.73 742.096 592.989 372.485 287.817 271.269 229.352 214.01 185.636 179.581 104.663 99.6394 94.4663 93.7772 79.4078 72.9349 70.9701 65.8212 63.7683 61.6663 57.0164 49.9885 50.5265 48.2611 45.1245 42.5827 37.184
threshold=1.0000000180025095e-35 -1.0000000180025095e-35 -19.300438880920407 184.21182250976565 1.5000000000000002 59.500000000000007 16.161653518676761 -1.0000000180025095e-35 45.500000000000007 179.729362487793 51.500000000000007 -0.13101942092180249 -191.96870422363278 -165.65875244140622 48.500000000000007 0.1035098545253277 -268.08998107910151 -160.02195739746091 -3.4999999999999996 -1.4999999999999998 -46.97898864746093 -0.03393734619021415 -0.028826368972659108 1.0000000180025095e-35 62.500000000000007 235.95204162597659 -9.2462801933288556 75.500000000000014 60.500000000000007 96.730762481689467
decision_type=2 2 2 2 2 2 2 2 2 2 2 2 2 2 2 2 2 2 2 2 2 2 2 2 2 2 2 2 2 2
left_child=1 8 7 5 6 11 10 17 9 19 13 -4 -9 -2 -5 -14 -12 -3 -7 -1 -19 -21 -15 24 25 -8 28 -18 -6 -10
right_child=4 2 3 14 26 18 23 12 29 -11 16 -13 15 22 -16 -17 27 20 -20 21 -22 -23 -24 -25 -26 -27 -28 -29 -30 -31
leaf_value=-0.043321306993683785 -0.009047496802765698 -0.036240005515881767 -0.0096552763097569397 0.029089496818532241 0.026593260231798463 -0.03460448404702262 0.029124040066493131 -0.027962401344378576 -0.0428095357910869 0.011964606803267268 0.00057065953009338038 0.0047178251264522698 -0.014074297993408313 0.0078659187701695162 0.0083762189825988664 -0.0012418891006348986 0.025138120352247169 -0.018877808541057195 -0.016433245804930611 -0.034453943880324682 -0.032237985165321253 -0.022722886408769835 0.021683331805379208 0.0060895031265189477 0.040999674830633118 0.040285672310720749 0.047049923410398375 0.036831772510845524 0.043414588660906223 -0.030150473543304725
leaf_weight=970.4050572514534 564.39465588331223 2062.8863536417484 2695.8670200705528 2898.084098637104 629.87549111247063 676.02044224739075 3721.3433290719986 1836.5882737934589 9551.1709054410458 327.56173059344292 300.99659979343414 13352.13084924221 5006.8957454562187 1772.2536372244358 732.07387307286263 2010.520245552063 2250.5720509588718 2440.8573766052723 3087.2111355662346 2254.6381660401821 1516.6454347968102 2497.9412488043308 1492.6639980375767 173.68433400988579 2612.0277967751026 1468.2067420482635 7089.3197013139725 1377.23622199893 1081.8536741435528 675.27809602022171
leaf_count=3250 1559 6615 7417 8050 1775 2063 10497 5619 31626 877 814 35943 14170 4744 2001 5595 6153 7073 8913 7119 4328 7492 4032 472 7543 4359 21701 3835 3128 1999
internal_value=-0.000264487 -0.015461 -0.00630269 0.00226818 0.0335462 -0.00188948 0.0270262 -0.0198062 -0.0370108 -0.0285696 0.0192047 0.00230106 -0.0140577 0.0107718 0.0249296 -0.0104013 0.0273999 -0.0282417 -0.0197391 -0.030898 -0.0240321 -0.0283185 0.0142065 0.034618 0.0352488 0.0323176 0.0451798 0.029622 0.0373202 -0.0419888
internal_weight=79127.2 54592.8 38315.8 23441.4 24534.4 19811.2 15733.4 14874.4 16277 6050.55 7758.12 16048 8854 3829.31 3630.16 7017.42 3928.8 6020.39 3763.23 5722.98 3957.5 4752.58 3264.92 7975.26 7801.58 5189.55 8801.05 3627.81 1711.73 10226.4
internal_count=230762 160150 107787 64387 70612 54336 44008 43400 52363 18738 21137 43360 25384 10335 10051 19765 10802 18016 10976 17861 11401 14611 8776 22871 22399 14856 26604 9988 4903 33625
is_linear=0
shrinkage=0.05


Tree=31
num_leaves=31
num_cat=0
split_feature=2 2 1 2 2 1 8 8 1 8 6 8 8 7 8 8 4 1 8 8 8 8 9 2 2 6 9 4 1 8
split_gain=2241.15 2139.25 1919.31 700.881 653.824 327.768 301.408 292.994 163.631 121.235 115.137 98.6287 97.6463 67.3798 65.5524 64.3541 63.6957 61.9255 59.0205 73.1406 81.9323 54.8394 52.5191 48.8016 46.4292 45.6994 43.9792 43.0872 40.4347 42.0444
threshold=1.0000000180025095e-35 -1.0000000180025095e-35 38.500000000000007 -1.4999999999999998 1.5000000000000002 11.500000000000002 -1.0000000180025095e-35 247.85845947265628 72.500000000000014 7.1921761035919198 -1.0000000180025095e-35 -0.54526796936988819 312.58627319335943 -0.018828534521162506 269.34574890136724 -31.164384841918942 -0.1437711417675018 20.500000000000004 -165.65875244140622 -46.97898864746093 -64.778663635253892 -216.81816101074216 1.0000000180025095e-35 2.5000000000000004 -2.4999999999999996 4.5000000000000009 1.0000000180025095e-35 1.0470361113548281 12.500000000000002 -49.602500915527337
decision_type=2 2 2 2 2 2 2 2 2 2 2 2 2 2 2 2 2 2 2 2 2 2 2 2 2 2 2 2 2 2
left_child=1 3 5 24 6 -3 18 8 26 10 15 23 16 -12 25 -5 -11 -7 21 20 -20 -2 -21 28 -1 27 -4 -8 -6 -30
right_child=4 2 7 9 11 17 14 -9 -10 12 13 -13 -14 -15 -16 -17 -18 -19 19 22 -22 -23 -24 -25 -26 -27 -28 -29 29 -31
leaf_value=-0.039084799953926164 0.0065212400178090019 0.046793653474245619 0.011819058222463527 -0.0085749246699717962 -0.030656843906381112 0.033199321940587737 -0.014245251608373101 -0.018332002853772213 0.001742922966862126 -0.0010413615215184783 -0.0094336140015468823 -0.035470583604215504 -0.029346631783616729 0.0088551574140216995 -0.027701465411140859 -0.022090073940930988 0.014459444749008642 0.022816751758903759 -0.0019529146519987736 0.0081757453568481447 -0.02760722080059453 0.037599724628752378 -0.017677042007397503 -0.037026202680257657 -0.026416239927364683 -0.030327517061684996 0.0024668912154734383 -6.7100129419487989e-05 -0.018024348374458994 0.0070639132819656216
leaf_weight=1119.7658092975616 666.83970847725868 2690.2393183112144 9815.8425552248955 2886.4330091625452 230.44147819280624 2141.3103365600109 3933.3043519109488 1251.5267278254032 9629.4025795459747 1268.5910266786814 827.51925428211689 3623.5003389269114 193.10540661215782 1270.0151935964823 1016.6954320073128 1270.821849167347 1381.2595466226339 4637.7219713181257 995.56043034791946 1610.6977959424257 448.33141325414181 176.41007143259048 218.88278482854366 271.58415891230106 2268.2778237015009 380.06694841384888 1445.0918626189232 620.30525952577591 356.57439468801022 306.46014750003815
leaf_count=5832 2397 7361 34186 11875 1131 6177 17785 5791 34817 4661 3275 20792 763 4739 5364 4969 4965 14459 4040 6478 1839 564 882 1494 11284 1817 4996 2842 1711 1476
internal_value=0.000601228 0.00625976 0.0131805 -0.0112602 -0.0161918 0.0320139 -0.00894946 0.00512071 0.0065298 -0.00402466 -0.00791401 -0.0313923 0.00453116 0.0016346 -0.0161408 -0.0127279 0.00705059 0.0261184 0.00145204 -0.00159138 -0.00998641 0.0132062 0.00504309 -0.0186108 -0.0306547 -0.0137329 0.0106205 -0.0123161 -0.0128383 -0.00646226
internal_weight=58952.6 44096.9 31611.1 12485.8 14855.7 9469.27 10067.1 22141.9 20890.3 9097.75 6254.79 4788.56 2842.96 2097.53 5950.37 4157.25 2649.85 6779.03 4116.72 3273.47 1443.89 843.25 1829.58 1165.06 3388.04 4933.68 11260.9 4553.61 893.476 663.035
internal_count=230762 160150 107787 52363 70612 27997 44008 79790 73999 35247 24858 26604 10389 8014 27808 16844 9626 20636 16200 13239 5879 2961 7360 5812 17116 22444 39182 20627 4318 3187
is_linear=0
shrinkage=0.05


Tree=32
num_leaves=31
num_cat=0
split_feature=2 2 8 2 7 0 0 8 0 0 8 8 4 7 4 8 5 8 5 0 4 8 8 5 8 5 0 2 8 8
split_gain=15972.2 3644.73 1801.5 746.781 666.589 265.167 246.759 313.849 243.954 208.686 163.641 160.98 144.121 141.811 115.104 94.9875 92.4042 90.5313 81.5019 57.8814 49.4376 48.3491 46.4768 42.4877 39.5413 31.2238 29.6016 27.6116 25.6127 34.8292
threshold=-1.0000000180025095e-35 1.0000000180025095e-35 19.12481784820557 -1.4999999999999998 -0.12799132615327832 71.500000000000014 68.500000000000014 32.945169448852546 37.500000000000007 51.500000000000007 11.03136730194092 -130.9697570800781 0.67575129866600048 -0.028826368972659108 0.13766863197088244 75.15427398681642 1.5000000000000002 -268.08998107910151 2.5000000000000004 45.500000000000007 0.28522720932960516 49.591728210449226 -287.51872253417963 -1.0000000180025095e-35 -41.776523590087884 5.5000000000000009 82.500000000000014 1.5000000000000002 184.21182250976565 82.886116027832045
decision_type=2 2 2 2 2 2 2 2 2 2 2 2 2 2 2 2 2 2 2 2 2 2 2 2 2 2 2 2 2 2
left_child=3 2 4 -1 5 12 7 13 11 10 14 -6 -2 -5 23 16 21 -16 -10 20 -9 -4 -11 -3 -7 -18 -8 -12 29 -17
right_child=1 9 15 6 8 24 26 19 18 22 27 -13 -14 -15 17 28 25 -19 -20 -21 -22 -23 -24 -25 -26 -27 -28 -29 -30 -31
leaf_value=0.052793624535440897 0.017797478511793901 -0.015499563962720867 -0.015517979385329185 0.038458231799208625 0.017871004273432689 -0.019631723592169817 0.039304966789238373 0.0046816170464217717 -0.0072284948668133557 -0.018628706484498738 -0.031121292728091349 -0.0015011451638778776 -0.031573274782872494 0.024845138191977333 0.0078033265295810025 -0.03457838141453233 -0.020704293294198359 -0.028810133304972875 -0.020091834879892728 0.0189047561604208 -0.026819946226361725 -0.0029578689773169858 -0.03873641032061844 0.0030636688959732104 0.0020569262955180499 -0.034665659180816662 0.049372335519260124 -0.040700194720360849 -0.029342233017998449 -0.020503037371950642
leaf_weight=6269.7327662408352 7690.8068930506706 638.0543218255043 2408.2705446481705 3908.3815019726753 1263.4107318222523 571.57124435901642 2260.2869969010353 847.1985972225666 3076.9431935250759 310.31463047862053 2967.32030159235 6935.9262153506279 146.31869012117386 3843.1135373711586 182.20749196410179 526.48854959011078 1314.5145978629589 2011.2295313328505 2058.7188423573971 690.77214932441711 140.86478865146637 1126.6720003187656 9644.1989811211824 589.36642587184906 329.2910849750042 604.0073319375515 1283.4932533800602 1116.8468712568283 2561.4466516971588 3035.7386837601662
leaf_count=17116 21928 2062 8010 10459 3475 1800 6062 2524 9580 1027 12199 21208 457 10390 549 1848 4562 7537 6853 1917 454 3702 40402 1939 1073 2222 3441 4897 10051 11018
internal_value=-0.000206336 -0.014825 -0.0052055 0.0386131 0.00317346 0.0139034 0.0317427 0.027486 -0.00386007 -0.0333581 -0.0270219 0.00149292 0.0168562 0.0317294 -0.0189071 -0.0211753 -0.0163467 -0.0257578 -0.0123995 0.00785765 7.81236e-05 -0.0115246 -0.0381193 -0.00660985 -0.0117363 -0.0251784 0.0430156 -0.0337873 -0.0254586 -0.0226289
internal_weight=70353.5 51109.7 33650.1 19243.8 22073 8737.99 12974.1 9430.33 13335 17459.5 7505.02 8199.34 7837.13 7751.5 3420.86 11577.1 5453.46 2193.44 5135.66 1678.84 988.063 3534.94 9954.51 1227.42 900.862 1918.52 3543.78 4084.17 6123.67 3562.23
internal_count=230762 178399 107787 52363 66374 25258 35247 25744 41116 70612 29183 24683 22385 20849 12087 41413 18496 8086 16433 4895 2978 11712 41429 4001 2873 6784 9503 17096 22917 12866
is_linear=0
shrinkage=0.05


Tree=33
num_leaves=31
num_cat=0
split_feature=2 2 8 8 2 0 8 8 0 0 8 8 5 7 5 0 8 8 8 5 8 8 3 8 8 8 8 4 4 0
split_gain=14539.2 4141.81 1597.01 769.729 721.21 527.598 357.73 271.034 263.891 206.252 198.202 187.561 175.998 125.472 119.211 99.2642 91.8108 74.2594 72.3549 70.0077 61.657 99.3309 74.5956 53.5098 52.0427 50.5964 48.6441 47.7768 46.7062 43.7041
threshold=1.0000000180025095e-35 -1.0000000180025095e-35 -19.300438880920407 184.21182250976565 1.5000000000000002 48.500000000000007 16.161653518676761 -170.74105834960935 40.500000000000007 62.500000000000007 179.729362487793 58.475917816162116 -1.0000000180025095e-35 -0.053878191858530038 -2.4999999999999996 64.500000000000014 -155.41359710693357 -361.24395751953119 -117.65232849121092 -1.0000000180025095e-35 28.580967903137211 46.760663986206062 1.0000000180025095e-35 96.730762481689467 -9.2462801933288556 -46.97898864746093 -268.08998107910151 0.58183753490448009 0.47888524830341345 70.500000000000014
decision_type=2 2 2 2 2 2 2 2 2 2 2 2 2 2 2 2 2 2 2 2 2 2 2 2 2 2 2 2 2 2
left_child=1 8 7 5 6 11 9 27 10 13 19 -4 25 17 -7 28 -14 -2 -15 -1 -8 29 -23 -10 -6 -9 -11 -3 -5 -22
right_child=4 2 3 15 24 14 20 12 23 26 -12 -13 16 18 -16 -17 -18 -19 -20 -21 21 22 -24 -25 -26 -27 -28 -29 -30 -31
leaf_value=-0.033669972383856793 -0.028192565722858449 -0.030979736812353977 -0.000116740610484819 0.029322482898853832 0.035528376468088124 -0.029078695382961036 0.046121365307921575 -0.018412795105167037 -0.041419650530490904 0.0050845996584525125 0.014454540146041611 0.012393903986888997 0.022969507908500445 -0.0089213106849507142 -0.010818580051232929 -0.0013003962690754703 -0.01060847868669719 0.00668481189542189 0.023459792570791824 -0.020869543257180545 0.010467419969407506 0.034838927025749984 -0.0011423163646190752 -0.02720863361246776 0.045660295691739336 -0.030202073783113872 0.03066572098212908 -0.0039793877131508015 0.013429739635753959 0.034768321299182038
leaf_weight=2914.0760550796986 157.27667027711868 3778.3249681890011 9926.9808279871941 2649.3210639059544 1689.8288729190826 1122.1442227065563 836.67994445562363 2476.7382725477219 10179.709124147892 202.59788182377815 276.43597736954689 4285.7306331396103 205.50796791911125 186.17268198728561 4387.9811392426491 355.68482637405396 6574.0123133659363 2584.068854957819 2002.5910853147507 1743.8280776143074 737.48969987034798 5871.7495124340057 147.34516975283623 750.01786541938782 6886.9456931352615 1479.4559070467949 2580.7709302306175 172.91513600945473 575.29002699255943 245.60298675298691
leaf_count=9442 447 12099 26867 7423 4927 3381 2461 7243 34706 542 739 11482 594 509 12478 978 18537 6963 5448 5312 2086 17202 403 2239 21762 4269 7225 506 1596 708
internal_value=-0.000210105 -0.0146611 -0.00569886 0.00244006 0.0320396 -0.00143362 0.0256049 -0.0186089 -0.0361146 0.0179407 -0.0264639 0.00365878 -0.0144765 0.0117778 -0.0145603 0.0237513 -0.00957445 0.00463614 0.0206915 -0.0289053 0.0331303 0.0315463 0.0339579 -0.0404574 0.0436859 -0.0228541 0.0288162 -0.0298047 0.0265123 0.0166837
internal_weight=77983.3 53854.2 37990.1 23303.1 24129.1 19722.8 15552.3 14687 15864.1 7713.48 4934.34 14212.7 10735.7 4930.11 5510.13 3580.3 6779.52 2741.35 2188.76 4657.9 7838.87 7002.19 6019.09 10929.7 8576.77 3956.19 2783.37 3951.24 3224.61 983.093
internal_count=230574 159891 107453 64205 70683 54208 43994 43248 52438 21134 15493 38349 30643 13367 15859 9997 19131 7410 5957 14754 22860 20399 17605 36945 26689 11512 7767 12605 9019 2794
is_linear=0
shrinkage=0.05


Tree=34
num_leaves=31
num_cat=0
split_feature=2 2 0 2 2 8 8 0 0 8 8 8 8 8 8 5 0 6 2 8 4 8 2 8 0 8 8 8 8 0
split_gain=1971.55 1915.33 1672.46 658.9 630.37 279.779 268.623 264.461 167.34 119.571 102.693 78.2096 108.222 76.1707 65.9449 63.0283 59.453 57.9149 48.8002 48.4255 61.0141 47.6224 46.7854 43.0572 41.7706 39.6676 38.9391 38.8281 37.8003 35.347
threshold=1.0000000180025095e-35 -1.0000000180025095e-35 55.500000000000007 -1.4999999999999998 1.5000000000000002 139.82307434082034 -1.0000000180025095e-35 78.500000000000014 32.500000000000007 -123.1350631713867 -0.54526796936988819 -60.695699691772454 7.1921761035919198 130.77565765380862 269.34574890136724 -1.0000000180025095e-35 67.500000000000014 1.0000000180025095e-35 2.5000000000000004 247.85845947265628 0.37889012694358831 184.21182250976565 -2.4999999999999996 -1.0000000180025095e-35 78.500000000000014 18.190244674682621 -380.98957824707026 32.945169448852546 303.84550476074224 77.500000000000014
decision_type=2 2 2 2 2 2 2 2 2 2 2 2 2 2 2 2 2 2 2 2 2 2 2 2 2 2 2 2 2 2
left_child=1 3 5 22 6 8 15 21 13 -5 18 17 -13 -3 24 16 -2 -11 29 20 -7 25 -1 -24 27 -4 -10 -8 -21 -6
right_child=4 2 7 9 10 19 14 -9 26 11 -12 12 -14 -15 -16 -17 -18 -19 -20 28 -22 -23 23 -25 -26 -27 -28 -29 -30 -31
leaf_value=-0.038719447394192266 0.016691131262113818 0.0040794266468269598 0.023531919388716436 -0.014313107599763146 -0.005900146262432261 -0.0089809730903547547 -0.017210792507387659 0.044449471839245289 0.040910557583782876 0.0070469757720826604 -0.034879372829957178 -0.0095072134509537401 0.0040211481883507053 0.04294398111879312 -0.026991813951918877 -0.0030813983892228544 -0.0046140911730225597 0.040850775975048652 -0.036420761291704427 -0.030898882372622456 0.017622923687805377 0.0072325954177203987 -0.030032618722213092 -0.014076380027464511 -0.024608983457206191 0.032887809553895114 0.013559826979977678 -0.0072219090782144812 -0.01157479222585237 -0.029046998797264523
leaf_weight=1070.0423199087381 1004.8523234277964 14203.131128117442 3656.4997933506966 2095.1182398796082 664.03925457596779 1002.5413949042559 1534.9751919955015 2696.9315281808376 129.27453702688217 919.07108703255653 3465.4353103488684 3044.2777281999588 2865.2970812171698 122.26720321178436 971.49787156283855 2616.0849158316851 481.88012912869453 142.65059219300747 257.3632477670908 354.75654843449593 269.28394043445587 343.7609705477953 1594.2618297934532 593.99224929511547 637.86122259497643 1721.2995929419994 6286.9333907961845 2680.9025731831789 894.72464460134506 216.14598739147186
leaf_count=5825 3745 50592 10833 9042 3247 3958 6996 7314 415 3532 20860 11805 10450 420 5313 10456 1990 523 1480 1795 1026 1135 8314 2947 3193 5014 20863 12301 4088 1102
internal_value=0.000657299 0.00593031 0.0124359 -0.0107911 -0.0153081 0.00552228 -0.00820963 0.0315259 0.00743433 -0.0038543 -0.0305932 -0.000703052 -0.00295004 0.004426 -0.0151073 0.00159025 0.00979336 0.011759 -0.0174404 -0.0101909 -0.00330117 0.0254007 -0.0300576 -0.0257433 -0.0127032 0.0265543 0.0141423 -0.0108749 -0.0171626 -0.0117163
internal_weight=58537.2 44006.1 31681.4 12324.7 14531 23262.9 9928.05 8418.49 20741.6 9066.41 4602.98 6971.3 5909.57 14325.4 5825.24 4102.82 1486.73 1061.72 1137.55 2521.31 1271.83 5721.56 3258.3 2188.25 4853.74 5377.8 6416.21 4215.88 1249.48 880.185
internal_count=230574 159891 107453 52438 70683 83157 43994 24296 72290 35352 26689 26310 22255 51012 27803 16191 5735 4055 5829 10867 4984 16982 17086 11261 22490 15847 21278 19297 5883 4349
is_linear=0
shrinkage=0.05


Tree=35
num_leaves=31
num_cat=0
split_feature=2 2 8 2 8 7 0 8 0 0 4 8 0 7 8 8 4 5 8 0 8 8 8 8 5 0 4 0 5 0
split_gain=14612.1 3337.14 1665.94 703.5 564.104 277.479 234.132 290.588 207.756 187.432 181.731 179.105 136.178 122.813 113.9 94.624 91.2742 86.064 81.3353 45.5471 48.727 44.6193 42.6118 40.3704 39.0438 35.9094 34.3513 27.1404 25.2144 22.8873
threshold=-1.0000000180025095e-35 1.0000000180025095e-35 19.12481784820557 -1.4999999999999998 -160.02195739746091 0.036707153543829925 65.500000000000014 33.875438690185554 52.500000000000007 40.500000000000007 0.22598905861377719 -310.69364929199213 68.500000000000014 0.067583315074443831 37.442897796630866 75.15427398681642 0.13283916562795642 1.5000000000000002 -48.137819290161126 35.500000000000007 84.934501647949233 24.120081901550297 -155.41359710693357 -254.63584899902341 1.5000000000000002 83.500000000000014 0.28522720932960516 66.500000000000014 5.5000000000000009 57.500000000000007
decision_type=2 2 2 2 2 2 2 2 2 2 2 2 2 2 2 2 2 2 2 2 2 2 2 2 2 2 2 2 2 2
left_child=3 2 4 29 10 9 7 13 11 -6 12 -3 -2 22 16 17 -13 21 -7 20 -9 -4 -5 27 -12 -8 -21 -10 -19 -1
right_child=1 8 15 6 5 18 25 19 23 -11 24 14 -14 -15 -16 -17 -18 28 -20 26 -22 -23 -24 -25 -26 -27 -28 -29 -30 -31
leaf_value=0.046162750152408644 0.024123974787188099 0.012286206776961562 -0.027438110112217619 0.040606300895271813 0.0084067033473348273 -0.018970742547455739 0.037101238732050477 0.010199309135896605 -0.003009654420111208 -0.0052802774643135285 0.0095308001677002572 -0.01157341735595451 -0.0061365605910944677 0.020614238998351984 -0.034769333787414113 -0.025165831430816257 -0.027637131781177795 -0.020551787790895736 -0.0063057415105319649 0.019167253490881411 -0.016243092224260156 -0.0093266637531921447 0.030714771638931632 -0.038232763392826635 -0.01900152521199305 0.048067804732549846 -0.0035506586641989683 -0.031734096535658139 -0.033242347498157181 0.053192274472996792
leaf_weight=2201.5613243579865 3884.0661669671535 285.46163034439087 378.99655005335808 1807.2632181942463 6800.55310729146 1744.5307077169418 2915.4792034327984 332.32702645659447 138.94562263786793 3950.6704206764698 175.22504851222038 1360.9659889787436 409.09393844008446 2462.2949295639992 3310.1261520087719 5987.5680099725723 2580.3649338185787 1319.0148508697748 4637.2520599663258 671.71312692761421 355.69653269648552 3123.1094569265842 3135.1436267197132 9013.7685884535313 358.28770729899406 1122.7515035867691 218.79665997624397 200.61526960134506 589.04456517100334 3963.1510895192623
leaf_count=6071 10487 824 1330 4855 19991 5423 7830 942 447 12345 522 4666 1221 6649 14540 22860 10096 4639 14959 1873 1146 10358 8390 39395 1100 3022 645 715 2218 11015
internal_value=-0.000318179 -0.0144918 -0.005321 0.0367958 0.00272965 -0.00152512 0.0301862 0.0256621 -0.0325966 0.00337714 0.0178185 -0.0263802 0.0212367 0.0298122 -0.0279097 -0.0208263 -0.0221119 -0.0160049 -0.00978 0.00616203 -0.00348953 -0.011323 0.0343691 -0.037589 -0.00962899 0.040206 0.0135968 -0.0201945 -0.0245462 0.0507213
internal_weight=69433.8 50247.7 33357.4 19186.2 21959.7 17133 13021.5 8983.24 16890.2 10751.2 4826.67 7536.92 4293.16 7404.7 7251.46 11397.7 3941.33 5410.17 6381.78 1578.53 688.024 3502.11 4942.41 9353.33 533.513 4038.23 890.51 339.561 1908.06 6164.71
internal_count=230574 178136 107453 52438 66048 52718 35352 24500 70683 32336 13330 30126 11708 19894 29302 41405 14762 18545 20382 4606 2088 11688 13245 40557 1622 10852 2518 1162 6857 17086
is_linear=0
shrinkage=0.05


Tree=36
num_leaves=31
num_cat=0
split_feature=2 2 8 2 8 1 8 1 5 8 4 1 8 8 7 1 7 8 8 5 8 8 3 8 8 8 1 1 4 8
split_gain=13294.2 3747.17 1428.74 715.987 684.633 467.747 306.209 265.103 256.41 191.276 185.611 184.73 149.596 124.361 88.3356 85.9613 81.6713 73.1552 63.7273 62.891 60.7571 94.5501 70.4173 55.349 51.2045 46.5498 43.8807 41.7995 42.7876 38.2223
threshold=1.0000000180025095e-35 -1.0000000180025095e-35 -19.300438880920407 1.5000000000000002 184.21182250976565 28.500000000000004 16.161653518676761 48.500000000000007 -1.0000000180025095e-35 179.729362487793 -0.59927418828010548 17.500000000000004 -191.96870422363278 -165.65875244140622 0.077888179570436492 45.500000000000007 -0.11375826224684714 -160.02195739746091 -14.519459724426268 -1.0000000180025095e-35 28.580967903137211 46.760663986206062 1.0000000180025095e-35 -135.04876708984372 96.730762481689467 -9.2462801933288556 33.500000000000007 34.500000000000007 0.59445485472679149 369.94026184082037
decision_type=2 2 2 2 2 2 2 2 2 2 2 2 2 2 2 2 2 2 2 2 2 2 2 2 2 2 2 2 2 2
left_child=1 7 8 6 5 18 11 24 17 19 -7 -2 -10 -13 -14 29 -15 -3 -4 -9 -8 26 -23 -19 -1 27 -22 -5 -29 -6
right_child=3 2 4 25 15 10 20 9 12 -11 -12 13 14 16 -16 -17 -18 23 -20 -21 21 22 -24 -25 -26 -27 -28 28 -30 -31
leaf_value=-0.040599523327069433 0.031571317465854849 -0.034082803745152657 0.010977028851826307 0.040005689297556699 0.013530476242859305 -0.027084557418832839 0.044506425238436176 -0.03253719665714979 -0.025503562457615387 0.013423057733288233 0.0027869374555902584 -0.0044409225003654651 -0.013233236553576475 0.0080644369386012934 -0.0012652711432935787 0.02653012498221842 0.021137592294024156 -0.0016227986148001383 -0.020191111652512583 -0.020554860077582598 0.027535645233080393 0.033100352376386193 -0.001905771541294667 -0.023858097407442921 -0.026302899605319209 0.04453754836474505 0.0059730083617773617 0.037469685798411194 0.0078062073255488352 -0.01268606269778774
leaf_weight=9642.7484464943409 1742.4748377799988 1951.6528306007385 169.78068152070045 1165.6241808831692 664.88575151562691 532.79406824707985 812.43790024518967 2949.5596693754196 1787.3763183355331 292.9481372833252 15757.201239973307 866.32406735420227 4680.3593117296696 1968.7374059259892 2299.7510187327862 2693.5031233429909 3070.415636330843 304.33271539211273 3214.4474642276764 1804.9452431201935 410.1863140463829 5760.9253206253052 146.78642416000366 3588.9824203252792 708.89178135991096 6654.8161090314388 555.03187626600266 232.45075210928917 255.97528812289238 171.19996622204781
leaf_count=34006 4946 6532 516 3509 1831 1490 2445 9795 5647 784 42594 2383 13395 5325 6426 7643 8429 890 9600 5578 1194 17200 403 10528 2155 21741 1578 661 744 474
internal_value=-0.000394882 -0.0142554 -0.00578694 0.0307997 0.00192586 -0.00171365 0.02438 -0.0350432 -0.0180309 -0.0255988 0.00180192 0.0172776 -0.0126111 0.0130369 -0.00929386 0.0221865 0.0160431 -0.026143 -0.0186136 -0.0280147 0.031432 0.0298553 0.0322297 -0.0221243 -0.0396336 0.0426249 0.0152311 0.0348188 0.0221602 0.00811878
internal_weight=76857.5 53215.4 37816.3 23642.2 23203.8 19674.2 15333.3 15399.1 14612.5 5047.45 16290 7647.95 8767.49 5905.48 6980.11 3529.59 5039.15 5844.97 3384.23 4754.5 7685.37 6872.93 5907.71 3893.32 10351.6 8308.87 965.218 1654.05 488.426 836.086
internal_count=230442 159884 107566 70558 64148 54200 43903 52318 43418 16157 44084 21083 25468 16137 19821 9948 13754 17950 10116 15373 22820 20375 17603 11418 36161 26655 2772 4914 1405 2305
is_linear=0
shrinkage=0.05


Tree=37
num_leaves=31
num_cat=0
split_feature=2 2 2 0 2 0 8 8 8 8 4 8 5 0 2 8 0 7 2 8 0 4 4 8 8 4 8 2 0 8
split_gain=1861 1409.82 827.219 810.257 1291.23 329.647 256.271 223.633 152.739 90.6734 65.3569 62.8838 60.0693 51.8706 43.8881 43.7055 43.2596 38.2564 34.6619 33.0295 32.646 36.2886 117.236 31.8619 25.3632 29.9415 23.2753 14.9983 13.53 13.0793
threshold=1.5000000000000002 -1.4999999999999998 1.0000000180025095e-35 49.500000000000007 -1.0000000180025095e-35 77.500000000000014 247.85845947265628 -1.0000000180025095e-35 -130.9697570800781 -0.54526796936988819 -0.13067968934774396 269.34574890136724 -1.4999999999999998 57.500000000000007 2.5000000000000004 32.945169448852546 38.500000000000007 -0.32254792749881739 -2.4999999999999996 303.84550476074224 68.500000000000014 0.60499006509780895 0.90228471159935009 375.88629150390631 -1.0000000180025095e-35 -1.44338983297348 11.03136730194092 -2.4999999999999996 78.500000000000014 12.074971675872805
decision_type=2 2 2 2 2 2 2 2 2 2 2 2 2 2 2 2 2 2 2 2 2 2 2 2 2 2 2 2 2 2
left_child=1 13 3 6 10 -6 8 12 -3 14 -5 15 17 18 20 -9 -14 -4 -1 -8 21 -2 -23 -13 25 -20 -15 -28 -29 -26
right_child=9 2 7 4 5 -7 19 11 -10 -11 -12 23 16 26 -16 -17 -18 -19 24 -21 -22 22 -24 -25 29 -27 27 28 -30 -31
leaf_value=-0.037919932214604851 -0.018570233509013819 -0.0042419179609866162 -0.0048807952178495685 -0.0094681405881580777 0.022038121315678214 0.041855388392307187 -0.031766531022189508 -0.018067481327580116 0.0061959700883977408 -0.034499772359305798 0.0026239897815502336 -0.031430678032386708 0.0051849006892365672 -0.03658992787087996 -0.03641836769919967 -0.0080421107923088434 -0.0072939896067647546 0.016035466238289484 0.0025560399372062254 -0.013519849088610461 -0.023791482469698481 0.047075559944138479 -0.018463243472619923 -0.010420709254561629 0.013783770795363534 -0.025375985582308636 -0.037046884719951316 -0.0047849451809639423 -0.029484955364415023 -0.010544878971433753
leaf_weight=225.2329745143652 229.25181490182877 4218.4592979103327 287.77790892124176 2571.4400054961443 7250.2018983960152 2966.9194288551807 341.29269102215767 1700.2176913768053 20623.819937333465 3296.9716171175241 1970.1960288882256 683.6930201202631 1121.9752827137709 1640.6885873526335 243.12069031596184 3046.007325142622 1806.1384969502687 879.39008614420891 114.19958938658237 935.94316722452641 359.96670119464397 109.55896933376789 164.20656387507915 253.5350239276886 84.126374170184135 567.97472463548183 105.41198216378689 150.78085646033287 84.997076839208603 140.42080970108509
leaf_count=1248 1137 16144 1090 10475 21805 8011 1764 8032 72914 20835 7490 3870 4239 9203 1460 14368 7489 3383 619 4314 1873 539 811 1432 427 2994 581 770 433 692
internal_value=0.00089818 0.0034583 0.00546659 0.0085915 0.0179541 0.0278105 0.00329874 -0.00759427 0.00442302 -0.0303347 -0.00422537 -0.0140083 0.00131343 -0.0291697 -0.0178206 -0.0116487 -0.00251172 0.0108795 -0.0204674 -0.0185004 -0.0124016 -0.00409688 0.00813883 -0.0258326 -0.0159479 -0.0207154 -0.0340761 -0.0216337 -0.0141166 -0.00132847
internal_weight=58173.9 53770.8 50657 40878.3 14758.8 10217.1 26119.5 9778.73 24842.3 4403.08 4541.64 5683.45 4095.28 3113.83 1106.1 4746.23 2928.11 1167.17 1131.95 1277.24 862.984 503.017 273.766 937.228 906.721 682.174 1981.88 341.19 235.778 224.547
internal_count=230442 203787 186820 142917 47781 29816 95136 43903 89058 26655 17965 27702 16201 16967 5820 22400 11728 4473 5980 6078 4360 2487 1350 5302 4732 3613 10987 1784 1203 1119
is_linear=0
shrinkage=0.05


Tree=38
num_leaves=31
num_cat=0
split_feature=2 2 8 2 7 0 8 0 0 0 8 8 4 0 5 4 8 7 8 8 5 8 8 4 8 8 8 5 5 4
split_gain=12936.6 3198.25 1518.82 670.896 502.112 234.764 223.585 202.355 201.261 171.417 151.296 112.157 106.57 95.8912 95.4539 90.8168 90.1834 85.474 82.8013 76.6969 89.4988 65.6326 65.6547 45.2873 44.9198 44.8224 39.9878 38.0281 34.4207 31.115
threshold=-1.0000000180025095e-35 1.0000000180025095e-35 19.12481784820557 -1.4999999999999998 -0.12525258958339688 39.500000000000007 11.760808467864992 50.500000000000007 23.500000000000004 59.500000000000007 37.442897796630866 -135.04876708984372 0.69128414988517772 75.500000000000014 2.5000000000000004 0.14314249902963641 -160.02195739746091 0.064962290227413191 -268.08998107910151 75.15427398681642 1.5000000000000002 75.15427398681642 348.21440124511724 0.27874848246574407 24.120081901550297 -287.51872253417963 8.8956670761108416 4.5000000000000009 -4.4999999999999991 0.7058808207511903
decision_type=2 2 2 2 2 2 2 2 2 2 2 2 2 2 2 2 2 2 2 2 2 2 2 2 2 2 2 2 2 2
left_child=3 2 4 -1 5 16 13 10 11 21 15 -6 -7 17 -10 26 -2 27 -17 20 24 23 -23 -8 -4 -9 -3 -5 -11 -30
right_child=1 7 19 6 8 12 9 25 14 28 -12 -13 -14 -15 -16 18 -18 -19 -20 -21 -22 22 -24 -25 -26 -27 -28 -29 29 -31
leaf_value=0.04854581884465943 0.026041622011674894 -0.0048519211874609542 -0.027132286025247448 0.034489029345013335 0.019529957301587401 0.0034323960819558526 0.019217695644078724 -0.017468190555665588 -0.0047318164374011732 0.010698418189865375 -0.033846503596910417 0.00047882216634919403 -0.037393160556014056 0.042951235258301232 -0.016699205657261105 0.0082510695610496943 0.012999687045207049 0.022078284975774069 -0.027240395349149921 -0.023808080380627268 -0.02435856764564133 -0.0090794153571848221 0.027928652591174198 -0.0071687078878821565 -0.0087310381516696022 -0.037357751969536737 -0.026200369347432979 0.015393277071210848 0.038045149684747787 0.016041752428242122
leaf_weight=6011.5169522166252 2219.3586917519569 1177.924869671464 368.43359082937241 5005.146242171526 909.04786860942841 3099.4836734831333 1130.8655533492565 305.54734201729298 4685.5130110681057 183.17918333411217 2995.879164814949 4992.0823859870434 163.53259873390198 1751.1367274224758 2586.0369044393301 174.88213688135147 3335.6210000216961 2458.3832246661186 2279.3977074325085 5883.5187158435583 1850.848191857338 674.38071992993355 140.5466183423996 187.11578896641731 3100.3749893903732 9089.2781080901623 265.57468430697918 287.16064161062241 984.81768876314163 204.34912872314453
leaf_count=16967 5961 3896 1313 13449 2469 9267 3083 1032 14480 492 13661 15225 548 4750 8634 526 9616 6600 9159 22943 6762 2045 439 526 10348 41267 1017 769 2645 553
internal_value=-0.000319732 -0.0137907 -0.00488443 0.0347233 0.00274999 0.0119808 0.0283187 -0.0319335 -0.00343147 0.0174852 -0.0253878 0.00342763 0.00133226 0.0323039 -0.00899642 -0.0188513 0.018229 0.0298722 -0.0246998 -0.0198646 -0.0154848 0.00858224 -0.00256542 0.0154586 -0.0107217 -0.0367205 -0.00885649 0.0334684 0.0312407 0.034347
internal_weight=68500.9 49482.3 33193.9 19018.6 21990.7 8818 13007.1 16288.5 13172.7 3505.25 6893.66 5901.13 3263.02 9501.83 7271.55 3897.78 5554.98 7750.69 2454.28 11203.2 5319.66 2132.91 814.927 1317.98 3468.81 9394.83 1443.5 5292.31 1372.35 1189.17
internal_count=230442 178124 107566 52318 66200 25392 35351 70558 40808 9783 28259 17694 9815 25568 23114 14598 15577 20818 9685 41366 18423 6093 2484 3609 11661 42299 4913 14218 3690 3198
is_linear=0
shrinkage=0.05


Tree=39
num_leaves=31
num_cat=0
split_feature=2 2 8 2 8 0 8 0 5 8 0 4 7 8 0 2 7 8 8 8 8 8 8 7 8 8 0 0 8 0
split_gain=12001.5 3498.76 1345.16 699.618 633.837 395.83 316.752 257.421 238.623 199.098 186.718 178.156 147.647 111.33 104.841 89.598 77.4275 76.2712 74.8123 55.1734 89.3759 53.0862 50.4539 50.4027 46.4411 46.2752 43.7947 37.8335 36.7596 33.8948
threshold=1.0000000180025095e-35 -1.0000000180025095e-35 -19.300438880920407 1.5000000000000002 139.82307434082034 63.500000000000007 16.161653518676761 51.500000000000007 -1.0000000180025095e-35 179.729362487793 70.500000000000014 -0.59927418828010548 0.075333572924137129 -165.65875244140622 70.500000000000014 -1.4999999999999998 0.0038535788189619784 -160.02195739746091 -254.63584899902341 28.580967903137211 46.760663986206062 -46.97898864746093 222.81492614746097 0.044465936720371253 -14.519459724426268 -0.54526796936988819 72.500000000000014 72.500000000000014 235.95204162597659 26.500000000000004
decision_type=2 2 2 2 2 2 2 2 2 2 2 2 2 2 2 2 2 2 2 2 2 2 2 2 2 2 2 2 2 2
left_child=1 7 8 6 5 11 10 9 17 15 13 -4 18 -2 22 -1 -15 -3 -10 -8 26 -19 -6 -17 -7 -5 -21 -14 -22 -11
right_child=3 2 4 25 14 24 19 -9 12 29 -12 -13 27 16 -16 23 -18 21 -20 20 28 -23 -24 -25 -26 -27 -28 -29 -30 -31
leaf_value=-0.041210227380939872 -0.0053841807306579349 -0.033547349193733228 -0.026655676774740445 0.03440152951159333 0.014076900218863762 0.0080244449416235885 0.042999009481387782 -0.040069496409041144 -0.027306133156352566 0.026883165221569541 0.029484032246320114 0.00208665127651836 0.0003611738122440626 0.0094265985471354164 -0.0075320688992968985 -0.030088384914704787 0.022430998528965504 -0.016523548970160243 -0.013526385716469158 0.0086246670454145843 0.028307586300792699 -0.028718549265683596 0.025315443534862588 -0.020004309789398655 -0.020520970599241295 0.043617535499808575 0.03462013575434289 -0.020270478504735942 0.036905502750744175 -0.0037116408651590724
leaf_weight=1210.2430985271931 835.0932602584362 1904.1586893200874 554.13180413842201 1916.1073308885098 1684.9088686108589 147.73897990584373 800.96870073676109 8129.8763126581907 1228.3085095882416 148.66905528306961 1920.2274352610111 15074.80213201046 2191.1174444854259 3049.1565454900265 349.81756368279457 3121.5553610026836 1841.2758514881134 2367.8131971955299 5063.0217739641666 731.05040961503983 3879.7998122274876 1464.5586711466312 2541.8248507678509 2140.502665668726 2747.5083932578564 6132.6915313303471 205.29212319850922 242.25888201594353 1969.378289192915 217.80213239789009
leaf_count=4528 2299 6512 1566 5850 4562 453 2471 29564 3943 398 5512 40805 6111 8299 995 10565 5097 7040 14707 2104 11491 4308 7325 6711 8352 20818 614 748 6277 594
internal_value=-0.000361101 -0.0136049 -0.00545724 0.0295183 0.00202954 -0.00208839 0.0232039 -0.0340417 -0.0174134 -0.0268519 0.0160042 0.00105938 -0.0121937 0.0114616 0.0186815 -0.0288813 0.0143407 -0.0253344 -0.0162363 0.0304445 0.028932 -0.0212153 0.0208573 -0.0260093 -0.019053 0.0414463 0.0144778 -0.0017302 0.0312315 0.00889477
internal_weight=75811.7 52530.6 37562 23281 23100.7 18524.2 15232.2 14968.6 14461.2 6838.77 7645.75 15628.9 8724.71 5725.53 4576.55 6472.3 4890.43 5736.53 6291.33 7586.49 6785.52 3832.37 4226.73 5262.06 2895.25 8048.8 936.343 2433.38 5849.18 366.471
internal_count=230619 159787 107427 70832 64058 51176 44164 52360 43369 22796 21207 42371 25509 15695 12882 21804 13396 17860 18650 22957 20486 11348 11887 17276 8805 26668 2718 6859 17768 992
is_linear=0
shrinkage=0.05


Tree=40
num_leaves=31
num_cat=0
split_feature=8 6 8 8 4 6 8 8 9 4 8 7 8 8 8 8 4 4 8 8 8 5 8 7 9 7 4 8 5 8
split_gain=865.282 240.629 226.872 261.779 224.579 145.327 122.005 116.491 103.05 236.506 100.603 90.369 87.6306 72.0672 67.8319 132.994 68.8678 58.0117 59.6537 30.0219 43.7676 49.9112 49.1689 38.9675 27.8702 34.4651 25.8853 24.0113 20.4844 19.7258
threshold=247.85845947265628 4.5000000000000009 -130.9697570800781 -62.530506134033196 -0.29975113272666926 -3.4999999999999996 -388.37040710449213 -23.128694534301754 1.0000000180025095e-35 -0.027575368992984291 139.82307434082034 0.29899433255195623 -434.33631896972651 -170.74105834960935 369.94026184082037 384.61386108398443 0.1072625480592251 -1.0231210589408872 -191.96870422363278 352.43107604980474 303.84550476074224 -1.0000000180025095e-35 342.64604187011724 0.46161034703254705 1.0000000180025095e-35 0.049706598743796356 -1.7902241945266721 20.283970832824711 5.5000000000000009 419.47741699218756
decision_type=2 2 2 2 2 2 2 2 2 2 2 2 2 2 2 2 2 2 2 2 2 2 2 2 2 2 2 2 2 2
left_child=1 2 5 4 26 17 12 28 10 -10 -5 -6 -7 -8 19 16 -16 -1 -19 20 23 -22 -23 -2 25 -9 -4 -27 -3 -17
right_child=14 7 3 8 11 6 13 24 9 -11 -12 -13 -14 -15 15 29 -18 18 -20 -21 21 22 -24 -25 -26 27 -28 -29 -30 -31
leaf_value=-0.03088280502831911 -0.034768549610589589 -0.0069372328447194001 -0.021954974668032035 0.0051705330970687633 0.018807289234769951 -0.015213151164335297 -0.0012913462626346775 -0.029749676787631397 0.0092257748849083904 -0.011199531895921766 -0.0045728450248302922 0.051534165038998409 0.021827940921798905 -0.01350076594101684 0.044053835857309986 -0.027597116217980541 -0.0032406512557860015 0.0029718599097155124 -0.040467128543252434 -0.038966447565500752 0.018033977602885415 -0.013403310430242441 -0.03853507831233044 -0.00039751468618747096 -0.036398026860125936 0.0059635861361807888 0.00075290123227054789 -0.015925413804660064 0.016663325420849598 -0.0109421704712557
leaf_weight=636.37647521495819 936.34077948331833 133.69759035110474 131.66557092964649 28620.503400728106 4021.8782610595226 195.12419560551643 5226.8149975538254 415.32877412438393 2374.7715707868338 3499.6714801937342 2915.680526137352 219.79226368665695 804.0850095897913 1567.6550038009882 120.54207994043827 595.20031790435314 197.34433317184448 337.85849782824516 97.93705415725708 441.69194923341274 88.560497388243675 716.75846633315086 267.65309005975723 90.50757360458374 247.54254192113876 148.74610994756222 1532.7296634912491 719.16044534742832 274.07800760865211 266.39353519678116
leaf_count=3476 5328 565 705 108018 14290 784 20382 2350 8899 13562 12540 743 3062 6061 556 3263 1062 1389 458 2393 436 3855 1454 503 1412 685 6047 3773 1186 1382
internal_value=0.000943159 0.00254746 0.00319057 0.00468205 0.0144604 -0.004095 -0.00171465 -0.0147278 0.0031366 -0.00294168 0.00426913 0.0205618 0.0145549 -0.00411622 -0.0223632 -0.0123755 0.0150978 -0.0213096 -0.00713855 -0.0269649 -0.0243538 -0.0171557 -0.0203966 -0.0317557 -0.0210397 -0.0179473 -0.00110383 -0.0121613 0.0089351 -0.0225405
internal_weight=57842.1 54121.1 52182.5 43316.7 5906.07 8865.85 7793.68 1938.55 37410.6 5874.44 31536.2 4241.67 999.209 6794.47 3720.99 1179.48 317.886 1072.17 435.796 2541.51 2099.82 1072.97 984.412 1026.85 1530.78 1283.24 1664.4 867.907 407.776 861.594
internal_count=230619 210387 200416 164804 21785 35612 30289 9971 143019 22461 120558 15033 3846 26443 20232 6263 1618 5323 1847 13969 11576 5745 5309 5831 8220 6808 6752 4458 1751 4645
is_linear=0
shrinkage=0.05


Tree=41
num_leaves=31
num_cat=0
split_feature=2 2 8 2 7 0 8 5 0 0 8 8 7 5 4 8 5 8 8 8 8 8 8 0 8 4 0 0 5 0
split_gain=11684 3000.81 1409.33 658.647 468.632 204.093 238.867 200.031 195.476 173.939 152.73 143.493 120.149 111.127 85.2504 78.5115 74.5933 67.5223 57.5687 55.8708 51.3806 44.5711 42.377 40.1613 38.712 35.7561 28.9358 27.8139 24.5281 23.7818
threshold=-1.0000000180025095e-35 1.0000000180025095e-35 19.12481784820557 -1.4999999999999998 -0.16780066490173337 67.500000000000014 33.875438690185554 2.5000000000000004 47.500000000000007 68.500000000000014 -144.44563293457028 37.442897796630866 0.059720875695347793 1.0000000180025095e-35 0.13766863197088244 75.15427398681642 1.5000000000000002 -268.08998107910151 -46.97898864746093 -287.51872253417963 24.120081901550297 -40.924243927001946 -123.1350631713867 44.500000000000007 8.8956670761108416 0.077509440481662764 83.500000000000014 64.500000000000014 5.5000000000000009 63.500000000000007
decision_type=2 2 2 2 2 2 2 2 2 2 2 2 2 2 2 2 2 2 2 2 2 2 2 2 2 2 2 2 2 2
left_child=3 2 4 29 9 6 12 10 11 13 -6 14 22 -2 24 16 20 -16 -9 27 -4 -11 -5 25 -3 -8 -7 -10 -18 -1
right_child=1 8 15 5 7 26 23 18 19 21 -12 -13 -14 -15 17 -17 28 -19 -20 -21 -22 -23 -24 -25 -26 -27 -28 -29 -30 -31
leaf_value=0.043002267363683046 0.019417086259692993 -0.0031715003107724718 -0.028100883661982008 0.03645413151127605 0.014095350732941709 0.033574015991956772 0.0040758545083297848 -0.022102135976036805 0.0011190801173237464 -0.015921930397049699 -0.0019475182529104657 -0.033080610083110133 0.01779791660732406 0.0040792354069574543 0.0073442031455708103 -0.023383670591177224 -0.019072371975060998 -0.025953510590547096 -0.0083543820865158609 -0.036398884503668176 -0.0084189706220347583 0.0072816019885026733 0.026905912736035365 0.014395274579382382 -0.025509169524988846 -0.018540718549576906 0.0437105204249972 -0.02783557411299302 -0.031865170373681133 0.04990230715697197
leaf_weight=2727.0270684957504 4904.3919516801834 1056.5248539596796 368.24566791951656 2111.0228176116943 1750.474231928587 2568.0746628046036 716.87766456604004 1216.049815043807 146.70521913468838 580.3370663523674 9572.5734251439571 2613.6654300689697 2679.6889614164829 1559.1135236024857 162.33833196759224 5743.7376719564199 1263.3781459629536 2049.4515530765057 2052.582149207592 9347.6294538676739 3085.7347785979509 316.4848105609417 2846.833573281765 695.1452271938324 233.1170451939106 225.61116173863411 1092.4723623394966 184.71184124052525 560.07713364064693 3216.6212023198605
leaf_count=7803 13725 3504 1335 5736 4810 6944 2122 3908 458 1842 29406 12364 7199 4492 486 22832 4570 8407 6920 44035 10356 1036 7622 1906 907 715 2985 671 2195 9328
internal_value=-0.000401786 -0.0133311 -0.00474531 0.0329905 0.00257966 0.0266411 0.0226716 -0.00260923 -0.0312482 0.0128613 0.000537738 -0.0242086 0.0263853 0.0157233 -0.0175483 -0.0193298 -0.0148997 -0.0234985 -0.013495 -0.035681 -0.0105549 -0.00773853 0.0310041 0.00532398 -0.00729221 -0.00140733 0.0366547 -0.0151924 -0.0230781 0.0467753
internal_weight=67646.7 48767.3 32973.2 18879.4 21952 12935.7 9275.18 14591.7 15794.1 7360.33 11323 6115.1 7637.55 6463.51 3501.43 11021.2 5277.44 2211.79 3268.63 9679.05 3453.98 896.822 4957.86 1637.63 1289.64 942.489 3660.55 331.417 1823.46 5943.65
internal_count=230619 178259 107427 52360 66139 35229 25300 45044 70832 21095 34216 25668 20557 18217 13304 41288 18456 8893 10828 45164 11691 2878 13358 4743 4411 2837 9929 1129 6765 17131
is_linear=0
shrinkage=0.05


Tree=42
num_leaves=31
num_cat=0
split_feature=2 2 8 2 8 0 8 0 5 8 0 7 8 5 7 3 0 2 5 8 8 3 8 8 7 8 8 8 8 0
split_gain=11043.9 3184.12 1211.99 676.316 553.299 389.364 295.47 257.313 227.882 198.914 170.839 131.454 130.128 113.223 98.1827 82.1407 78.6717 75.6501 74.9221 69.6115 59.4544 53.4909 50.6897 48.9301 47.9628 47.5142 96.2604 40.8615 36.4023 33.834
threshold=1.0000000180025095e-35 -1.0000000180025095e-35 -19.300438880920407 1.5000000000000002 184.21182250976565 49.500000000000007 16.161653518676761 47.500000000000007 -1.0000000180025095e-35 179.729362487793 69.500000000000014 -0.12799132615327832 -191.96870422363278 -2.4999999999999996 -0.038799535483121865 -1.0000000180025095e-35 44.500000000000007 -1.4999999999999998 3.5000000000000004 -160.02195739746091 -361.24395751953119 1.0000000180025095e-35 -46.97898864746093 -0.54526796936988819 -0.026292745955288407 28.580967903137211 50.989500045776374 96.730762481689467 369.94026184082037 62.500000000000007
decision_type=2 2 2 2 2 2 2 2 2 2 2 2 2 2 2 2 2 2 2 2 2 2 2 2 2 2 2 2 2 2
left_child=1 7 8 6 5 11 10 9 19 17 14 -4 -10 -7 20 -14 -6 -1 -16 -3 -2 25 -21 29 -19 -8 -27 -9 -18 -5
right_child=3 2 4 23 16 13 21 27 12 -11 -12 -13 15 -15 18 -17 28 24 -20 22 -22 -23 -24 -25 -26 26 -28 -29 -30 -31
leaf_value=-0.040227593698820757 -0.021765084828371473 -0.032542718051207113 -0.0079392628454516643 0.025020418684148327 0.024289488294178554 -0.027898985551000222 0.042021795843865846 -0.039530564876718327 -0.023913263221488262 0.012231597477418667 0.027911742358278504 0.0047655034483454588 0.022200859448705684 -0.00959648111575955 0.012384022330123413 -0.00963752512332244 0.012076176107127237 -0.02993651506112685 0.031667788230563855 -0.016133716517692347 0.0069610881726152214 0.0020234455102436859 -0.028083873330252203 0.042716708225587409 -0.01968592743037232 0.015411499725958795 0.031432948092988959 -0.025656294059970552 -0.013014422048867928 0.039039176064148279
leaf_weight=941.28323897719383 186.34359261393547 1878.5418292582035 2449.4975865781307 795.47887620329857 2618.7343424260616 1059.2674200534821 760.02391740679741 8002.0550696700811 1756.79226526618 335.79018571972847 1987.1846135556698 11943.633580803871 204.21619680523872 4159.5481266081333 1536.5266610383987 6773.5944977402687 676.59301885962486 2221.884498924017 753.64422783255577 2371.2497027516365 3116.9362283349037 175.30615165829659 1449.8322296440601 5944.3071422576904 2459.6712303459644 1155.0573577880859 5348.4326928257942 607.86714339256287 179.0577672123909 1066.908952832222
leaf_count=3653 532 6553 6756 2398 7605 3304 2406 30422 5703 905 5770 32112 597 12026 4243 19365 1876 7729 2127 7101 8481 489 4305 20854 7847 3404 16626 1943 499 3394
internal_value=-0.000484658 -0.0131929 -0.00548807 0.028512 0.00161802 -0.00164157 0.0222938 -0.0330276 -0.0168503 -0.0249987 0.01533 0.00260133 -0.0117642 -0.0133345 0.0108391 -0.0086905 0.0199934 -0.0272309 0.018785 -0.0246275 0.00531015 0.0293754 -0.0206987 0.0404534 -0.0245776 0.0300337 0.0286015 -0.0385665 0.00678049 0.0331344
internal_weight=74915.3 52089.1 37520.6 22826.2 23086.3 19611.9 15019.5 14568.6 14434.2 5958.63 7580.64 14393.1 8734.6 5218.82 5593.45 6977.81 3474.39 5622.84 2290.17 5699.62 3303.28 7438.82 3821.08 7806.69 4681.56 7263.51 6503.49 8609.92 855.651 1862.39
internal_count=231025 160301 107802 70724 64178 54198 44078 52499 43624 20134 21153 38868 25665 15330 15383 19962 9980 19229 6370 17959 9013 22925 11406 26646 15576 22436 20030 32365 2375 5792
is_linear=0
shrinkage=0.05


Tree=43
num_leaves=31
num_cat=0
split_feature=2 2 2 0 2 0 8 8 8 8 4 8 8 8 2 8 2 6 8 0 8 4 8 8 0 0 6 4 4 7
split_gain=1620.52 1290.75 706.454 695.566 1061.33 315.939 205.746 195.605 106.311 93.0269 64.0354 63.7758 50.3374 71.0875 47.0032 45.8977 42.8767 41.6466 39.9116 36.855 36.0444 46.3114 33.1539 29.751 25.5509 24.4491 26.446 22.6455 12.931 12.0652
threshold=1.5000000000000002 -1.4999999999999998 1.0000000180025095e-35 48.500000000000007 -1.0000000180025095e-35 78.500000000000014 247.85845947265628 -1.0000000180025095e-35 -130.9697570800781 -0.54526796936988819 -0.15555509924888608 269.34574890136724 -165.65875244140622 -46.97898864746093 -2.4999999999999996 -1.0000000180025095e-35 2.5000000000000004 5.5000000000000009 -216.81816101074216 67.500000000000014 -68.484180450439439 0.59445485472679149 303.84550476074224 375.88629150390631 58.500000000000007 79.500000000000014 1.0000000180025095e-35 -1.44338983297348 -0.26304748654365534 -0.24029233306646344
decision_type=2 2 2 2 2 2 2 2 2 2 2 2 2 2 2 2 2 2 2 2 2 2 2 2 2 2 2 2 2 2
left_child=1 14 3 6 10 -6 8 12 -3 16 -5 17 18 -14 -1 24 19 -9 -4 20 -2 -22 -8 -13 27 26 -17 -16 -11 -21
right_child=9 2 7 4 5 -7 22 11 -10 28 -12 23 13 -15 15 25 -18 -19 -20 29 21 -23 -24 -25 -26 -27 -28 -29 -30 -31
leaf_value=-0.037887327472899052 -0.017958474595690901 -0.0031610602931838525 0.0065583179071722064 -0.0086875413681262205 0.020225062023674606 0.039992145942021461 -0.030639301825420739 -0.0097492138667275643 0.0056068609437587257 -0.013485659442840565 0.0030910758964177052 -0.030943616805482545 -0.0097802101350964871 0.0051183171355077333 -0.00089269800346059329 -0.012130606049323187 -0.035292796819649627 -0.034961007132112913 0.033196416978078208 -0.0070996046179244631 -0.015486935782756103 0.02563979939301806 -0.011860521165516389 -0.010023498998925033 -0.035270971841804825 -0.033035042927456959 0.019137327560432918 -0.025568698198590561 -0.03421864334672868 -0.028414204844240072
leaf_weight=958.10955820977688 195.03351174294949 4156.4812207370996 686.13716885447502 2531.2439514249563 7883.7940294295549 2727.6906114518642 321.78142935037613 4473.3802154958248 20462.296074330807 86.079712390899658 2113.4855092614889 642.66763888299465 1434.4550432413816 1799.4386837780476 111.4631664454937 370.3740186393261 228.47772765159607 165.98485206067562 173.14755472540855 93.88745790719986 107.72624254226685 171.08208771049976 886.17495404183865 239.04304145276546 762.20854160189629 104.40385374426842 77.806920483708382 567.01692879199982 2951.7131509929895 261.35228994488716
leaf_count=5864 996 16037 2433 10475 23458 7312 1774 21619 71879 581 8065 3918 5923 7327 630 1956 1460 891 542 511 551 853 4239 1425 4500 567 399 3146 20273 1421
internal_value=0.00109529 0.00341055 0.00528283 0.00813797 0.0166011 0.0253226 0.00313647 -0.00691548 0.0041262 -0.0292016 -0.00333037 -0.0130519 0.00136745 -0.0014951 -0.0287048 -0.0242073 -0.0163132 -0.0106879 0.0120869 -0.0109026 -0.00171951 0.00975632 -0.0169686 -0.0253604 -0.0289066 -0.0118062 -0.00655105 -0.021551 -0.0336543 -0.0229576
internal_weight=57743.9 53648.6 50697.2 41082.9 15256.2 10611.5 25826.7 9614.25 24618.8 4095.35 4644.73 5521.08 4093.18 3233.89 2951.38 1993.27 1057.56 4639.37 859.285 829.082 473.842 278.808 1207.96 881.711 1440.69 552.585 448.181 678.48 3037.79 355.24
internal_count=231025 204379 187317 143239 49310 30770 93929 44078 87916 26646 18540 27853 16225 13250 17062 11198 5792 22510 2975 4332 2400 1404 6013 5343 8276 2922 2355 3776 20854 1932
is_linear=0
shrinkage=0.05


Tree=44
num_leaves=31
num_cat=0
split_feature=2 2 8 2 7 5 0 8 8 0 0 8 4 0 7 8 5 5 4 8 8 3 8 8 8 8 8 4 4 4
split_gain=10564.1 2796.36 1296.26 672.041 419.987 220.197 205.961 189.335 161.273 146.871 146.055 128.017 92.4595 88.8004 87.0117 70.3816 79.2487 68.866 64.7121 64.3144 59.7885 57.4536 42.9787 42.7064 40.1832 39.0299 37.1117 35.6968 33.9683 32.3032
threshold=-1.0000000180025095e-35 1.0000000180025095e-35 19.12481784820557 -1.4999999999999998 -0.19859391450881955 2.5000000000000004 52.500000000000007 11.760808467864992 37.442897796630866 52.500000000000007 42.500000000000007 -144.44563293457028 0.13766863197088244 74.500000000000014 0.064962290227413191 75.15427398681642 1.5000000000000002 -3.4999999999999996 0.5594708025455476 -268.08998107910151 96.730762481689467 -1.0000000180025095e-35 24.120081901550297 8.8956670761108416 -155.41359710693357 127.00802230834962 -287.51872253417963 0.27874848246574407 -1.0581204891204832 0.7058808207511903
decision_type=2 2 2 2 2 2 2 2 2 2 2 2 2 2 2 2 2 2 2 2 2 2 2 2 2 2 2 2 2 2
left_child=3 2 4 -1 10 11 8 13 12 20 17 -6 23 14 24 16 22 -2 -12 -14 27 -7 -4 -3 -5 -22 -8 -9 -11 -30
right_child=1 6 15 7 5 21 26 9 -10 28 18 -13 19 -15 -16 -17 -18 -19 -20 -21 25 -23 -24 -25 -26 -27 -28 -29 29 -31
leaf_value=0.045569728005170729 0.034559061568383675 -0.0035191074977052798 -0.026288495251526267 0.0356106371532788 0.012471665126646863 -0.039053489941930565 -0.017483279559142469 0.014295334574862413 -0.03299306856328884 0.0029363769799651716 0.0045888826320393504 -0.0012082944900885376 0.0042182452789568175 0.038678532446838387 0.018407352931095335 -0.022577296352939442 -0.023020390679914213 0.01588721938271111 -0.030579423734840946 -0.025640969187516034 -0.031976530436176355 -0.01162021356924417 -0.0080735273271405426 -0.025736093132689715 0.026387735417845372 -0.0010010473096690683 -0.036490213200229313 -0.010992924687757309 0.03081590354230937 0.011101330405134367
leaf_weight=5797.3259743750095 570.08531302213669 1207.5674908459187 358.90162137150764 2014.0980931818485 2048.3056783080101 199.22670303285122 279.36050297319889 1106.442879140377 2954.202211484313 153.09649446606636 1927.4589439630508 10229.303587168455 194.04861494898796 1844.4270091056824 2400.7669470906258 5681.412925183773 1789.1228006035089 3747.7024526894093 135.32400785386562 2325.8943812251091 129.89472326636314 3208.7524719983339 3066.5152448117733 259.11097899079323 3167.6691303253174 414.60480058193207 8000.1033076047897 155.85357934236526 1333.1096013188362 254.88698190450668
leaf_count=17062 1565 4062 1321 5533 5607 695 978 3018 14615 414 5742 31339 584 5094 6436 22981 6714 10431 451 9876 387 10617 10339 1047 8504 1333 39562 442 3587 689
internal_value=-0.000402347 -0.0127992 -0.00461237 0.0314115 0.0023557 -0.00204442 -0.0305218 0.0250703 -0.0241331 0.0151908 0.0131658 0.00107812 -0.0175345 0.0287785 0.0263465 -0.0187185 -0.0144966 0.0183896 0.00221339 -0.0233379 0.00518087 -0.0132788 -0.0100176 -0.00751818 0.0300035 -0.00861422 -0.0358598 0.011142 0.0255338 0.0276963
internal_weight=66954.6 48182.4 32962.1 18772.2 22066.2 15685.6 15220.3 12974.9 6940.82 3547.89 6380.57 12277.6 3986.62 9426.96 7582.53 10896 5214.54 4317.79 2062.78 2519.94 1806.8 3407.98 3425.42 1466.68 5181.77 544.5 8279.46 1262.3 1741.09 1588
internal_count=231025 178526 107802 52499 66447 48258 70724 35437 30184 9870 18189 36946 15569 25567 20473 41355 18374 11996 6193 10460 5180 11312 11660 5109 14037 1720 40540 3460 4690 4276
is_linear=0
shrinkage=0.05


Tree=45
num_leaves=31
num_cat=0
split_feature=4 8 6 8 8 4 8 6 8 8 3 6 6 6 8 8 8 8 9 8 5 4 8 9 4 8 6 6 8 4
split_gain=3873.71 1794.88 1077.72 775.584 535.772 532.43 378.62 321.374 171.011 160.516 133.062 127.011 126.395 118.648 118.456 102.662 99.8724 291.979 96.7283 85.8112 70.7821 67.5839 66.4501 64.7796 60.7728 53.1496 51.1797 50.7126 47.8576 46.6101
threshold=-0.074047099798917757 107.69263076782228 1.5000000000000002 42.778856277465827 -66.618366241455064 -0.56362915039062489 -8.0015263557434064 -1.4999999999999998 -18.398090362548825 247.85845947265628 -1.0000000180025095e-35 1.0000000180025095e-35 4.5000000000000009 3.5000000000000004 201.82788085937503 -12.206459999084471 130.77565765380862 133.46868133544925 1.0000000180025095e-35 -277.43647766113276 -3.4999999999999996 0.28522720932960516 49.591728210449226 1.0000000180025095e-35 1.0470361113548281 -268.08998107910151 -2.4999999999999996 5.5000000000000009 122.52509689331056 -0.8471737504005431
decision_type=2 2 2 2 2 2 2 2 2 2 2 2 2 2 2 2 2 2 2 2 2 2 2 2 2 2 2 2 2 2
left_child=3 2 4 5 11 29 19 26 20 13 -6 25 -8 16 22 -10 28 -18 -12 -4 -7 -13 -9 -17 -21 -2 -5 -11 -3 -1
right_child=1 9 6 7 10 8 12 14 15 27 18 21 -14 -15 -16 23 17 -19 -20 24 -22 -23 -24 -25 -26 -27 -28 -29 -30 -31
leaf_value=-0.034432077094230212 -0.029210192409680119 0.021470201989534757 -0.020105394622757188 -0.040182189126130807 0.029097168846640282 -0.027671493717438031 0.018785298267501995 0.028151886578842836 0.015820605261548958 0.02851095725336656 -0.00169239773454847 -0.013058551256153711 0.035621634498368263 0.032089050566884929 0.027992584932495058 -0.0058668733088576381 -0.044509208368834915 0.014496500869502632 0.0076279037770232289 0.002625742175407736 -0.016329510451579717 0.0070396181249098829 0.0018610078936545722 -0.020675992885356913 0.016541203866471298 -0.017213543194005105 -0.013869108207608144 0.04276250191807545 0.044003896455986763 -0.026369084111135029
leaf_weight=4925.1243111640215 1338.9267955571413 1014.004161208868 339.37955345213413 339.70790228247643 390.94772523641586 1904.5242090970278 5453.5108851492405 267.01941427588463 442.4732805788517 4846.8038215041161 17024.043067425489 1017.4162255376577 1409.6519384682178 1319.7312676906586 725.89306795597076 3086.4269565939903 218.43609991669655 3439.4297214448452 3322.7721102833748 3441.0236336886883 5107.2057058662176 703.71916121244431 2071.6261577904224 968.69303640723228 1012.3790529668331 3104.3099758177996 416.36826287209988 741.55551788210869 313.65697520971298 3002.8926059454679
leaf_count=18989 4491 2932 1066 1138 1180 6380 16893 780 1378 15823 49070 3121 4875 4410 2200 9381 627 10176 9609 10162 16650 2070 6138 2951 3121 9595 1287 2676 928 10534
internal_value=-0.000499377 0.00728309 0.00204417 -0.0173792 -0.00345841 -0.0214264 0.0147402 0.00321176 -0.0145479 0.0242592 0.000389773 -0.016394 0.0222668 0.0187626 0.0104192 -0.00692707 0.0152063 0.0109169 -0.00016883 0.0039504 -0.0194277 -0.00484444 0.00491648 -0.0094256 0.00580411 -0.0208574 -0.025878 0.0304386 0.0269389 -0.0313966
internal_weight=73709.7 50451.7 38558.1 23258 26902.1 19437.3 11655.9 3820.61 11509.3 11893.6 20737.8 6164.37 6863.16 6305.26 3064.54 4497.59 4985.53 3657.87 20346.8 4792.78 7011.73 1721.14 2338.65 4055.12 4453.4 4443.24 756.076 5588.36 1327.66 7928.02
internal_count=230631 152825 115253 77806 79136 66263 36117 11543 36740 37572 59859 19277 21768 19073 9118 13710 14663 10803 58679 14349 23030 5191 6918 12332 13283 14086 2425 18499 3860 29523
is_linear=0
shrinkage=0.05


Tree=46
num_leaves=31
num_cat=0
split_feature=2 2 2 0 2 0 8 8 8 8 4 8 0 0 2 0 8 6 0 8 4 2 8 8 8 4 8 4 2 0
split_gain=1460.91 1160 635.5 616.609 1019.61 326.835 181.599 166.823 102.161 98.907 75.8785 58.2531 49.5671 48.8646 45.99 43.7393 43.3252 40.989 36.6106 38.2879 39.4779 34.3242 25.155 24.463 24.4414 30.5565 23.979 16.3642 14.6684 11.6826
threshold=1.5000000000000002 -1.4999999999999998 1.0000000180025095e-35 43.500000000000007 -1.0000000180025095e-35 73.500000000000014 247.85845947265628 -1.0000000180025095e-35 -130.9697570800781 -0.54526796936988819 -0.1692661568522453 269.34574890136724 58.500000000000007 44.500000000000007 2.5000000000000004 78.500000000000014 -22.204532623291012 -2.4999999999999996 68.500000000000014 -68.484180450439439 0.52287265658378612 -2.4999999999999996 375.88629150390631 303.84550476074224 -1.0000000180025095e-35 -1.44338983297348 11.03136730194092 -0.26304748654365534 -2.4999999999999996 78.500000000000014
decision_type=2 2 2 2 2 2 2 2 2 2 2 2 2 2 2 2 2 2 2 2 2 2 2 2 2 2 2 2 2 2
left_child=1 12 3 6 10 -6 8 13 -3 14 -5 15 21 16 18 -9 -4 -15 19 -2 -21 -1 -13 -8 25 -23 -14 -11 -28 -30
right_child=9 2 7 4 5 -7 23 11 -10 27 -12 22 26 17 -16 -17 -18 -19 -20 20 -22 24 -24 -25 -26 -27 28 -29 29 -31
leaf_value=-0.037130088217844096 -0.017501112559754079 -0.0041878316963073333 0.0028273084118237589 -0.0092713610035312036 0.017040884275751279 0.034595522831716567 -0.029377100097916432 -0.008325309761384422 0.0048699699819603837 -0.010241620663564922 0.0028465653284104608 -0.029856188896731972 -0.03600088291322142 0.018062826266125705 -0.035160486227474447 -0.022918935915621986 0.021397532221494101 -0.0056849693682532619 -0.022253861553798528 -0.015239484871817111 0.023300160677523295 0.0037466896792665706 -0.01027893380630596 -0.012590615956769342 -0.00068612543321385259 -0.024606486313233936 -0.036135808436114851 -0.033785385381065854 -0.0031084616985529896 -0.02717440539306213
leaf_weight=218.18027698993683 197.32948899269104 3723.6509185284376 1286.9339281320572 2819.0203780531883 8213.0548020750284 3927.6890698075294 297.43932156264782 3966.3831093609333 18874.411633566022 81.260703951120377 2377.5836284160614 610.66084250807762 1421.5592027902603 193.31472204625607 218.36582089960575 587.91077896952629 411.3413502573967 2181.7013299167156 327.30932262539864 94.938988223671913 196.69932132959366 113.22734475135803 233.46640363335609 832.6894782781601 224.68513742089272 549.11906242370605 93.096672773361206 2809.2551058232784 135.64760965108871 76.725057050585747
leaf_count=1357 1033 14497 4838 11736 24993 10592 1698 19269 66342 567 9045 3866 8951 757 1458 3198 1538 9061 1845 497 982 652 1422 4066 1180 3161 570 20300 732 428
internal_value=0.00103047 0.00319671 0.00494278 0.00763543 0.0148017 0.0227319 0.00239729 -0.00672936 0.00337685 -0.02839 -0.00372968 -0.0124892 -0.0279132 0.000910226 -0.0150178 -0.0102323 0.00737483 -0.00371813 -0.00944815 -0.000737666 0.0107087 -0.0194884 -0.024534 -0.0171186 -0.0149653 -0.0197678 -0.0332328 -0.0331423 -0.0199789 -0.012228
internal_weight=57294.7 53369.5 50537.3 41065.5 17337.3 12140.7 23728.2 9471.71 22598.1 3925.16 5196.6 5398.42 2832.24 4073.29 1034.64 4554.29 1698.28 2375.02 816.277 488.968 291.638 1105.21 844.127 1130.13 887.032 662.346 1727.03 2890.52 305.469 212.373
internal_count=230631 203949 186918 142969 56366 35585 86603 43949 80839 26682 20781 27755 17031 16194 5815 22467 6376 9818 4357 2512 1479 6350 5288 5764 4993 3813 10681 20867 1730 1160
is_linear=0
shrinkage=0.05


Tree=47
num_leaves=31
num_cat=0
split_feature=2 2 8 2 7 0 5 0 8 8 8 0 7 2 4 8 5 8 4 8 8 8 6 8 8 4 8 0 0 8
split_gain=9597.15 2605.83 1213.33 620.661 422.257 208.951 196.636 183.341 201.283 154.325 139.037 134.834 104.322 88.3011 76.3662 70.5763 77.2286 61.2522 59.2534 56.0301 46.0315 44.207 43.3867 38.1764 83.666 32.2311 29.9795 24.5789 23.6568 20.3603
threshold=-1.0000000180025095e-35 1.0000000180025095e-35 19.12481784820557 -1.4999999999999998 -0.20562063902616498 50.500000000000007 2.5000000000000004 69.500000000000014 32.945169448852546 37.442897796630866 -144.44563293457028 67.500000000000014 -0.053878191858530038 1.5000000000000002 0.25121340155601507 73.35733795166017 5.5000000000000009 51.880025863647468 0.13766863197088244 -46.97898864746093 -287.51872253417963 -25.19881439208984 -1.4999999999999998 348.21440124511724 191.76314544677737 -1.1796581745147703 -30.148659706115719 58.500000000000007 81.500000000000014 49.591728210449226
decision_type=2 2 2 2 2 2 2 2 2 2 2 2 2 2 2 2 2 2 2 2 2 2 2 2 2 2 2 2 2 2
left_child=3 2 4 27 11 9 10 8 12 13 -6 14 26 18 -2 16 17 -4 -3 -8 -7 -13 -14 24 -10 -22 -5 -1 -9 -18
right_child=1 5 15 7 6 20 19 28 23 -11 -12 21 22 -15 -16 -17 29 -19 -20 -21 25 -23 -24 -25 -26 -27 -28 -29 -30 -31
leaf_value=0.039437367129134135 0.018000722708354525 -0.0048285166694898487 -0.015084498480749865 0.027560359539749675 0.012691078370146533 -0.015243340209341698 -0.020875820567093094 0.030402490567701525 0.0067746357160780235 -0.032081303806667252 -0.0014574079733756452 -0.013413308748424084 0.025942969551282242 -0.034368960757141034 -0.0040843760420004715 -0.021943785204366781 -0.039905667704558744 -0.0018094961984826314 -0.018771744229054969 -0.0075960830753346838 -0.0048439044659970877 0.012560113605731164 0.015132786143961212 0.027581423707308622 -0.029476030503529843 -0.036048105991023337 0.03848075732779279 0.046753428524200467 0.039353762988486841 -0.019375795375784152
leaf_weight=2133.1683437824249 4956.828491538763 1312.5754546970129 3373.6165057122707 2679.8069902062416 2083.3699631392956 294.91795340180397 1285.8332784473896 1896.5354449152946 1383.3287773132324 2672.9175816774368 10298.456296727061 558.52623596787453 1394.2198046445847 567.67271327972412 423.13540804386139 5714.2273913621902 315.11079171299934 1171.8103771805763 1826.2773365080357 2090.9333854168653 85.319211706519127 226.4737266600132 2887.9927012622356 165.16902494430542 174.81317257881165 7919.7322577238083 882.39595529437065 3506.0675446987152 1410.0612609684467 221.29628595709801
leaf_count=6350 13770 4557 11881 7350 5701 1041 4176 5189 3868 13722 31545 1771 3759 2709 1259 23480 1279 4044 7427 7119 366 737 7748 501 587 40809 2381 10681 3928 896
internal_value=-0.0003373 -0.0122612 -0.00440705 0.0301858 0.00235016 -0.0297603 -0.00199071 0.0241099 0.0205813 -0.02292 0.000927383 0.0134387 0.023979 -0.0162791 0.0162615 -0.0181236 -0.0138108 -0.011668 -0.0129581 -0.0126762 -0.0350008 -0.00588787 0.0186786 0.00509095 0.00262628 -0.0357188 0.0303156 0.0440234 0.0342733 -0.0316932
internal_weight=65912.6 47399 32719.6 18513.6 21923.6 14679.4 15758.6 12874.3 9567.73 6379.44 12381.8 6164.96 7844.42 3706.53 5379.96 10796.1 5081.83 4545.43 3138.85 3376.77 8299.97 785 4282.21 1723.31 1558.14 8005.05 3562.2 5639.24 3306.6 536.407
internal_count=230631 178289 107658 52342 66078 70631 48541 35311 26194 28415 37246 17537 21238 14693 15029 41580 18100 15925 11984 11295 42216 2508 11507 4956 4455 41175 9731 17031 9117 2175
is_linear=0
shrinkage=0.05


Tree=48
num_leaves=31
num_cat=0
split_feature=2 2 8 2 0 8 0 8 8 8 0 5 5 0 8 0 2 7 7 8 8 8 3 8 5 8 0 4 8 8
split_gain=9290.57 2843.66 1009.83 644.166 485.683 404.802 261.982 248.884 184.967 179.666 172.414 143.558 131.513 112.355 98.2132 91.6656 72.2254 71.8461 63.2153 62.4408 59.9639 81.1245 71.9536 49.4808 46.8935 45.2628 41.4044 38.8098 46.8035 41.5096
threshold=1.0000000180025095e-35 -1.0000000180025095e-35 -25.19881439208984 1.5000000000000002 52.500000000000007 107.69263076782228 52.500000000000007 16.161653518676761 -170.74105834960935 87.607540130615249 71.500000000000014 1.0000000180025095e-35 1.5000000000000002 65.500000000000014 -165.65875244140622 79.500000000000014 -1.4999999999999998 0.075333572924137129 -0.11375826224684714 235.95204162597659 28.580967903137211 46.760663986206062 1.0000000180025095e-35 -0.54526796936988819 -1.4999999999999998 -130.9697570800781 71.500000000000014 -0.1120820641517639 -254.63584899902341 -349.79296874999994
decision_type=2 2 2 2 2 2 2 2 2 2 2 2 2 2 2 2 2 2 2 2 2 2 2 2 2 2 2 2 2 2
left_child=1 6 8 7 5 12 9 10 27 16 14 -6 -4 17 -2 -13 -1 -10 -16 -7 -9 26 -23 -5 -18 -15 -22 29 -29 -3
right_child=3 2 4 23 11 19 -8 20 13 -11 -12 15 -14 25 18 -17 24 -19 -20 -21 21 22 -24 -25 -26 -27 -28 28 -30 -31
leaf_value=-0.038992190076925275 -0.0055024801209804693 -0.017522095583813138 -0.0024355167898284171 0.031409484236792691 -0.02269268060584205 0.012487256264859872 -0.03819991606353778 0.040794214158337165 -0.013075881031878992 -0.001029157744432042 0.027856172227766252 -0.001526921696705706 0.008385603112849787 0.00067841104930666213 0.0056905805629173904 -0.020680861037784617 -0.030458691171265696 -0.0024793538677395821 0.017394299710494519 0.024139520918353533 0.0059130769704474079 0.028961990354139461 -0.007141702228323079 0.041235789395579481 -0.020313844425989921 -0.028494808122094151 0.031029955241193875 -0.026785789274020078 -0.01136894644203316 -0.0376839538416366
leaf_weight=1084.4939711093903 863.33107098937035 359.36561600863934 9769.2747320234776 1798.5145470201969 1969.478602796793 2610.0537657439709 7195.1553162485361 751.27935644984245 5879.0402587354183 733.81313997507095 1773.7291959524155 2756.9481936693192 3934.4954333901405 148.19104626774788 1914.0384460687637 802.97923049330711 2004.3591492027044 2200.5769289135933 2925.9148209691048 2083.6783308088779 702.90741369128227 5313.9193812310696 139.85479751229286 5512.2714159786701 2786.932351782918 1269.1923131942749 210.46052470803261 1482.9426503777504 752.86812581121922 1011.4262214899063
leaf_count=4587 2383 1315 26557 5794 6177 7116 28836 2460 17183 2100 5263 7771 10572 468 5224 2511 7362 6148 8210 6313 2074 17168 396 20748 9430 4136 658 5021 2491 3706
internal_value=-0.000492673 -0.0122227 -0.0050006 0.0267244 0.00111027 0.00501585 -0.0315867 0.0206437 -0.0161551 -0.0243642 0.0142572 -0.0118772 0.000673265 -0.0124828 0.0100072 -0.00587024 -0.0272751 -0.0101931 0.0127765 0.0176802 0.0273373 0.0257188 0.0280305 0.0388416 -0.0245851 -0.025453 0.011838 -0.0257944 -0.0216314 -0.0324812
internal_weight=72741.5 50835.3 37030.5 21906.2 23926.9 18397.5 13804.8 14595.4 13103.6 6609.6 7477.01 5529.41 13703.8 9497 5703.28 3559.93 5875.79 8079.62 4839.95 4693.73 7118.42 6367.14 5453.77 7310.79 4791.29 1417.38 913.368 3606.6 2235.81 1370.79
internal_count=230178 159800 107485 70378 67017 50558 52315 43836 40468 23479 21080 16459 37129 27935 15817 10282 21379 23331 13434 13429 22756 20296 17564 26542 16792 4604 2732 12533 7512 5021
is_linear=0
shrinkage=0.05


Tree=49
num_leaves=31
num_cat=0
split_feature=2 2 2 1 2 1 8 8 8 8 4 8 8 8 2 1 2 8 8 8 8 8 4 4 1 4 8 1 8 6
split_gain=1406.62 1085.56 592.616 611.562 844.385 237.181 180.672 152.896 115.108 90.5603 49.6648 49.5942 46.0819 57.6072 45.8727 42.4316 41.7527 39.0523 38.446 30.2543 28.368 26.3505 40.2652 53.9584 25.4282 23.6782 21.4917 18.5901 13.032 13.6911
threshold=1.5000000000000002 -1.4999999999999998 1.0000000180025095e-35 37.500000000000007 -1.0000000180025095e-35 10.500000000000002 247.85845947265628 -1.0000000180025095e-35 -130.9697570800781 -0.54526796936988819 -0.1692661568522453 269.34574890136724 -165.65875244140622 -46.97898864746093 -2.4999999999999996 11.500000000000002 2.5000000000000004 -1.0000000180025095e-35 -216.81816101074216 375.88629150390631 303.84550476074224 -49.602500915527337 0.32175916433334356 0.88491234183311474 30.500000000000004 -1.2260485291481016 -53.472444534301751 50.500000000000007 -62.530506134033196 1.0000000180025095e-35
decision_type=2 2 2 2 2 2 2 2 2 2 2 2 2 2 2 2 2 2 2 2 2 2 2 2 2 2 2 2 2 2
left_child=1 14 3 4 10 -6 8 12 -5 16 -3 15 18 -14 -1 -9 21 24 -4 -13 -8 28 -23 -24 -16 -19 -26 -27 29 -2
right_child=9 2 7 6 5 -7 20 11 -10 -11 -12 19 13 -15 17 -17 -18 25 -20 -21 -22 22 23 -25 26 27 -28 -29 -30 -31
leaf_value=-0.037294669967480827 0.0021653823742832667 -0.0081787568538347205 0.0053319785008255488 -0.0034669915222924476 0.037370777565880128 0.019451227821875739 -0.028615649758960818 -0.022605112754943677 0.0054523265307085018 -0.033083123086876061 0.0028997854574884358 -0.029318518842385233 -0.0094970425527472202 0.0039421508016413091 -0.034518709122022921 -0.0081196057083766024 -0.034953220915535564 0.013424631247780051 0.03071829551594318 -0.0078236046809877866 -0.011107050249985253 -0.031557969214262661 0.029868462227939974 -0.012378396246938192 -0.014544058613264308 -0.020344536797692769 -0.035089259534192695 0.0065506481753681029 -0.036644700610963525 -0.019813819887760542
leaf_weight=854.96682232618332 94.792373493313789 2171.5593761205673 687.40765827894211 4329.2100985944271 2515.515020430088 7030.2190877050161 313.51116955280304 578.90083537995815 21899.778405621648 2763.1670544296503 1886.454690515995 592.93652449548244 1427.6323657780886 1793.8870748579502 677.36397685110569 3899.1592760384083 213.92296139895916 77.770658507943153 186.57147267460823 231.70196031033993 896.74052858352661 76.220442518591881 141.4693224132061 151.94710165262222 476.29404945671558 372.58713285624981 177.17216703295708 74.922243878245354 77.460030630230904 265.1775768995285
leaf_count=5773 520 9274 2411 16750 6721 20284 1833 3215 76186 20748 7329 3898 5915 7286 4403 19093 1473 453 575 1443 4415 417 731 812 2857 2080 1042 400 418 1423
internal_value=0.00105703 0.00315499 0.00481258 0.00740586 0.0160721 0.0241905 0.00310722 -0.0065105 0.00397977 -0.0283761 -0.00303143 -0.0121111 0.000746828 -0.00201898 -0.0276376 -0.0100153 -0.0155382 -0.0231011 0.0108952 -0.0233626 -0.0157417 -0.0102085 -0.000349918 0.00814989 -0.0276581 -0.0114036 -0.0203386 -0.0158191 -0.0184411 -0.0140756
internal_weight=56936.4 53152.3 50441.2 41043 13603.7 9545.73 27439.2 9398.2 26229 3784.16 4058.01 5302.7 4095.5 3221.52 2711.08 4478.06 1020.99 1856.11 873.979 824.638 1210.25 807.067 369.637 293.416 1330.83 525.28 653.466 447.509 437.43 359.97
internal_count=230178 203636 186628 142792 43608 27005 99184 43836 92936 26542 16603 27649 16187 13201 17008 22308 5794 11235 2986 5341 6248 4321 1960 1543 8302 2933 3899 2480 2361 1943
is_linear=0
shrinkage=0.05


Tree=50
num_leaves=31
num_cat=0
split_feature=8 6 4 6 4 6 4 8 8 8 8 8 8 8 4 4 8 8 8 4 4 8 8 8 8 8 8 0 8 0
split_gain=3552.77 1776.14 614.242 530.898 424.463 282.548 199.317 190.417 189.356 150.182 133.688 121.544 115.735 107.658 94.9835 79.3747 77.5695 127.045 75.7163 71.1182 69.0239 68.6167 73.3754 61.8787 61.2707 53.6547 84.0671 53.0856 52.4993 52.3525
threshold=19.12481784820557 -1.0000000180025095e-35 0.16511264443397525 -1.0000000180025095e-35 -0.56362915039062489 2.5000000000000004 0.75114825367927562 -119.05458450317381 -160.02195739746091 6.2212312221527108 167.39929962158206 39.87672424316407 -245.087776184082 -328.50596618652338 -0.61825299263000477 -1.7902241945266721 48.307966232299812 77.415805816650405 23.550344467163089 -0.19711234420537946 0.29989066720008856 -38.559890747070305 -22.204532623291012 24.120081901550297 -349.79296874999994 -135.04876708984372 -31.164384841918942 36.500000000000007 -64.778663635253892 43.500000000000007
decision_type=2 2 2 2 2 2 2 2 2 2 2 2 2 2 2 2 2 2 2 2 2 2 2 2 2 2 2 2 2 2
left_child=1 4 7 11 15 10 9 27 13 12 20 18 -4 24 -9 -1 -13 -18 19 -2 23 28 -23 -5 -6 -17 -27 -3 -10 -19
right_child=3 2 6 5 8 -7 -8 14 21 -11 -12 16 -14 -15 -16 25 17 29 -20 -21 -22 22 -24 -25 -26 26 -28 -29 -30 -31
leaf_value=0.040345754907627152 0.011990161654111715 0.018029423776054123 0.011987048048735668 -0.029324610886188485 0.017720799995950012 -0.031911378948507173 -0.021948817454897684 0.01641616878265437 0.0088661691217933082 0.018081382149963049 -0.025763989239475732 -0.026184489002549344 -0.010883263922053235 0.033415913708905634 0.00042185390057246705 0.031607321430508324 0.010370008961384543 -0.01995695233724331 0.01621846572687486 -0.04029928796705301 -0.020795535663105429 0.024423239813215068 0.009762679183935476 -0.0098085823457426894 -0.015409931683955319 0.014535966830572344 0.030073356218808779 0.0063557669184789211 -0.0037749300608083004 -0.0033229495843385424
leaf_weight=1247.0908494740725 127.94628204405308 2887.4204157292843 613.86620710790157 433.20562832057476 1007.7786059528589 4483.9813136160374 2857.0263129919767 1013.0105334818363 2198.1141887456179 579.98905681073666 3348.9911416321993 460.09218089282513 5267.935116738081 1535.0758592039347 10528.826257988811 2817.3800596296787 984.4577495008707 953.1898777037859 1094.0538850426674 123.63673478364944 2660.1704910695553 1142.2561801373959 3393.2055027037859 5871.7855203449726 157.91365012526512 1780.2744009196758 1733.5707351267338 1479.8134756684303 1305.9275702238083 938.93931253254414
leaf_count=3928 397 7887 1831 1736 2880 23740 12656 3085 6508 2096 16077 1576 19025 4379 33077 8439 3141 3589 3483 431 11841 3401 10366 21893 442 5324 5099 4442 3953 3456
internal_value=-0.000374409 0.00783376 -0.00077152 -0.0170125 0.0196817 -0.0211614 -0.0109621 0.00519926 0.0132784 -0.00609127 -0.0172357 -0.00212098 -0.0084882 0.0247249 0.00183215 0.028742 -0.0072349 -0.00416386 0.0105395 -0.0139913 -0.0140373 0.00942008 0.0134778 -0.0111717 0.013186 0.0264263 0.0222332 0.0140857 0.00415627 -0.0117331
internal_weight=65026.9 43546.5 25227.9 21480.5 18318.6 16798.1 9318.82 15909.1 10740.3 6461.79 12314.2 4682.32 5881.8 2700.77 11541.8 7578.32 3336.68 2876.59 1345.64 251.583 8965.16 8039.5 4535.46 6304.99 1165.69 6331.23 3513.85 4367.23 3504.04 1892.13
internal_count=230178 138818 84099 91360 54719 75287 35608 48491 31929 22952 51547 16073 20856 7701 36162 22790 11762 10186 4311 828 35470 24228 13767 23629 3322 18862 10423 12329 10461 7045
is_linear=0
shrinkage=0.05


Tree=51
num_leaves=31
num_cat=0
split_feature=2 2 8 2 0 8 0 8 8 8 0 8 5 2 8 8 4 8 8 3 8 5 5 8 8 0 0 4 8 8
split_gain=8520.53 2702.69 953.825 636.246 421.637 348.297 258.035 227.333 194.441 156.278 141.77 132.571 122.473 94.9729 93.8495 92.1166 71.1075 58.808 92.5878 66.5884 56.3799 53.0438 49.4828 49.1051 47.8024 43.9366 42.2762 35.6615 46.1385 38.96
threshold=1.0000000180025095e-35 -1.0000000180025095e-35 -19.300438880920407 1.5000000000000002 64.500000000000014 107.69263076782228 54.500000000000007 16.161653518676761 -170.74105834960935 179.729362487793 71.500000000000014 -14.519459724426268 -1.0000000180025095e-35 -1.4999999999999998 -155.41359710693357 -361.24395751953119 -0.8471737504005431 29.880530357360843 46.760663986206062 1.0000000180025095e-35 222.81492614746097 -3.4999999999999996 -1.4999999999999998 -38.559890747070305 -0.54526796936988819 70.500000000000014 80.500000000000014 -0.1120820641517639 -254.63584899902341 -349.79296874999994
decision_type=2 2 2 2 2 2 2 2 2 2 2 2 2 2 2 2 2 2 2 2 2 2 2 2 2 2 2 2 2 2
left_child=1 6 8 7 5 11 9 10 27 13 15 -4 23 -1 -14 -2 -17 -9 25 -20 -7 -6 -15 -10 -5 -19 -23 29 -29 -3
right_child=3 2 4 24 21 20 -8 17 12 -11 -12 -13 14 22 -16 16 -18 18 19 -21 -22 26 -24 -25 -26 -27 -28 28 -30 -31
leaf_value=-0.03881303384855754 -0.023004661307741224 -0.017064482023769381 0.021114893108991301 0.030709059184670554 -0.029939847462820281 0.010436712243414248 -0.038000689863586151 0.038869061114936425 -0.015307033426869194 0.0065248120081158913 0.026130936618811301 -0.00087433748460287442 0.025371749350389883 -0.029014928236935713 -0.0086559909104001794 -0.019847852417360638 0.012076431227702807 0.0020769712521734535 0.027760061103641709 -0.0068754095423765246 0.02097690240666163 -0.0080903429528165951 -0.01903596606948546 -0.028114426078699753 0.04045260662372023 0.029172704127747692 -0.021448608087469543 -0.026450807648974374 -0.011162122602723893 -0.036861554025265433
leaf_weight=1186.385071605444 201.34144181013107 349.99053221940994 716.09276670217514 1782.4877465367317 519.4628873616457 2745.8644664883614 6672.1932462006807 816.67660719156265 2759.2864364683628 390.0014660358429 1739.2270212769508 13858.527207881212 204.46930587291718 2117.8462400883436 6444.0664411783218 175.88965335488319 5393.8051023483276 618.37959066033363 5225.9938596189022 140.72086945176125 2386.5409408211708 1816.9127151668072 3149.9706007242203 1041.7294497191906 5266.2474742978811 192.73606380820274 882.19990283250809 1461.3072727024555 760.90782813727856 985.56472480297089
leaf_count=5157 581 1303 1974 5848 1790 7478 27532 2715 8496 1067 5208 37693 604 7933 18576 479 14998 1828 17223 399 7264 5337 10689 3180 20600 608 2865 5037 2542 3720
internal_value=-0.000623824 -0.0118662 -0.00486344 0.0256873 0.00141776 0.00415896 -0.0309919 0.0196868 -0.0151406 -0.0241365 0.0136309 0.000212927 -0.0116934 -0.0259929 -0.00759122 0.00984433 0.0110514 0.026175 0.0244668 0.0268463 0.0153535 -0.0153468 -0.0230716 -0.0188494 0.0380122 0.0086547 -0.0124881 -0.0252348 -0.0212526 -0.0317566
internal_weight=72002.8 50449.3 36932.9 21553.5 22925.6 19707 13516.4 14504.8 14007.3 6844.2 7510.26 14574.6 10449.6 6454.2 6648.54 5771.04 5569.69 6994.51 6177.83 5366.71 5132.41 3218.58 5267.82 3801.02 7048.74 811.116 2699.11 3557.77 2222.22 1335.56
internal_count=230724 160237 107859 70487 64401 54409 52378 44039 43458 24846 21266 39667 30856 23779 19180 16058 15477 22773 20058 17622 14742 9992 18622 11676 26448 2436 8202 12602 7579 5023
is_linear=0
shrinkage=0.05


Tree=52
num_leaves=31
num_cat=0
split_feature=2 2 2 0 2 0 8 8 8 8 2 8 0 8 5 8 0 8 2 8 0 8 4 8 8 4 8 7 4 8
split_gain=1279.52 983.548 480.766 567.279 770.295 185.079 159.094 144.692 123.291 92.8714 51.941 50.5369 50.287 49.8867 46.1869 44.591 44.5696 42.3894 41.5311 34.9547 28.0385 38.7524 36.5613 26.1814 26.0296 32.1857 14.2947 14.1758 12.1917 11.5702
threshold=1.5000000000000002 -1.4999999999999998 1.0000000180025095e-35 55.500000000000007 -1.0000000180025095e-35 77.500000000000014 -1.0000000180025095e-35 247.85845947265628 -130.9697570800781 -0.54526796936988819 -2.4999999999999996 269.34574890136724 80.500000000000014 -1.9814713001251218 -1.4999999999999998 36.320486068725593 57.500000000000007 303.84550476074224 2.5000000000000004 11.03136730194092 66.500000000000014 -68.484180450439439 0.52287265658378612 375.88629150390631 -1.0000000180025095e-35 -1.44338983297348 12.074971675872805 -0.22832847386598584 -0.26304748654365534 35.245143890380866
decision_type=2 2 2 2 2 2 2 2 2 2 2 2 2 2 2 2 2 2 2 2 2 2 2 2 2 2 2 2 2 2
left_child=1 10 3 7 12 -6 13 8 -3 18 -1 15 -5 14 -4 -8 24 -9 20 -18 21 -2 -23 -13 25 -12 -26 -22 -11 -21
right_child=9 2 6 4 5 -7 11 17 -10 28 16 23 -14 -15 -16 -17 19 -19 -20 29 27 22 -24 -25 26 -27 -28 -29 -30 -31
leaf_value=-0.037086820337218544 -0.018309793794204578 -0.0036277602792540603 0.009387667998117688 0.00033578943008021549 0.018730159617530339 0.034066021442394845 -0.015596501008868302 -0.029248470831785528 0.0054038531573297891 -0.012206062036291217 0.0075309992383293172 -0.028600515234477791 -0.012884044803237949 0.035114887867559501 -0.0024893877135140781 -0.0052565331965503956 -0.033622492152794975 -0.0080393328154288943 -0.034381268925982214 0.0025041745982126661 -0.0038340431591281075 -0.015797983711878131 0.023333795367886784 -0.0082091049173661085 0.018226789164773213 -0.023419719519566562 -0.0078812566836863312 -0.026332217757037341 -0.033190358049615995 -0.020587765431744457
leaf_weight=823.23286604881287 185.88071846961975 4517.3389891535044 1140.7158886045218 2756.7278963625431 5741.825736656785 3014.8670182228088 1692.9588534832001 313.34909002482891 23009.11327393353 78.941986113786697 98.625023931264877 569.67864330112934 968.2298439592123 104.48006112873554 2861.7754603624344 2723.6620225310326 790.55287922918797 931.67641374468803 204.87681499123573 94.748987212777138 100.12868975102901 83.12736402451992 183.81562918424606 223.90080167353153 79.808611109852791 490.94721177220345 132.54005914926529 243.57880985736847 2524.7780697718263 118.89924563467503
leaf_count=5783 1003 17488 4350 10938 16377 8065 8557 1879 79530 584 590 3892 4390 404 11564 13849 5240 4621 1478 544 577 447 916 1423 435 2987 704 1427 20016 666
internal_value=0.00120699 0.00316144 0.00471262 0.00702939 0.0159292 0.0240266 -0.00554348 0.00316639 0.00392129 -0.0275987 -0.0266246 -0.0113401 -0.00311311 0.00181506 0.00090308 -0.00923316 -0.0217667 -0.0134729 -0.0145527 -0.0287846 -0.00926993 -0.00105158 0.0110816 -0.0229347 -0.0128547 -0.0182224 0.0021247 -0.019927 -0.0325788 -0.0105238
internal_weight=56804.8 53199.7 50570.3 41253.1 12481.7 8756.69 9317.17 28771.5 27526.5 3605.13 2629.35 5210.2 3724.96 4106.97 4002.49 4416.62 1806.12 1245.03 1001.41 1004.2 796.531 452.824 266.943 793.579 801.921 589.572 212.349 343.707 2603.72 213.648
internal_count=230724 204276 187327 143288 39770 24442 44039 103518 97018 26448 16949 27721 15328 16318 15914 22406 11166 6500 5848 6450 4370 2366 1363 5315 4716 3577 1139 2004 20600 1210
is_linear=0
shrinkage=0.05


Tree=53
num_leaves=31
num_cat=0
split_feature=2 2 8 2 7 0 8 0 0 8 0 7 8 0 2 8 7 6 8 8 5 3 8 7 8 6 8 8 0 8
split_gain=8271.23 2381.34 1033.52 559.246 342.362 210.873 162.236 161.769 148.174 129.374 127.391 85.8486 80.7488 79.4143 73.0121 71.6412 70.1252 86.278 65.8519 59.3934 73.0344 57.0213 52.0482 43.1757 41.5074 39.9096 35.1275 32.6435 25.5829 21.6807
threshold=-1.0000000180025095e-35 1.0000000180025095e-35 19.12481784820557 -1.4999999999999998 -0.12799132615327832 48.500000000000007 11.760808467864992 39.500000000000007 36.500000000000007 37.442897796630866 49.500000000000007 0.049706598743796356 -310.69364929199213 78.500000000000014 1.5000000000000002 -372.31275939941401 0.064962290227413191 -1.4999999999999998 -222.32796478271482 73.35733795166017 5.5000000000000009 -1.0000000180025095e-35 51.880025863647468 0.0038535788189619784 -254.63584899902341 -2.4999999999999996 53.754350662231452 -3.1082756519317623 57.500000000000007 1.6444900035858157
decision_type=2 2 2 2 2 2 2 2 2 2 2 2 2 2 2 2 2 2 2 2 2 2 2 2 2 2 2 2 2 2
left_child=3 2 4 28 7 9 13 18 11 12 23 -6 -3 16 -14 -9 27 -18 -2 20 22 -10 -4 26 -7 -12 -8 -5 -1 -26
right_child=1 5 19 6 8 24 10 15 21 -11 25 -13 14 -15 -16 -17 17 -19 -20 -21 -22 -23 -24 -25 29 -27 -28 -29 -30 -31
leaf_value=0.036864217346751937 0.0228224859491378 0.010954532112522352 -0.014181863124191672 0.025929552694234932 0.0061546658513858665 -0.017002001436142247 0.027965700493992326 -0.02399210602715075 -0.033734971229896264 -0.030583269935796388 0.0039984705292624972 -0.0041721529953919053 -0.014314579705032979 0.037367242570937695 -0.035726040539760327 0.0029759254684458597 0.031006611790266765 0.011197933923941653 0.011102646851832612 -0.020650321051262681 -0.030915609927631149 -0.0085618353816622316 -0.0018551272677747135 -0.0013055703468108327 -0.031179367546587306 0.025452226979293197 -0.00049948161065993643 0.03857133526135368 0.044527127630168792 -0.036905295369284177
leaf_weight=1931.4252485632896 1755.962338745594 267.05826982855797 3329.8293858021498 4747.1446251273155 4148.3634933531284 357.90887455642223 269.01251620054245 263.60785111784935 231.66237205266953 2330.4053338766098 253.5122192800045 3899.6423707306385 2710.0192247033119 1332.9821350872517 466.15641812980175 2956.316008746624 792.22741478681564 1805.5382571816444 3827.3031677901745 5482.6219048053026 511.42585483193398 4870.2291906625032 1154.4546514749527 1247.3611303120852 2939.8440419435501 1580.0537184774876 179.0186949968338 596.69324415922165 3426.163959980011 4881.4954101890326
leaf_count=5975 4711 767 11932 13126 12142 1292 726 775 836 12750 692 12111 10725 3820 2370 8904 2154 4846 10780 23438 2177 16036 4017 3650 14460 4275 515 1625 10974 28123
internal_value=-0.000366357 -0.0115661 -0.00413357 0.0282337 0.00203358 -0.0288344 0.0225422 0.00966219 -0.00307512 -0.0214827 0.013388 0.00115135 -0.015288 0.0260162 -0.0175083 0.000734339 0.0240886 0.0172868 0.0148057 -0.0170491 -0.0130803 -0.00973679 -0.011014 0.00349095 -0.0340075 0.0225049 0.016712 0.0273759 0.0418016 -0.0347744
internal_weight=64545.4 46384.3 32431.4 18161.1 21953.1 13952.9 12803.5 8803.19 13149.9 5773.64 3528.96 8048.01 3443.23 9274.59 3176.18 3219.92 7941.6 2597.77 5583.27 10478.3 4995.71 5101.89 4484.28 1695.39 8179.25 1833.57 448.031 5343.84 5357.59 7821.34
internal_count=230724 178346 107859 52378 66295 70487 35429 25170 41125 26612 9858 24253 13862 25571 13095 9679 21751 7000 15491 41564 18126 16872 15949 4891 43875 4967 1241 14751 16949 42583
is_linear=0
shrinkage=0.05


Tree=54
num_leaves=31
num_cat=0
split_feature=2 2 8 2 8 0 0 8 8 0 8 5 5 0 8 4 4 5 8 8 3 8 0 8 8 5 8 0 6 4
split_gain=7720.32 2532.69 915.835 609.18 402.027 277.114 268.274 207.207 163.622 143.776 139.4 114.407 114.085 92.6001 78.7898 80.892 74.5791 64.8674 60.607 88.8066 64.9506 57.7132 55.1933 61.1224 51.4644 51.1866 49.5105 40.1962 39.6517 37.3749
threshold=1.0000000180025095e-35 -1.0000000180025095e-35 -25.19881439208984 1.5000000000000002 184.21182250976565 47.500000000000007 38.500000000000007 16.161653518676761 -170.74105834960935 72.500000000000014 191.76314544677737 1.5000000000000002 1.0000000180025095e-35 63.500000000000007 -361.24395751953119 -0.8471737504005431 0.47888524830341345 -1.0000000180025095e-35 28.580967903137211 46.760663986206062 1.0000000180025095e-35 -40.924243927001946 66.500000000000014 96.730762481689467 -130.9697570800781 3.5000000000000004 -0.54526796936988819 72.500000000000014 -1.0000000180025095e-35 0.58183753490448009
decision_type=2 2 2 2 2 2 2 2 2 2 2 2 2 2 2 2 2 2 2 2 2 2 2 2 2 2 2 2 2 2
left_child=1 6 8 7 5 11 10 9 28 14 17 -4 -7 21 -2 -16 -6 -1 -9 27 -21 -10 23 -8 -15 -18 -5 -20 -3 -30
right_child=3 2 4 26 16 12 22 18 13 -11 -12 -13 -14 24 15 -17 25 -19 19 20 -22 -23 -24 -25 -26 -27 -28 -29 29 -31
leaf_value=-0.026989229597238259 -0.021411458155133206 -0.031942869704866705 -0.00065087761222606781 0.029507673879504478 0.021199046590425714 -0.019660836599694087 -0.032903770158011797 0.039131092573629137 -0.0072975857347782865 0.026026718209525918 0.017665861040039223 0.0090696467042851378 -0.0051849499762215744 0.0035082049628101571 -0.022019633495392276 0.011489350511079325 -0.023642388123175848 -0.013438223204257017 0.0036037724319565308 0.026896031123667476 -0.0073442921889827831 -0.017236786115018242 -0.039126017049183337 -0.012524265481304891 -0.02644966961606603 0.0095269719378086939 0.039530774657427631 0.029342184885168172 -0.022297148215184984 0.0035601428529931558
leaf_weight=2287.6600115001202 197.40311288833618 1215.2801633924246 10467.081397742033 1743.0337672531605 2600.2415583729744 2216.9705322384834 4404.7365952283144 696.45292499661446 5955.3314157426357 1645.3202751278877 235.27791893482208 4253.2256553769112 3526.409128934145 159.15227898955345 181.82519337534904 5399.8822874724865 138.69534903764725 1465.6995279043913 726.35304084420204 5090.1708980500698 140.40747794508934 1938.0357690453529 4332.7646278589964 410.37035717070103 1346.0601462721825 606.63996309041977 5068.7178739458323 187.35918754339218 2154.3598501384258 148.05745670199394
leaf_count=8708 573 4656 28455 5856 7857 7002 18109 2400 17385 5005 635 11441 10257 509 496 15093 409 4907 2175 17150 400 5584 18852 1276 4505 1747 20698 611 7560 454
internal_value=-0.00067975 -0.0114039 -0.00466266 0.0246871 0.00115338 -0.00147501 -0.0302412 0.0188017 -0.01538 0.0130028 -0.0193798 0.00215986 -0.0107849 -0.011926 0.00927559 0.0103791 0.0172085 -0.0217224 0.0250813 0.0234583 0.0259708 -0.0097473 -0.0349637 -0.0311817 -0.023281 0.00323825 0.0369895 0.00901247 -0.0245783 -0.0206303
internal_weight=70939 49862 36725.5 21076.9 23809.3 20463.7 13136.5 14265.2 12916.3 7424.43 3988.64 14720.3 5743.38 9398.58 5779.11 5581.71 3345.58 3753.36 6840.74 6144.29 5230.58 7893.37 9147.87 4815.11 1505.21 745.335 6811.75 913.712 3517.7 2302.42
internal_count=230765 160308 107821 70457 67168 57155 52487 43903 40653 21167 14250 39896 17259 27983 16162 15589 10013 13615 22736 20336 17550 22969 38237 19385 5014 2156 26554 2786 12670 8014
is_linear=0
shrinkage=0.05


Tree=55
num_leaves=31
num_cat=0
split_feature=2 2 2 1 2 1 8 8 8 8 8 1 2 5 6 7 2 8 1 1 8 4 8 1 8 8 1 8 4 8
split_gain=1163.86 930.14 442.068 496.91 656.218 248.658 139.967 125.928 90.3634 66.7039 56.4251 54.7345 48.8322 44.5181 42.8138 42.1639 40.8983 37.2802 35.7872 29.9296 32.6651 35.6747 29.0338 26.2855 25.7736 24.8244 21.9635 20.9381 11.995 7.35387
threshold=1.5000000000000002 -1.4999999999999998 1.0000000180025095e-35 43.500000000000007 -1.0000000180025095e-35 9.5000000000000018 247.85845947265628 -1.0000000180025095e-35 -0.54526796936988819 -130.9697570800781 269.34574890136724 6.5000000000000009 -2.4999999999999996 -1.4999999999999998 4.5000000000000009 -0.32254792749881739 2.5000000000000004 -1.0000000180025095e-35 49.500000000000007 12.500000000000002 -68.484180450439439 0.37112155556678778 375.88629150390631 31.500000000000004 -53.472444534301751 303.84550476074224 9.5000000000000018 92.387344360351577 -0.26304748654365534 -117.65232849121092
decision_type=2 2 2 2 2 2 2 2 2 2 2 2 2 2 2 2 2 2 2 2 2 2 2 2 2 2 2 2 2 2
left_child=1 12 3 4 11 -6 9 13 16 -5 14 -3 -1 15 -9 -4 19 23 -15 -2 29 -22 -12 -14 -25 -8 -19 -28 -10 -21
right_child=8 2 7 6 5 -7 25 10 28 -11 22 -13 17 18 -16 -17 -18 26 -20 20 21 -23 -24 24 -26 -27 27 -29 -30 -31
leaf_value=-0.036830264362011915 -0.025960106256579359 -0.015377945602826515 -0.0071352651990584694 -0.0027923759787915896 0.034907204187269718 0.016409226412577832 -0.027856106980204257 -0.0069699318171079182 -0.011500197507202436 0.004329565584756381 -0.029165826258359191 0.00015643702443453376 -0.033389199304897442 -0.0068167339803285772 -0.026274799121648179 0.014781185011039486 -0.034048668478006069 -0.032199313295451719 0.0044212335506038482 -0.0091230003149245613 -0.02189479598507546 0.014835010653709303 -0.0074407857474853394 -0.012063574528128659 -0.035580321107257042 -0.010556580836601912 -0.010205020664266456 0.018861115195553696 -0.032518507923979131 -0.02717265602171139
leaf_weight=787.49360598623753 184.29545736312866 652.7212920486927 287.88667286932468 3928.4723966270685 2270.7451244294643 9149.4243828505278 279.10431046783924 4031.133989110589 77.068208090960979 20058.089453816414 548.27815663814545 4112.049438804388 643.38909584283829 1691.9911149889231 305.29195012152195 885.00232365727425 195.23265480995178 87.305717706680298 1211.6159870624542 135.47978395223618 81.403644025325775 279.16092497110367 218.87500368058681 441.07093416154385 158.38645209372044 817.24216148257256 348.8725201934576 70.338659554719925 2407.6956864818931 102.60484328866005
leaf_count=5823 1131 3032 1090 15442 6081 26644 1747 20583 589 69739 3882 16406 4533 7220 1769 3369 1471 538 4572 767 462 1453 1418 2767 987 4187 1993 389 20109 572
internal_value=0.00124093 0.00307736 0.00456391 0.00677136 0.0136002 0.020101 0.00236316 -0.00535767 -0.0268213 0.00316281 -0.0105875 -0.00198549 -0.026435 0.00119478 -0.00835772 0.00939432 -0.0138465 -0.0216638 -0.00212782 -0.00862484 -0.00311732 0.00635658 -0.0230558 -0.0263203 -0.01852 -0.0150671 -0.0100925 -0.00516324 -0.031891 -0.0173006
internal_weight=56447.7 52984.8 50447.9 41267.8 16184.9 11420.2 25082.9 9180.08 3462.94 23986.6 5103.58 4764.77 2536.86 4076.5 4336.43 1172.89 978.177 1749.36 2903.61 782.945 598.649 360.565 767.153 1242.85 599.457 1096.35 506.517 419.211 2484.76 238.085
internal_count=230765 204211 187181 143278 52163 32725 91115 43903 26554 85181 27652 19438 17030 16251 22352 4459 5856 11207 11792 4385 3254 1915 5300 8287 3754 5934 2920 2382 20698 1339
is_linear=0
shrinkage=0.05


Tree=56
num_leaves=31
num_cat=0
split_feature=2 2 8 2 7 0 0 0 8 8 7 7 8 0 2 8 5 8 5 8 8 8 8 8 6 8 8 4 8 0
split_gain=7418.62 2217.98 939.285 563.303 311.723 216.829 162.946 161.765 155 147.994 127.898 92.5689 90.9917 89.2877 83.3958 60.9918 69.955 59.9805 58.1327 46.3691 37.99 35.5419 63.6851 32.0468 31.9954 30.9304 33.422 29.317 22.9195 22.6375
threshold=-1.0000000180025095e-35 1.0000000180025095e-35 19.12481784820557 -1.4999999999999998 -0.20562063902616498 53.500000000000007 71.500000000000014 72.500000000000014 32.945169448852546 37.442897796630866 0.05722481198608876 0.064962290227413191 -310.69364929199213 42.500000000000007 1.5000000000000002 75.15427398681642 3.5000000000000004 -372.31275939941401 -3.4999999999999996 51.880025863647468 -155.41359710693357 348.21440124511724 191.76314544677737 -254.63584899902341 -1.4999999999999998 82.886116027832045 153.43129730224612 -1.1796581745147703 49.591728210449226 56.500000000000007
decision_type=2 2 2 2 2 2 2 2 2 2 2 2 2 2 2 2 2 2 2 2 2 2 2 2 2 2 2 2 2 2
left_child=3 2 4 29 13 9 8 10 11 12 -6 20 -3 18 -14 16 19 -15 -2 -4 -5 22 -10 -7 -13 -17 -27 -25 -18 -1
right_child=1 5 15 6 7 23 -8 -9 21 -11 -12 24 14 17 -16 25 28 -19 -20 -21 -22 -23 -24 27 -26 26 -28 -29 -30 -31
leaf_value=0.035863705031696107 0.03048590938529281 0.011424759027901792 -0.012850603051802134 0.030847560794796898 0.003581377950990543 -0.017843939099170671 0.031546480958263873 -0.017462760380170087 0.0060195967491439755 -0.030651188798265196 -0.0061421968690244131 0.021783767218079078 -0.014005296131562274 -0.022949686932262448 -0.034833829340549363 -0.032431090997593309 -0.031165536148944392 0.0055607165625393036 0.013171157899430852 -0.00094987860751515908 0.021777700387730168 0.026276416910245227 -0.02530950813994904 -0.0048365641393085107 0.010198731278667487 -0.014459581479790849 -0.022897548747250029 -0.035277337719006173 -0.014862210174141327 0.043257175760227855
leaf_weight=1816.2992281615734 558.44515067338943 293.29642197489738 2978.8695919066668 1856.9126682579517 8738.8085730969906 303.72983042895794 2934.7184893488884 1491.0086442679167 1461.6613622307777 2604.9147935509682 5509.7911372482777 863.85863134264946 2991.8904862254858 200.82201173901558 572.31185062229633 471.2680342644453 559.61722728610039 1777.7971154749393 3682.0653981864452 1129.0599543601274 3313.2046473026276 170.04886654019356 177.42510426044464 81.788376957178116 1965.9921385645866 2283.7738437056541 2511.3703911304474 6617.5811186283827 374.69769443571568 3401.9690516591072
leaf_count=5763 1523 843 10655 5301 25774 1133 8325 5423 4075 14925 17523 2345 12115 602 3079 1861 2348 5347 10178 3898 9016 513 608 360 5274 9375 11769 38002 1545 11267
internal_value=-0.000342698 -0.0110368 -0.00392203 0.0268808 0.00192352 -0.0280782 0.0212001 -0.00182173 0.0180901 -0.0214415 -0.000179467 0.0210778 -0.0151908 0.011396 -0.0173939 -0.0163687 -0.012415 0.00261647 0.0154846 -0.00958483 0.0250619 0.00485701 0.00256168 -0.0341827 0.0137674 -0.0201387 -0.0188981 -0.0349096 -0.0247412 0.0407206
internal_weight=63695 45732.9 32267.4 17962.1 21958.7 13465.5 12743.8 15739.6 9809.1 6462.41 14248.6 7999.97 3857.5 6219.13 3564.2 10308.7 5042.24 1978.62 4240.51 4107.93 5170.12 1809.14 1639.09 7003.1 2829.85 5266.41 4795.14 6699.37 934.315 5218.27
internal_count=230765 178278 107821 52487 66370 70457 35457 48720 27132 30962 43297 21936 16037 17650 15194 41451 18446 5949 11701 14553 14317 5196 4683 39495 7619 23005 21144 38362 3893 17030
is_linear=0
shrinkage=0.05


Tree=57
num_leaves=31
num_cat=0
split_feature=4 8 6 8 4 8 8 6 3 8 8 3 6 6 8 8 9 6 8 4 9 5 8 8 8 8 5 8 4 8
split_gain=2702.86 1237.99 710.478 613.716 433.361 417.161 302.814 276.715 143.969 154.642 131.39 116.861 109.251 107.833 99.9458 89.8156 88.5472 86.0675 83.6385 80.4598 72.7597 70.4818 64.6852 61.1597 68.716 54.084 45.2554 45.1315 43.7292 43.2763
threshold=-0.074047099798917757 107.69263076782228 1.5000000000000002 42.778856277465827 -0.56362915039062489 -66.618366241455064 -8.0015263557434064 -1.4999999999999998 1.0000000180025095e-35 247.85845947265628 -19.300438880920407 -1.0000000180025095e-35 4.5000000000000009 3.5000000000000004 130.77565765380862 -12.206459999084471 1.0000000180025095e-35 -1.0000000180025095e-35 201.82788085937503 0.28522720932960516 1.0000000180025095e-35 -3.4999999999999996 49.591728210449226 -254.63584899902341 -127.30684280395506 -1.2817159891128538 2.5000000000000004 -28.500020980834957 -0.8471737504005431 369.94026184082037
decision_type=2 2 2 2 2 2 2 2 2 2 2 2 2 2 2 2 2 2 2 2 2 2 2 2 2 2 2 2 2 2
left_child=3 2 5 4 28 17 23 -5 9 13 21 -7 25 14 -3 -12 -13 -2 22 -19 -17 -6 -9 26 -25 -8 -4 -23 -1 -20
right_child=1 8 6 7 10 11 12 18 -10 -11 15 16 -14 -15 -16 20 -18 19 29 -21 -22 27 -24 24 -26 -27 -28 -29 -30 -31
leaf_value=-0.031765339759534411 -0.025256935239241593 0.024560694811464282 0.0007607144696716501 -0.02417536422097288 -0.025832181274814271 0.028171052924786746 0.035689023220384218 0.028784425698296014 -0.023989216101488634 0.028005721186934188 0.013573768932388895 -0.0013744801285195476 0.032648232051670077 0.029599982067868569 0.0081707957675020617 -0.0048166736249179738 0.007692364622349678 -0.014911386489416756 0.031684666022085722 0.00049763495765536012 -0.020793306764463018 -0.012398583026935075 0.002356296099217507 0.020294999114408303 0.0017516079600046188 0.014762844249285046 -0.034248468621044741 -0.028450325385134374 -0.023563743092028657 0.0020684617634842426
leaf_weight=4353.1162474155426 1405.2360438257456 1272.9795714318752 182.11222206056118 727.26529155671597 1753.1553974151611 372.70021098852158 328.34481376409531 256.94557222723961 172.92722655832767 4954.8941268473864 509.70544706285 16607.21911790967 1249.8757506906986 1165.0081317275763 3452.7232938855886 2978.4114995747805 3208.7268303930759 3400.7617791742086 548.65687409043312 1127.2474000304937 933.79086136817932 4274.3800454288721 2004.8210363537073 573.28615470230579 3680.8658086508512 4803.7239085286856 181.75340028107166 487.58552692830563 2744.9092157483101 159.64452877640724
leaf_count=19059 4930 3858 598 2469 6313 1164 1013 768 547 18200 1633 48909 4903 4345 10664 9401 9497 10915 1770 3499 2959 14825 6139 1784 11402 15905 591 1603 10483 509
internal_value=-0.000554954 0.00605238 0.00168299 -0.0151892 -0.0189927 -0.00280597 0.0123395 0.00336434 0.0207656 0.0214899 -0.0127393 0.000620403 0.0193922 0.01599 0.0126071 -0.00607742 9.52524e-05 -0.0144554 0.0101371 -0.011079 -0.00865176 -0.0172527 0.00541551 0.00258248 0.00427139 0.0161351 -0.0169538 -0.0140703 -0.0286125 0.0250707
internal_weight=69872.8 48140.4 37121.9 21732.4 18035.1 26121.9 11000 3697.33 11018.5 10845.6 10937 20188.6 6381.94 5890.71 4725.7 4421.91 19815.9 5933.25 2970.07 4528.01 3912.2 6515.12 2261.77 4618.02 4254.15 5132.07 363.866 4761.97 7098.03 708.301
internal_count=230655 152724 115110 77931 66276 78914 36196 11655 37614 37067 36734 59570 21821 18867 14522 13993 58406 19344 9186 14414 12360 22741 6907 14375 13186 16918 1189 16428 29542 2279
is_linear=0
shrinkage=0.05


Tree=58
num_leaves=31
num_cat=0
split_feature=2 2 2 0 2 0 0 8 2 8 8 2 4 8 2 8 0 0 8 6 0 8 8 4 8 4 8 4 8 8
split_gain=1057.35 834.554 414.553 457.506 591.034 143.631 136.337 116.807 100.941 95.8977 90.9808 52.3512 50.371 48.1797 44.3032 44.0417 42.166 38.6234 36.1636 33.5251 32.6275 35.5151 28.8595 28.039 26.6398 19.9738 26.9237 14.3502 12.6424 9.70541
threshold=1.5000000000000002 -1.4999999999999998 1.0000000180025095e-35 59.500000000000007 -1.0000000180025095e-35 79.500000000000014 24.500000000000004 -1.0000000180025095e-35 -1.0000000180025095e-35 -0.54526796936988819 247.85845947265628 -2.4999999999999996 -0.15555509924888608 269.34574890136724 2.5000000000000004 32.945169448852546 58.500000000000007 39.500000000000007 11.03136730194092 -2.4999999999999996 71.500000000000014 -68.484180450439439 375.88629150390631 0.52287265658378612 -25.19881439208984 -1.44338983297348 -1.0000000180025095e-35 -0.26304748654365534 35.245143890380866 -100.76657485961913
decision_type=2 2 2 2 2 2 2 2 2 2 2 2 2 2 2 2 2 2 2 2 2 2 2 2 2 2 2 2 2 2
left_child=1 11 3 6 12 -6 10 17 -8 14 -3 -1 -5 15 20 -9 25 24 -18 -19 21 -2 -15 -23 -4 -13 -27 -11 -20 -22
right_child=9 2 7 4 5 -7 8 13 -10 27 -12 16 -14 22 -16 -17 18 19 28 -21 29 23 -24 -25 -26 26 -28 -29 -30 -31
leaf_value=-0.036588504293665544 -0.015748941611645279 0.00089805855143563487 0.0035572386874811578 -0.0086125430685457163 0.018092716147566475 0.03272620285862303 -4.5205963388197435e-05 -0.015022875301716226 0.0091179861101940898 -0.0089402814457606259 -0.016982475552983028 0.0073472059495232516 0.0039730303783134619 -0.028247288805047812 -0.034220043559474687 -0.0044433853439357412 -0.033310572539820525 0.016383402027131271 0.0054607651217508275 -0.0042162342792017356 -0.0039403450625541394 -0.010931904429317409 -0.0066146861593804358 0.021195510222313883 0.018970081409535589 -0.021580225313621047 -9.9850370740682106e-05 -0.032123523885243477 -0.019716874733072712 -0.026656592862192269
leaf_weight=742.59083542972803 201.05933678150177 14149.406377315521 1065.2202345877886 1696.226420044899 5170.4048253297806 2502.3883417844772 4082.2895916104317 1532.5772834420204 11388.375355392694 73.510786816477776 744.07424888014793 110.52900888025761 1488.303317129612 530.35036163032055 184.26103447377682 2749.4877112358809 696.77403020113707 210.1970320045948 86.409877821803093 2409.4709309190512 63.757698997855186 95.919597297906876 221.761385679245 208.18407772481441 377.11072339117527 490.2192414700985 206.86111386120319 2292.7191263437271 107.50437225401402 197.53461992740631
leaf_count=5780 1153 50589 3989 7550 14365 6718 15959 8032 37771 581 4161 685 5895 3900 1451 14381 5085 811 521 10039 397 544 1466 1058 1392 3192 1147 20173 637 1233
internal_value=0.00132506 0.00304754 0.00443353 0.00656534 0.015372 0.0228835 0.00341433 -0.00522557 0.00670083 -0.0260356 -6.47679e-07 -0.0254746 -0.00273362 -0.0103113 -0.0125312 -0.00824295 -0.0205219 0.00108222 -0.0280182 -0.0025353 -0.00712903 0.000333394 -0.0219547 0.011049 0.00763868 -0.0121329 -0.015252 -0.0314237 -0.00864225 -0.0212917
internal_weight=56075.5 52758.5 50317.6 41221.5 10857.3 7672.79 30364.1 9096.18 15470.7 3316.95 14893.5 2440.89 3184.53 5034.18 950.716 4282.06 1698.3 4062 890.688 2619.67 766.455 505.163 752.112 304.104 1442.33 807.609 697.08 2366.23 193.914 261.292
internal_count=230655 204065 187018 143008 34528 21083 108480 44010 53730 26590 54750 17047 13445 27779 5836 22413 11267 16231 6243 10850 4385 2755 5366 1602 5381 5024 4339 20754 1158 1630
is_linear=0
shrinkage=0.05


Tree=59
num_leaves=31
num_cat=0
split_feature=8 6 4 6 4 6 4 8 8 8 4 3 8 8 4 8 8 8 8 8 8 8 4 8 8 8 4 5 8 8
split_gain=2680.54 1298.66 485.195 453.556 355.254 234.383 167.191 142.657 136.574 122.538 118.684 99.749 90.6936 83.5875 78.6284 77.2958 76.9902 82.4146 71.3055 62.6775 59.8035 58.9346 59.5711 58.197 57.9917 53.8959 53.2358 44.6227 44.4757 43.5729
threshold=19.12481784820557 -1.0000000180025095e-35 0.16511264443397525 2.5000000000000004 -0.31870716810226435 -1.0000000180025095e-35 0.75114825367927562 -155.41359710693357 6.2212312221527108 167.39929962158206 -1.1341271996498106 1.0000000180025095e-35 -245.087776184082 11.760808467864992 -0.75080534815788258 75.15427398681642 -155.41359710693357 -328.50596618652338 -43.726846694946282 -230.11035156249997 348.21440124511724 24.120081901550297 0.29989066720008856 -31.164384841918942 -59.570453643798821 -8.6262278556823713 -0.59927418828010548 8.5000000000000018 23.550344467163089 -9.2462801933288556
decision_type=2 2 2 2 2 2 2 2 2 2 2 2 2 2 2 2 2 2 2 2 2 2 2 2 2 2 2 2 2 2
left_child=1 4 7 5 10 11 8 -3 12 21 13 15 -4 -1 -9 28 17 -6 24 -12 -17 -7 -23 -21 -18 -20 -11 -28 -2 -8
right_child=3 2 6 -5 16 9 29 14 -10 26 19 -13 -14 -15 -16 20 18 -19 25 23 -22 22 -24 -25 -26 -27 27 -29 -30 -31
leaf_value=0.03284408367765472 -0.020051334008359335 0.013299441913372602 0.010039879839906288 -0.03060418222309691 0.0058699459134911279 -0.027818811621552326 -0.015056443564937939 0.018119035368635954 0.017512638047527722 0.016071019622641656 0.02804033279600204 0.028308391108251247 -0.010206191990551707 -0.0075511178920128572 0.0008939065068716669 -0.01568245810486206 0.0042380108472336612 0.026841672606833924 0.01647852870949541 0.012250009621144109 0.0098446131634645426 -0.0085970532503987784 -0.018105050871610753 0.02337678067631772 -0.013404060334257393 0.0044486943754525731 -0.026739256966601444 -0.0012276981587716279 0.0036223962272074759 -0.028114286945701918
leaf_weight=3072.7648195773363 211.85259485244751 3520.5119005590677 616.19535344839096 3998.5435618162155 828.44168524444103 582.11700938642025 1526.5786747932434 697.91582061350346 571.68545337021351 77.066072970628738 1594.5594547390938 247.65726947784424 5110.0207194834948 131.86227172613144 11539.359547033906 1539.2643363922834 1723.8856771439314 1083.6630672216415 1900.2384581118822 3042.9616222828627 265.97159661352634 5693.3782795518637 2326.4846096634865 1937.2091731578112 632.60054954886436 1830.7551469355822 2819.3684907406569 183.00411085784435 2329.0063507407904 1128.336314484477
leaf_count=10195 728 9930 1853 23759 2402 2630 6854 2166 2124 336 4864 798 19030 410 36416 5910 5200 3179 5827 9152 1081 21931 11036 5816 2002 5765 14902 902 7718 5739
internal_value=-0.000566064 0.0065715 -0.000843551 -0.0155229 0.0168749 -0.0118094 -0.0101355 0.00443723 -0.00569085 -0.0155708 0.0232662 -0.00223787 -0.00802066 0.0311727 0.00188329 -0.00400905 0.00905189 0.0177944 0.00629347 0.0193917 -0.0119047 -0.0124938 -0.0113648 0.0165973 -0.00051637 0.0105895 -0.0241319 -0.0251889 0.00161302 -0.0206484
internal_weight=62763.3 42489.5 24710.6 20273.7 17778.9 16275.2 8952.82 15757.8 6297.9 11681.4 9779.36 4593.75 5726.22 3204.63 12237.3 4346.09 7999.58 1912.1 6087.48 6574.73 1805.24 8601.98 8019.86 4980.17 2356.49 3730.99 3079.44 3002.37 2540.86 2654.91
internal_count=230655 138924 84112 91731 54812 67972 35600 48512 23007 51737 30437 16235 20883 10605 38582 15437 24375 5581 18794 19832 6991 35597 32967 14968 7202 11592 16140 15804 8446 12593
is_linear=0
shrinkage=0.05


Tree=60
num_leaves=31
num_cat=0
split_feature=4 8 6 6 8 8 8 4 3 6 4 4 6 8 8 8 8 5 4 3 5 9 8 8 8 4 7 8 8 8
split_gain=2437.69 1152.7 666.894 550.148 460.588 414.702 267.677 179.733 164.81 122.987 113.756 110.744 99.2629 95.0212 82.5965 81.7932 68.9769 64.5046 62.1319 61.9512 60.4791 53.486 51.318 50.4121 49.6709 46.8189 46.0711 43.1046 41.0693 37.7151
threshold=-0.074047099798917757 -8.0015263557434064 2.5000000000000004 -1.4999999999999998 42.778856277465827 158.74826812744143 -254.63584899902341 -0.56362915039062489 -1.0000000180025095e-35 5.5000000000000009 -0.7976430058479308 0.21972054243087771 1.0000000180025095e-35 201.82788085937503 -160.02195739746091 -66.618366241455064 -4.0424249172210684 10.500000000000002 0.66076204180717479 1.0000000180025095e-35 8.5000000000000018 1.0000000180025095e-35 49.591728210449226 -109.72359466552733 -160.02195739746091 1.740420460700989 0.29485858976840978 -216.81816101074216 258.61976623535162 369.94026184082037
decision_type=2 2 2 2 2 2 2 2 2 2 2 2 2 2 2 2 2 2 2 2 2 2 2 2 2 2 2 2 2 2
left_child=3 6 5 10 7 12 -2 -5 26 17 -1 15 19 22 27 -10 -14 18 -4 -3 -7 -16 -6 -13 -12 -19 -8 -9 -22 -15
right_child=1 2 9 4 13 20 8 14 11 -11 24 23 16 29 21 -17 -18 25 -20 -21 28 -23 -24 -25 -26 -27 -28 -29 -30 -31
leaf_value=-0.032151665984374675 -0.021301413699073415 0.00098549135603343864 0.016636427764645162 -0.02460940813052204 0.024515850131284083 0.021338854798636262 0.03135378870385707 -0.015543096025989104 -0.013555616572259704 0.03618470255327938 -0.029894038055449934 0.010898733427067219 0.035399622136696285 0.031379541430196826 -0.005401924780698686 -0.0032396097289421454 0.007182015524049238 0.0035683612164118272 0.0285023721867078 -0.029774258927254577 -0.02227808665742137 -0.017414886349904651 0.0011500411984727086 -0.00055571852336873547 -0.016867948983394433 0.025687641595220048 -0.0017226178964828321 -0.035823737623161066 0.015511689533263826 0.0032336725561835423
leaf_weight=3427.7732924520969 2102.6893805712461 9988.4608458578587 1923.1422194093466 2693.576906606555 261.26078926026821 4730.1626777946949 446.67567217350006 1074.8155161887407 3146.409925788641 1734.5430449396372 955.86912606656551 1158.8996310681105 218.42817752063274 530.2946540415287 5629.6654947847128 4934.5776323229074 7506.6464554518461 800.29211087524891 2683.773091673851 161.41794781386852 132.82503210008144 1106.6348789781332 2005.9009275734425 5495.9284012615681 3280.0650416910648 337.49021209776402 136.6162776350975 349.98222707211971 145.40362253785133 154.64034250378609
leaf_count=15851 7358 29037 6507 10265 786 15825 1423 4063 9984 7266 4068 3631 636 1734 17771 14407 23164 2772 10291 537 430 3434 6138 17118 12009 1320 435 1299 523 494
internal_value=-0.000631615 0.00565637 0.0115382 -0.0146241 -0.00865596 0.00729878 -0.00459479 -0.0134173 -0.00229545 0.0244955 -0.0253636 -0.00333045 0.00373332 0.0088444 -0.00971057 -0.00726214 0.00800226 0.0209376 0.0235724 0.000481886 0.0200075 -0.00738686 0.00389067 0.00144569 -0.0198392 0.0102131 0.023658 -0.0206326 -0.00260378 0.0250944
internal_weight=69254.9 47784.4 30362.6 21470.5 13806.8 22883.3 17421.8 10854.7 15319.1 7479.24 7663.71 14735.8 17875 2952.1 8161.1 8080.99 7725.07 5744.7 4606.92 10149.9 5008.39 6736.3 2267.16 6654.83 4235.93 1137.78 583.292 1424.8 278.229 684.935
internal_count=230576 152664 98308 77912 45984 70152 54356 36832 46998 28156 31928 45140 53374 9152 26567 24391 23800 20890 16798 29574 16778 21205 6924 20749 16077 4092 1858 5362 953 2228
is_linear=0
shrinkage=0.05


Tree=61
num_leaves=31
num_cat=0
split_feature=2 2 2 0 2 0 8 8 8 8 4 2 8 5 0 8 8 2 8 0 4 4 7 8 8 5 4 4 8 4
split_gain=1003.21 775.88 355.721 416.408 599.132 227.612 110.365 102.491 89.8323 60.9874 55.1029 53.5839 47.8932 46.4179 43.2387 42.398 40.1873 40.1675 29.6021 29.4091 29.6455 109.699 28.6696 26.991 26.0419 22.0154 43.8203 13.6214 12.784 11.7586
threshold=1.5000000000000002 -1.4999999999999998 1.0000000180025095e-35 44.500000000000007 -1.0000000180025095e-35 80.500000000000014 -1.0000000180025095e-35 247.85845947265628 -0.54526796936988819 -130.9697570800781 -0.1692661568522453 -2.4999999999999996 269.34574890136724 -1.4999999999999998 60.500000000000007 32.945169448852546 -37.716585159301751 2.5000000000000004 11.03136730194092 68.500000000000014 0.60499006509780895 0.90228471159935009 -0.36799168586730951 375.88629150390631 303.84550476074224 -3.4999999999999996 -0.90008330345153797 -0.58177191019058216 -113.14067459106444 -0.26304748654365534
decision_type=2 2 2 2 2 2 2 2 2 2 2 2 2 2 2 2 2 2 2 2 2 2 2 2 2 2 2 2 2 2
left_child=1 11 3 7 10 -6 13 9 17 -3 -5 -1 15 22 25 -8 -15 19 -16 20 -2 -22 -4 -14 -9 27 -27 -13 -21 -10
right_child=8 2 6 4 5 -7 12 24 29 -11 -12 14 23 16 18 -17 -18 -19 -20 28 21 -23 -24 -25 -26 26 -28 -29 -30 -31
leaf_value=-0.036411828677616893 -0.014270232620152801 -0.003141843396575323 -0.0074690248371290305 -0.0074166617385032071 0.014915506806758664 0.032568314957184007 -0.014337155656956774 -0.026890251305173793 -0.010494014696852749 0.0038275438865552377 0.003163224393984906 -0.025511352939141203 -0.027852797592638329 -0.0069466861299946744 -0.03322287114975362 -0.0039225318031786399 0.004987156078344674 -0.033753261607561896 -0.01003993478060362 -0.00015356838967982636 0.047880951373709957 -0.015767819727674156 0.013262942880280616 -0.0065069549280792217 -0.0086417049881322826 0.022022495779081483 -0.013054638656783114 0.00028121143150475935 -0.025241595109065564 -0.031885126403821393
leaf_weight=716.4942534416914 198.42819304764271 3739.7706772387028 197.52958160638809 2626.1116724610329 9877.0212530046701 2242.9270807802677 1525.0901926010847 261.82985851168633 72.513809688389301 19428.392708599567 2308.2153712511063 297.92309454828501 506.38183633983135 1700.4247325360775 631.70459844917059 2720.4732177853584 1198.5470410585403 179.1639264151454 182.76884362101555 64.768141493201256 111.21474939584732 157.98145353794098 975.51671901345253 213.68579296767712 765.40742267668247 111.69083301723003 372.36720740795135 61.467055261135101 231.11189648509026 2193.4781924635172
leaf_count=5813 1132 14804 744 11395 28729 6043 8100 1728 577 67388 8842 1964 3873 6859 4787 14341 4964 1456 1099 402 546 849 3672 1441 4062 713 2311 390 1458 20094
internal_value=0.00129152 0.00294629 0.00426599 0.00623429 0.0122168 0.0181944 -0.00471623 0.00201583 -0.0258295 0.00270212 -0.00246933 -0.0249537 -0.00971593 0.0013851 -0.0199073 -0.00767613 -0.00201268 -0.012763 -0.0281136 -0.00764981 0.000193902 0.0109214 0.009755 -0.0216068 -0.0134008 -0.0118638 -0.00481859 -0.0211567 -0.0198436 -0.0312252
internal_weight=55870.4 52661.7 50287.3 41249.7 17054.3 12119.9 9037.65 24195.4 3208.66 23168.2 4934.33 2374.42 4965.63 4072.02 1657.92 4245.56 2898.97 942.668 814.473 763.504 467.624 269.196 1173.05 720.068 1027.24 843.448 484.058 359.39 295.88 2265.99
internal_count=230576 204062 186985 142991 55009 34772 43994 87982 26514 82192 20237 17077 27755 16239 11264 22441 11823 5843 5886 4387 2527 1395 4416 5314 5790 5378 3024 2354 1860 20671
is_linear=0
shrinkage=0.05


Tree=62
num_leaves=31
num_cat=0
split_feature=2 2 8 2 7 0 0 0 8 7 8 0 8 8 8 8 8 2 8 5 8 6 2 8 8 6 0 8 8 6
split_gain=6477.84 2021.23 835.317 509.105 281.717 215.46 164.012 151.51 143.992 132.762 86.8321 77.3876 76.0391 71.4454 91.67 69.1103 70.3101 60.5015 56.0662 64.6878 43.3985 35.3972 34.0668 32.7851 33.3891 30.0336 27.7295 24.8863 21.8187 19.4053
threshold=-1.0000000180025095e-35 1.0000000180025095e-35 19.12481784820557 -1.4999999999999998 0.011554018594324591 55.500000000000007 38.500000000000007 73.500000000000014 11.03136730194092 -0.053878191858530038 -130.9697570800781 80.500000000000014 -310.69364929199213 -177.2028884887695 -48.137819290161126 96.730762481689467 127.00802230834962 1.5000000000000002 73.35733795166017 4.5000000000000009 20.889002799987797 -1.4999999999999998 1.5000000000000002 35.245143890380866 -30.148659706115719 1.0000000180025095e-35 46.500000000000007 -287.51872253417963 49.591728210449226 -1.0000000180025095e-35
decision_type=2 2 2 2 2 2 2 2 2 2 2 2 2 2 2 2 2 2 2 2 2 2 2 2 2 2 2 2 2 2
left_child=3 2 4 26 6 8 10 9 12 23 -2 -8 -3 25 -15 21 -17 -14 19 20 -4 -11 -10 24 -5 -6 -1 -7 -21 -20
right_child=1 5 18 7 13 27 11 -9 22 15 -12 -13 17 14 -16 16 -18 -19 29 28 -22 -23 -24 -25 -26 -27 -28 -29 -30 -31
leaf_value=0.031248217933388514 0.016517413430434735 0.010103957682428371 -0.032943954123505058 0.022786198676208142 0.021387351662778376 -0.018014294770808299 0.0010836513870794554 0.030861371980517766 -0.02528116574486395 0.020610311196622072 0.0062611640350704713 -0.017194069221231064 -0.012997329255102051 -0.016192690527853885 -0.0037088504019609243 -0.029824645300277626 0.0066014955868544199 -0.032746995576286735 -0.026373268491234794 -0.033983231850718894 -0.0084404333634824236 0.011795115710592335 -0.037165499973476457 0.0074743063723856631 0.034066473918967909 -0.0051649453756172116 0.040865860471468209 -0.034612800742699672 -0.014969969541787276 -0.01796018668307604
leaf_weight=1049.185032337904 3192.5271508991718 303.43946543335915 185.02394978702068 2688.1783874034882 315.90000286698341 252.30600634217262 4588.7099156826735 2537.7089559435844 2395.1418307870626 1661.8955236077309 5851.8432830870152 657.68720082938671 2576.6390899717808 2077.1854020804167 5021.0732949525118 166.80884471535683 573.84779223799706 455.87684392929077 846.36084668338299 388.72265037894249 4021.019454151392 3728.2387087643147 852.20083601772785 270.97214357554913 908.04535311460495 156.91363649070263 3920.9397036135197 5997.761243596673 265.89450621604919 4339.243271291256
leaf_count=3441 8625 869 745 7670 859 928 13792 7362 13501 4583 16886 2390 10266 6579 16633 487 1787 2539 3598 1746 14445 10084 5845 752 2516 462 13636 36560 1165 19825
internal_value=-0.000456505 -0.0105458 -0.00380453 0.0253255 0.00168012 -0.027299 0.00581076 0.0199424 -0.0209564 0.0171569 0.00988859 -0.00122183 -0.0136279 -0.00611533 -0.00737086 0.0125634 -0.00174729 -0.0160153 -0.0157347 -0.0118538 -0.00955618 0.0145296 -0.0284523 0.0244136 0.0256778 0.0126135 0.038869 -0.0339577 -0.0264324 -0.0193574
internal_weight=62247.3 44741.5 31908.1 17505.8 21861.8 12833.4 14290.8 12535.7 6583.3 9997.99 9044.37 5246.4 3335.96 7571.07 7098.26 6130.79 740.657 3032.52 10046.3 4860.66 4206.04 5390.13 3247.34 3867.2 3596.22 472.814 4970.12 6250.07 654.617 5185.6
internal_count=230576 178258 107750 52318 66226 70508 41693 35241 33020 27879 25511 16182 13674 24533 23212 16941 2274 12805 41524 18101 15190 14667 19346 10938 10186 1321 17077 37488 2911 23423
is_linear=0
shrinkage=0.05


Tree=63
num_leaves=31
num_cat=0
split_feature=2 2 8 2 0 0 8 0 7 8 5 8 0 2 8 8 8 8 8 5 0 8 4 7 8 8 0 4 4 8
split_gain=6214.84 2218.28 684.484 555.74 297.629 252.795 248.697 167.382 174.122 145.424 115.096 107.053 87.7551 77.9548 65.0257 55.484 51.4462 51.3443 49.2861 48.084 48.7146 44.4495 42.919 41.7029 40.8894 40.6291 39.8855 45.3011 41.5366 39.0371
threshold=1.0000000180025095e-35 -1.0000000180025095e-35 -25.19881439208984 1.5000000000000002 64.500000000000014 50.500000000000007 107.69263076782228 75.500000000000014 -0.062005056068301194 -170.74105834960935 -3.4999999999999996 179.729362487793 63.500000000000007 -1.4999999999999998 -149.64546966552732 -40.924243927001946 -361.24395751953119 -130.9697570800781 -9.2462801933288556 -3.4999999999999996 85.500000000000014 235.95204162597659 -0.1120820641517639 -0.03393734619021415 222.81492614746097 90.639205932617202 57.500000000000007 0.52287265658378612 0.90228471159935009 -254.63584899902341
decision_type=2 2 2 2 2 2 2 2 2 2 2 2 2 2 2 2 2 2 2 2 2 2 2 2 2 2 2 2 2 2
left_child=1 5 9 7 6 11 10 8 16 22 -4 13 15 -1 -10 -11 -2 -14 26 -6 -21 -16 -3 -15 -8 -18 27 -5 -29 -24
right_child=3 2 4 18 19 -7 24 -9 14 12 -12 -13 17 23 21 -17 25 -19 -20 20 -22 -23 29 -25 -26 -27 -28 28 -30 -31
leaf_value=-0.03646183502199233 -0.018330156855311638 -0.029920237128284229 -0.016820698488937094 0.032564261102752116 -0.02754908190335886 -0.035422698117532146 0.0087171801891789968 0.029167144220033719 -0.013423746098761808 -0.0057734230547817258 0.0010913087619928781 0.0056918187915929001 0.0048208028068433837 -0.025507357318647946 0.018389809425201398 -0.015563827467044829 0.0065930093135822881 -0.024714609375860952 0.037606491362835399 -0.0077553258249379994 -0.026485674845065046 0.028946117570041729 -0.023022590512460302 -0.015721227541636882 0.017845777950148568 0.023134725026701677 0.03281315117398128 -0.018067533558178472 0.019677746847112616 -0.0085721209854184629
leaf_weight=871.05656659603119 186.837292522192 1236.3433222025633 951.17046675086021 203.99676811695099 494.30008815228939 6563.721771672368 2755.8217060863972 2393.4645663350821 142.26078686118126 5900.4242284595966 14445.955858886242 350.73193266987801 163.87195020914078 1977.0542525798082 5473.1498346924782 1917.9805509746075 3981.481028854847 1319.2631281763315 4798.1339489370584 2303.5471814870834 405.79943634569645 1242.0226283669472 1362.7980383485556 2515.8471297174692 2234.7222230136395 405.79506069421768 932.85259626805782 133.55581530928612 148.83331006765366 723.04726980626583
leaf_count=4319 551 5059 2774 648 1826 30263 7579 8039 396 17418 39344 959 538 8025 17135 5599 11468 4591 21695 7039 1399 4917 4983 8796 7191 1385 3341 417 497 2507
internal_value=-0.000679786 -0.0103594 -0.00413104 0.0227372 0.00089777 -0.0287206 0.00312481 0.017143 0.0146138 -0.0135255 -2.03219e-05 -0.0209986 -0.0103087 -0.0227475 0.0196522 -0.00818358 0.00704724 -0.021446 0.0351526 -0.0132576 -0.0106043 0.0203624 -0.0225032 -0.0200511 0.0128187 0.00814761 0.0267536 0.0149161 0.00182238 -0.0180459
internal_weight=68535.8 48493.5 36215 20042.4 23591.3 12278.4 20387.7 13825 11431.5 12623.7 15397.1 5714.69 9301.54 5363.96 6857.43 7818.4 4574.11 1483.14 6217.37 3203.65 2709.35 6715.17 3322.19 4492.9 4990.54 4387.28 1419.24 486.386 282.389 2085.85
internal_count=230698 160209 107847 70489 67152 52362 56888 43891 35852 40695 42118 22099 28146 21140 22448 23017 13404 5129 26598 10264 8438 22052 12549 16821 14770 12853 4903 1562 914 7490
is_linear=0
shrinkage=0.05


Tree=64
num_leaves=31
num_cat=0
split_feature=2 2 2 0 2 0 8 8 8 0 2 3 8 5 8 8 8 2 0 0 8 7 8 8 8 4 7 0 5 4
split_gain=945.45 701.234 340.26 403.624 514.244 191.128 114.368 89.697 85.7533 72.5989 56.411 46.5192 43.2493 39.8834 38.6702 38.486 39.5275 38.4515 28.5926 28.2231 30.7689 48.2292 28.2207 26.6717 26.3159 24.2158 22.5916 18.7127 17.4966 13.6623
threshold=1.5000000000000002 -1.4999999999999998 1.0000000180025095e-35 49.500000000000007 -1.0000000180025095e-35 74.500000000000014 247.85845947265628 -1.0000000180025095e-35 -0.54526796936988819 15.500000000000002 -2.4999999999999996 -1.0000000180025095e-35 -1.0000000180025095e-35 -1.4999999999999998 -37.716585159301751 269.34574890136724 36.320486068725593 2.5000000000000004 58.500000000000007 78.500000000000014 -49.602500915527337 -0.11654778942465781 -53.472444534301751 375.88629150390631 303.84550476074224 -1.2260485291481016 -0.32254792749881739 41.500000000000007 1.0000000180025095e-35 0.69128414988517772
decision_type=2 2 2 2 2 2 2 2 2 2 2 2 2 2 2 2 2 2 2 2 2 2 2 2 2 2 2 2 2 2
left_child=1 10 3 6 11 -6 9 13 17 -3 -1 -5 18 26 -15 16 -9 19 22 20 28 -22 -12 -17 -8 -14 -4 -27 -2 -10
right_child=8 2 7 4 5 -7 24 15 29 -11 12 -13 25 14 -16 23 -18 -19 -20 -21 21 -23 -24 -25 -26 27 -28 -29 -30 -31
leaf_value=-0.036183879465958795 0.00316755094445406 -0.00031928601328951142 -0.0034491997374095557 0.028959357826932482 0.013717170610103744 0.027832101132325496 -0.026980883633508135 -0.013538411903898543 -0.023925955846713566 0.0052048737934110101 -0.0089798808475867881 -0.0027240651497826493 0.020087373222418756 -0.0071174350635137456 0.0046011667984728333 -0.026246678859777398 -0.0035321932122324333 -0.033513361322134068 -0.032097355553749173 -0.025888491762645977 0.034958793799869374 -0.0066550774046697505 -0.034262104419427251 -0.004756196085149508 -0.0088962366869907421 0.010230182610141832 0.012538015640637855 -0.016129957768754463 -0.021620204605562115 -0.033263507033505772
leaf_weight=677.19428656250238 106.00606195628643 9550.1167013943195 290.71405674517155 114.17136308550835 6864.8598698675632 3700.3573939800262 267.4744499027729 1583.4251845031977 615.59627524018288 15758.997358128428 411.76907107234001 4177.870408192277 69.927927643060684 1694.9549253284931 1197.1362015604973 492.56651838868856 2620.1663008928299 171.62530656903982 568.56969252973795 159.08122801780701 107.51836542785168 179.34069627523422 148.80593194067478 207.00533004105091 805.72836443781853 80.742572754621506 892.36583867669106 327.4668505191803 204.80860927700996 1576.1211324334145
leaf_count=5805 603 34046 1093 481 19740 9975 1811 8458 5618 55247 2790 17459 453 6838 4936 3902 13936 1439 4590 1038 574 962 1020 1417 4306 454 3311 2032 1184 15180
internal_value=0.00141114 0.0030012 0.00423457 0.00615486 0.012745 0.0186716 0.00244188 -0.00458427 -0.025307 0.00312074 -0.024061 -0.00184855 -0.018857 0.000897786 -0.00226713 -0.00913685 -0.00731298 -0.0124761 -0.0241789 -0.00751633 -0.00245204 0.00927401 -0.0159347 -0.0199665 -0.0135077 -0.00616886 0.00861155 -0.0108553 -0.0132498 -0.0307013
internal_weight=55622.5 52502.4 50217.9 41239.6 14857.3 10565.2 26382.3 8978.33 3120.1 25309.1 2284.48 4292.04 1607.28 4075.17 2892.09 4903.16 4203.59 928.38 1129.14 756.755 597.674 286.859 560.575 699.572 1073.2 478.137 1183.08 408.209 310.815 2191.72
internal_count=230698 204100 186956 143065 47655 29715 95410 43891 26598 89293 17144 17940 11339 16178 11774 27713 22394 5800 8400 4361 3323 1536 3810 5319 6117 2939 4404 2486 1787 20798
is_linear=0
shrinkage=0.05


Tree=65
num_leaves=31
num_cat=0
split_feature=2 2 8 2 7 0 0 0 8 2 8 7 8 4 8 8 3 8 8 8 4 6 8 0 6 8 8 0 0 2
split_gain=5973.36 1915.23 690.749 483.347 267.517 213.672 159.312 141.158 123.542 120.721 94.968 79.6061 73.655 70.4357 63.769 76.5951 60.5155 55.3582 46.4712 52.9907 38.1046 65.2784 38.0214 32.8702 29.3574 28.147 26.53 26.3638 26.3576 23.4932
threshold=-1.0000000180025095e-35 1.0000000180025095e-35 19.12481784820557 -1.4999999999999998 0.021666238084435466 53.500000000000007 36.500000000000007 65.500000000000014 35.245143890380866 1.5000000000000002 37.442897796630866 0.044465936720371253 -130.9697570800781 0.69128414988517772 -177.2028884887695 -48.137819290161126 1.0000000180025095e-35 30.79506874084473 75.15427398681642 51.880025863647468 0.28522720932960516 1.0000000180025095e-35 82.886116027832045 34.500000000000007 1.0000000180025095e-35 -3.1082756519317623 -155.41359710693357 63.500000000000007 82.500000000000014 -2.4999999999999996
decision_type=2 2 2 2 2 2 2 2 2 2 2 2 2 2 2 2 2 2 2 2 2 2 2 2 2 2 2 2 2 2
left_child=3 2 4 27 6 9 12 8 11 10 17 25 -2 -8 24 -16 18 -3 19 -4 23 -22 -20 -10 -6 -5 -7 29 -9 -1
right_child=1 5 16 7 14 26 13 28 20 -11 -12 -13 -14 -15 15 -17 -18 -19 22 -21 21 -23 -24 -25 -26 -27 -28 -29 -30 -31
leaf_value=0.043583880207703096 0.015495661269404685 -0.012725686892879371 -0.015001256054696028 0.020741822455190056 0.020070457883896265 -0.021714710803662256 2.4146075671415394e-06 0.024387160515945402 -0.0023153691510057407 -0.034520483509126232 -0.025991136473279327 0.011724616053945012 0.0059621134331554167 -0.022911986709684376 -0.016238065531983838 -0.0044774034468388615 0.017613651956399776 0.023144270821960702 -0.03262702936772905 -0.00349879843017629 -0.038104749992834364 0.0090254932739631463 -0.017166978237995702 0.013869402815646571 -0.0069116018587873128 0.031592044503745184 -0.03418628626904098 0.041419158921496516 0.033715398597059319 0.030758461980249188
leaf_weight=496.30377367138863 3093.8121347129345 3077.9896946549416 3444.9372065067291 3683.3647792339325 307.12885111570358 496.17379409074783 5338.0554611980915 2579.2496501803398 568.53699563443661 1175.2187852859497 1757.016684487462 2755.4247795641422 5886.2975914478302 352.84512329101562 1947.8389788269997 4778.2935053408146 139.07122859358788 107.00035750865936 440.24261394143105 1415.9334423243999 135.0563508272171 151.3235999494791 4465.020390316844 691.5114364773035 145.83864462375641 739.3575125336647 5888.8678247928619 2564.0248246788979 1153.8372896313667 1780.0949738025665
leaf_count=1817 8369 12375 13068 10453 836 2117 16288 7343 1714 7713 10504 7450 16976 1288 6224 15912 566 485 1821 5191 409 468 20875 1907 433 2036 37295 9335 3438 5992
internal_value=-0.000518272 -0.0102559 -0.0037279 0.0243914 0.00123777 -0.0268285 0.00510743 0.0191679 0.0156698 -0.0201201 -0.0166642 0.0184298 0.00925339 -0.00143718 -0.0066682 -0.00789274 -0.0146769 -0.0114862 -0.0151455 -0.0116577 0.00284018 -0.0134735 -0.0185863 0.0065865 0.0114026 0.0225893 -0.0332349 0.0378011 0.0273116 0.0336441
internal_weight=61555.7 44257.6 31755.3 17298.1 21850.1 12502.3 14671 12457.7 8724.58 6117.23 4942.01 7178.15 8980.11 5690.9 7179.1 6726.13 9905.2 3184.99 9766.13 4860.87 1546.43 286.38 4905.26 1260.05 452.967 4422.72 6385.04 4840.42 3733.09 2276.4
internal_count=230698 178336 107847 52362 66326 70489 42921 35218 24437 31077 23364 19939 25345 17576 23405 22136 41521 12860 40955 18259 4498 877 22696 3621 1269 12489 39412 17144 10781 7809
is_linear=0
shrinkage=0.05


Tree=66
num_leaves=31
num_cat=0
split_feature=2 2 8 2 0 0 8 0 7 5 5 8 7 8 7 2 8 8 8 8 8 8 8 8 7 0 3 0 0 8
split_gain=5690.4 2058.04 616.331 550.312 263.147 261.374 192.996 184.646 172.705 160.239 115.679 113.88 101.036 94.2542 83.5082 79.3097 68.4532 62.8054 55.036 57.6406 50.6475 47.5131 43.6451 42.0673 39.4541 38.5775 33.0333 32.3429 32.328 29.8998
threshold=1.0000000180025095e-35 -1.0000000180025095e-35 -19.300438880920407 1.5000000000000002 50.500000000000007 42.500000000000007 58.475917816162116 72.500000000000014 -0.021398550830781456 -1.0000000180025095e-35 -3.4999999999999996 179.729362487793 0.075333572924137129 -14.519459724426268 0.088018059730529799 -1.4999999999999998 -8.0015263557434064 90.639205932617202 -160.02195739746091 -46.97898864746093 235.95204162597659 -0.54526796936988819 -191.96870422363278 -361.24395751953119 0.05722481198608876 37.500000000000007 1.0000000180025095e-35 71.500000000000014 72.500000000000014 96.730762481689467
decision_type=2 2 2 2 2 2 2 2 2 2 2 2 2 2 2 2 2 2 2 2 2 2 2 2 2 2 2 2 2 2
left_child=1 4 9 7 11 6 14 8 17 18 -7 15 22 -12 -4 -1 25 23 -3 -20 -8 28 -11 -2 -17 -10 -9 -14 -5 -6
right_child=3 2 5 21 29 10 20 26 16 12 13 -13 27 -15 -16 24 -18 -19 19 -21 -22 -23 -24 -25 -26 -27 -28 -29 -30 -31
leaf_value=-0.036176242175521019 -0.018356129909528302 -0.027173139889490685 -0.0039531033030585838 0.021554340649678854 -0.035986859638323231 -0.023198009857955545 0.0086755237972600801 0.029019109214209967 -0.0014301797648902954 -0.019216259661813638 0.02620755082563871 0.007371008579280346 0.0025043035283444635 -0.0055988754756599183 0.0057938380332255611 -0.023134009482568718 0.022125226628360747 0.023552409362909612 -0.010836183012588117 -0.023984549011011908 0.018732685521973158 0.037388314742202271 -0.0092154237117522079 0.0058234889769047359 -0.013445966839107508 0.016559812552543678 0.0048677555813244986 -0.016708547597089927 0.036495496534432535 -0.02271065477255026
leaf_weight=822.59081938862801 182.77786636352539 1591.9647392034531 5323.0817759037018 1026.8373190313578 5840.0832053422928 934.10109212994576 4516.4777733981609 2698.0699327588081 529.34520706534386 1448.6508967727423 237.44262212514877 352.3124198615551 2132.0321571528912 5988.1619127839804 3735.0776859819889 2625.2317701280117 4577.2768258154392 492.76985535025597 2179.913755863905 1361.9032483547926 1738.6015574634075 4345.3751929700375 4478.7318817079067 4388.4052789062262 1800.3288057297468 674.67353728413582 151.76197192072868 239.0672010332346 592.66375575959682 492.83392612636089
leaf_count=4257 542 6537 14583 3573 28560 3160 12311 9258 1473 5259 699 965 6044 17575 10013 10664 15870 1721 6966 4348 5795 20733 13421 12692 6201 1975 464 811 2269 1754
internal_value=-0.000692693 -0.00999937 -0.00401907 0.02195 -0.0279837 0.00104587 0.00473262 0.0164189 0.0134316 -0.0124902 -0.00683718 -0.0200568 -0.00818686 -0.00436573 6.69686e-05 -0.0219033 0.0193345 0.00668023 -0.0194317 -0.0159187 0.0114836 0.0346248 -0.0116738 0.00483767 -0.0192125 0.00867733 0.0277438 0.000536076 0.0271176 -0.0349724
internal_weight=67498.5 47838.6 35905.2 19660 11933.4 22472.9 15313.2 13695.1 10845.2 13432.3 7159.71 5600.46 8298.48 6225.6 9058.16 5248.15 5781.3 5063.95 5133.78 3541.82 6255.08 5964.88 5927.38 4571.18 4425.56 1204.02 2849.83 2371.1 1619.5 6332.92
internal_count=230493 159923 107522 70570 52401 64136 42702 43995 34273 43386 21434 22087 25535 18274 24596 21122 19318 14955 17851 11314 18106 26575 18680 13234 16865 3448 9722 6855 5842 30314
is_linear=0
shrinkage=0.05


Tree=67
num_leaves=31
num_cat=0
split_feature=2 2 2 0 2 0 8 8 8 2 0 0 0 5 8 9 8 8 2 8 8 4 4 5 4 5 4 8 2 8
split_gain=892.869 634.952 307.513 348.591 397.798 262.414 89.6173 82.7562 75.998 58.3766 52.3004 44.5384 42.9732 42.2711 38.8669 38.8295 38.2044 39.8499 37.3733 33.439 29.8312 28.8832 82.5672 22.7965 48.627 21.7834 14.4983 12.874 10.5279 9.98577
threshold=1.5000000000000002 -1.4999999999999998 1.0000000180025095e-35 32.500000000000007 -1.0000000180025095e-35 71.500000000000014 -1.0000000180025095e-35 -0.54526796936988819 247.85845947265628 -2.4999999999999996 82.500000000000014 42.500000000000007 56.500000000000007 -1.0000000180025095e-35 11.03136730194092 1.0000000180025095e-35 269.34574890136724 36.320486068725593 2.5000000000000004 -165.65875244140622 369.94026184082037 0.52287265658378612 0.78247964382171642 -3.4999999999999996 -0.90008330345153797 1.5000000000000002 -1.5111640095710752 35.245143890380866 2.5000000000000004 -109.72359466552733
decision_type=2 2 2 2 2 2 2 2 2 2 2 2 2 2 2 2 2 2 2 2 2 2 2 2 2 2 2 2 2 2
left_child=1 9 3 8 10 -6 11 18 15 -1 -5 13 23 -4 -14 -3 17 -8 21 -13 -18 29 -23 26 -25 -10 -11 -16 -9 -2
right_child=7 2 6 4 5 -7 16 28 25 12 -12 19 14 -15 27 -17 20 -19 -20 -21 -22 22 -24 24 -26 -27 -28 -29 -30 -31
leaf_value=-0.035977263847893452 -0.0043401585544836901 0.0025177444251652417 0.020313696292302161 0.0011454925516673541 0.010400109846684538 0.024662876415982648 -0.013297775272252324 -0.02732159457984484 -0.0081117286340845109 0.0025297456695756934 -0.01323059279138891 0.0081849515917294304 -0.031205999523661966 0.0024789423411116884 0.0087747313819745796 -0.0045618904617839269 -0.027151944709324562 -0.0032086994774594996 -0.033306621161047122 -0.0060098574429564939 -0.0046760960523508453 0.032392714772916498 -0.013531119817261484 0.02995390475927584 -0.010452230552923516 -0.025507406389381322 -0.024650516984077712 -0.016666868762601105 -0.035167010928458885 -0.025295261652398499
leaf_weight=644.66659153997898 80.588556289672852 15754.470195025206 463.08699917793274 5558.3745127916336 11659.065494731069 4461.9713262319565 1577.9352608472109 1228.8006557226181 563.65331579744816 60.758511334657669 708.83244363963604 521.4140342772007 657.68828567862511 1150.7208376228809 84.803302437067032 2203.5035771876574 453.24168541282415 2575.9848624616861 169.0630851238966 1958.4004358500242 221.34569043666124 135.74539053440094 316.33210125565529 92.965306580066681 305.36534659564495 265.02900104224682 232.12370632588863 107.56956361234188 845.56844484061003 209.43556219339371
leaf_count=5833 491 56246 1634 22390 36053 12070 8561 12074 3335 405 3462 1784 5433 4366 539 7729 3734 13849 1483 8499 1568 724 1853 600 1983 1565 1599 681 8659 1291
internal_value=0.00149122 0.00301079 0.00416266 0.0059861 0.0101997 0.0143542 -0.004251 -0.0250802 0.000963346 -0.0233369 -0.00048972 0.00119124 -0.0179505 0.00764361 -0.0254579 0.00164802 -0.00886141 -0.00705258 -0.0124235 -0.00301475 -0.0198658 -0.00747493 0.000461939 -0.00860144 -0.000767526 -0.0137948 -0.0190641 -0.00551333 -0.0305965 -0.0196447
internal_weight=55268.5 52283 50097 41174.9 22388.2 16121 8922.13 2985.53 18786.7 2185.94 6267.21 4093.62 1541.27 1613.81 850.061 17958 4828.51 4153.92 911.165 2479.81 674.587 742.102 452.077 691.213 398.331 828.682 292.882 192.373 2074.37 290.024
internal_count=230493 203918 186845 142850 73975 48123 43995 26575 68875 17073 25852 16283 11240 6000 6653 63975 27712 22410 5842 10283 5302 4359 2577 4587 2583 4900 2004 1220 20733 1782
is_linear=0
shrinkage=0.05


Tree=68
num_leaves=31
num_cat=0
split_feature=8 6 6 4 4 6 8 8 4 8 8 3 8 5 8 8 8 8 4 8 8 8 8 4 8 8 8 5 4 4
split_gain=2090.79 1004.62 384.341 377.657 275.987 182.865 142.618 131.405 121.623 163.832 95.9022 88.276 85.8756 78.4816 75.9552 94.3549 74.3691 74.8188 73.1601 68.3803 59.6868 56.7398 52.5352 52.102 49.2914 48.033 90.4007 46.6136 49.6474 43.5801
threshold=19.12481784820557 -1.0000000180025095e-35 2.5000000000000004 0.75114825367927562 -0.56362915039062489 -1.0000000180025095e-35 -119.05458450317381 -160.02195739746091 0.04742476902902127 -49.602500915527337 -328.50596618652338 1.0000000180025095e-35 167.39929962158206 5.5000000000000009 39.87672424316407 48.307966232299812 -38.559890747070305 -22.204532623291012 -1.7902241945266721 23.550344467163089 24.120081901550297 -349.79296874999994 -64.778663635253892 -0.61825299263000477 25.564900398254398 -135.04876708984372 -31.164384841918942 8.5000000000000018 -0.59927418828010548 0.58183753490448009
decision_type=2 2 2 2 2 2 2 2 2 2 2 2 2 2 2 2 2 2 2 2 2 2 2 2 2 2 2 2 2 2
left_child=1 4 5 6 18 11 13 10 23 -10 21 14 20 29 19 -16 22 -18 -1 -2 -7 -6 -9 -8 -22 -20 -27 28 -14 -3
right_child=2 3 -4 -5 7 12 8 16 9 -11 -12 -13 27 -15 15 -17 17 -19 25 -21 24 -23 -24 -25 -26 26 -28 -29 -30 -31
leaf_value=0.03489598158817412 -0.018847683257899088 0.010469121114704751 -0.029036641770834922 -0.019196486181317932 0.012862533390280992 -0.027621998992594252 0.013640659801514604 0.0057926762006649968 -0.018576682348461479 -0.0014216073964131641 0.027883285924582519 0.026562588350669488 0.015803373080967055 -0.015059656900833163 -0.029996703715396197 -0.0046121908671783165 0.022063834065901677 0.0070499541480055902 0.025627546780641514 0.012389940825562636 0.016130796969118098 -0.019814629733174761 -0.0069777419394851329 0.0014100582876430457 -0.01116150415108309 0.0080379571542188531 0.024743802271822896 0.0027989189933764619 -0.024672276484299663 -0.017262922849939796
leaf_weight=1048.9941745102406 209.18146841228008 5067.7786830067635 3582.7168991193175 2510.0186140984297 965.27296867966652 547.28313829004765 969.44462344050407 2154.9107272326946 1893.7377046495676 5215.521789804101 1475.9529530107975 245.23320044577122 74.844135075807571 336.58210365474224 421.64595265686512 2599.4475788474083 1107.9901659786701 3296.6582473814487 2554.933682128787 964.4870448410511 164.93112336099148 149.35970002412796 1279.231294542551 8200.2714836448431 7534.1890284270048 1628.7419630885124 1619.6889452040195 178.85942442715168 2571.1012728586793 141.38238878548145
leaf_count=3938 733 14836 23747 12669 2881 2608 3054 6537 6910 19282 4415 823 333 1144 1539 9834 3381 10405 8514 3206 624 432 3987 25898 32199 5268 5137 905 14757 497
internal_value=-0.000587424 0.0056976 -0.014284 -0.000849429 0.0149142 -0.0108682 0.00126454 0.00978491 -0.00109505 -0.00600116 0.0195391 -0.00229208 -0.0143049 0.00818565 -0.00400859 -0.00819875 0.00655091 0.0108474 0.0227081 0.00676616 -0.0117147 0.00841489 0.00103242 0.00270984 -0.0105668 0.020477 0.0163928 -0.0218326 -0.0234997 0.00970061
internal_weight=60710.4 41616.5 19093.9 24334.7 17281.7 15511.2 21824.7 10429.4 16279 7109.26 2590.59 4440 11071.2 5545.74 4194.76 3021.09 7838.79 4404.65 6852.36 1173.67 8246.4 1114.63 3434.14 9169.72 7699.12 5803.36 3248.43 2824.8 2645.95 5209.16
internal_count=230493 139185 91308 84290 54895 67561 71621 32038 55144 26192 7728 16135 51426 16477 15312 11373 24310 13786 22857 3939 35431 3313 10524 28952 32823 18919 10405 15995 15090 15333
is_linear=0
shrinkage=0.05


Tree=69
num_leaves=31
num_cat=0
split_feature=2 2 8 2 8 1 5 1 7 4 5 8 1 8 2 8 8 5 8 4 1 7 1 8 4 8 8 2 1 4
split_gain=5221.99 1974.54 597.419 522.182 297.599 263.432 203.989 148.686 150.694 138.069 114.465 102.645 81.9833 59.4507 57.4497 52.9333 52.8305 50.3464 50.076 48.2839 46.1291 45.2759 41.9155 41.2144 41.0259 39.4146 36.7503 35.3007 32.0186 32.9505
threshold=1.0000000180025095e-35 -1.0000000180025095e-35 -66.618366241455064 1.5000000000000002 107.69263076782228 46.500000000000007 -3.4999999999999996 13.500000000000002 0.0065502496436238298 -0.59927418828010548 6.5000000000000009 191.76314544677737 22.500000000000004 -361.24395751953119 -1.4999999999999998 -0.54526796936988819 -8.0015263557434064 -1.0000000180025095e-35 90.639205932617202 -1.2748202681541441 23.500000000000004 -0.03393734619021415 53.500000000000007 -109.72359466552733 -0.1761788800358772 130.77565765380862 96.730762481689467 2.5000000000000004 12.500000000000002 0.32175916433334356
decision_type=2 2 2 2 2 2 2 2 2 2 2 2 2 2 2 2 2 2 2 2 2 2 2 2 2 2 2 2 2 2
left_child=1 5 10 7 6 20 19 -2 13 -8 17 14 -6 -9 -7 27 22 -3 -15 -4 -1 -16 -10 -12 -19 -14 -22 28 -5 -30
right_child=3 2 4 15 12 11 9 8 16 -11 23 -13 25 18 21 -17 -18 24 -20 -21 26 -23 -24 -25 -26 -27 -28 -29 29 -31
leaf_value=-0.037176451758247665 0.027992184751440975 -0.022318128704066454 0.0046358627808820657 0.036062430273507189 -0.0077781300903682253 -0.034832410278244907 -0.025417276203664393 -0.018544020216094557 0.017767362310591533 -0.00080161616815742896 0.029560037405337171 0.011969032509697563 0.021542627473922049 0.0073286322948557915 -0.023596339279485571 0.036917076469222147 0.022044235085526498 0.0020301873834431745 0.022158779434571192 -0.021469727209361803 -0.030656638390940266 -0.012322249530076499 -0.0022191810516006584 -0.0074051696022630195 -0.015439591085614782 0.0099648302932673037 -0.012843117985676229 0.040217460059654403 0.033043925553922743 0.011633930574984481
leaf_weight=3722.7049283236265 2152.8403903394938 3159.1694858819246 196.27448242902756 302.75012794137001 576.70527966320515 543.744420170784 581.06783117353916 198.09599214792252 639.32208487391472 20361.145580232143 170.54129114747047 269.80645823478699 900.45354515314102 5032.7706384956837 1621.1236939430237 4176.7043731063604 4400.9199411571026 369.64898689091206 639.07535919547081 1670.3608913719654 3194.4549125283957 2022.414457321167 440.77041900157928 129.29744049906731 3577.9085607081652 4060.9468762874603 329.42727790772915 345.05273382365704 241.34076601266861 705.68106082081795
leaf_count=18899 7513 11761 727 1146 1717 2864 1865 588 1897 57338 534 736 2467 14775 6785 20797 15631 1266 2275 5444 15132 7078 1228 407 11664 12403 1073 1472 805 2443
internal_value=-0.000607004 -0.0095209 -0.00368423 0.0213364 -0.000379544 -0.0273421 -0.00290431 0.0159461 0.0136501 -0.00149051 -0.0163234 -0.0177446 0.010012 0.00807254 -0.0196711 0.0339236 0.0196106 -0.0176014 0.00901766 -0.0187197 -0.0332289 -0.0173639 0.00963849 0.0137598 -0.0138032 0.0120857 -0.0290119 0.0259932 0.0219214 0.017235
internal_weight=66732.5 47457.2 35753.5 19275.3 28347 11703.7 22808.8 13503.8 11351 20942.2 7406.57 4457.09 5538.11 5869.94 4187.28 5771.53 5481.01 7106.73 5671.85 1866.64 7246.59 3643.54 1080.09 299.839 3947.56 4961.4 3523.88 1594.82 1249.77 947.022
internal_count=230730 160160 107593 70570 81961 52567 65374 43907 36394 59203 25632 17463 16587 17638 16727 26663 18756 24691 17050 6171 35104 13863 3125 941 12930 14870 16205 5866 4394 3248
is_linear=0
shrinkage=0.05


Tree=70
num_leaves=31
num_cat=0
split_feature=2 2 2 0 2 0 7 2 5 0 2 0 0 4 0 2 4 4 4 6 6 6 4 6 4 5 0 7 7 0
split_gain=794.585 593.409 238.142 342.997 412.93 192.191 66.4936 64.9592 63.2997 57.8718 57.2815 49.3705 44.1669 46.5045 42.3286 36.3552 34.2805 34.2037 36.9788 44.512 85.2292 24.8037 22.9472 19.3174 18.0103 16.3462 11.1501 15.6657 8.75301 8.28045
threshold=1.5000000000000002 -1.4999999999999998 1.0000000180025095e-35 44.500000000000007 -1.0000000180025095e-35 75.500000000000014 -0.11375826224684714 2.5000000000000004 1.0000000180025095e-35 14.500000000000002 -2.4999999999999996 81.500000000000014 79.500000000000014 0.83056500554084789 48.500000000000007 -1.0000000180025095e-35 0.13283916562795642 0.866277575492859 0.59445485472679149 1.5000000000000002 2.5000000000000004 1.5000000000000002 -1.2748202681541441 -1.4999999999999998 -0.19711234420537946 1.0000000180025095e-35 75.500000000000014 -0.28465315699577326 -0.21685478836297986 36.500000000000007
decision_type=2 2 2 2 2 2 2 2 2 2 2 2 2 2 2 2 2 2 2 2 2 2 2 2 2 2 2 2 2 2
left_child=1 10 3 9 11 -6 12 17 23 25 -1 -5 13 -4 22 -11 -10 18 26 -20 -21 -16 -12 -8 -24 -3 27 -2 -14 -19
right_child=7 2 6 4 5 -7 8 -9 16 15 14 -13 28 -15 21 -17 -18 29 19 20 -22 -23 24 -25 -26 -27 -28 -29 -30 -31
leaf_value=-0.035830699736905877 0.0097189627488184042 -0.00015381539255687816 0.0023396760296100915 0.00081395945191443388 0.011837531665648625 0.025805199911901062 0.017502602069761234 -0.034911428792947834 -0.021236981160172492 -0.0011359266648417298 0.015857128124635734 -0.012725044159455114 -0.0063825285387234133 0.02366502131928443 -0.02559793265383202 0.0048760848985321126 -0.0082329952152020054 -0.011678686754227292 -0.026137999404362046 0.049717932389551273 -0.01093851356985124 0.0030972779452710189 -0.01674669034484073 -0.00019547850082417598 0.0084337684362783948 -0.0047832743724537793 -0.029674877633984156 -0.018030732113234634 -0.02046053330809483 -0.027925995557608899
leaf_weight=620.33398907631636 53.928905196487904 6827.8363374918699 2437.2752946540713 4094.4726500809193 8763.3579353541136 3432.0209472179413 169.27276894450188 960.1148834452033 591.72430501133204 3215.3150281459093 96.785165995359421 800.74837473034859 291.34839367121458 280.8247926980257 955.78969190269709 11506.0625885427 3496.283298894763 98.488815806806087 99.667507849633694 90.222937867045403 144.26809740811586 80.609773136675358 294.66008579730988 1336.5794361159205 89.644399210810661 2640.7586790472269 184.68464361876249 461.39607952535152 180.16195902228355 771.07819993793964
leaf_count=5854 382 25160 10092 16466 25458 9306 758 10152 3122 12796 654 3931 1462 1276 7492 40205 19527 898 780 703 1207 544 1998 6688 570 9726 1544 3859 982 7138
internal_value=0.00133298 0.00274069 0.00384318 0.00543378 0.010855 0.0157773 -0.00363118 -0.0242867 -0.00691403 0.00160217 -0.0230263 -0.00141144 0.00212803 0.00458234 -0.0176915 0.00356305 -0.0101389 -0.0188508 -0.0126061 0.00107831 0.0129504 -0.0233619 -0.00536133 0.0018453 -0.0108401 -0.0014468 -0.0190999 -0.0150612 -0.0119199 -0.0261631
internal_weight=55065.7 52201.9 50064 41280.6 17090.6 12195.4 8783.47 2863.85 5593.86 24190 2137.82 4895.22 3189.61 2718.1 1517.49 14721.4 4088.01 1903.74 1034.17 334.159 234.491 1036.4 481.09 1505.85 384.304 9468.6 700.01 515.325 471.51 869.567
internal_count=230730 204067 186955 143048 55161 34764 43907 26663 30095 87887 17112 20397 13812 11368 11258 53001 22649 16511 8475 2690 1910 8036 3222 7446 2568 34886 5785 4241 2444 8036
is_linear=0
shrinkage=0.05


Tree=71
num_leaves=31
num_cat=0
split_feature=2 2 8 2 7 0 0 7 7 4 0 0 7 2 3 0 3 8 8 8 8 5 8 8 0 4 8 4 0 0
split_gain=5099.76 1776.12 627.072 457.286 237.601 199.294 141.456 111.491 110.217 108.019 106.203 77.8165 67.6302 67.2671 61.3315 55.4545 52.2179 49.4766 39.5723 38.9615 93.0467 35.2849 38.994 32.848 32.7141 28.1046 26.4849 19.0049 18.1858 15.845
threshold=-1.0000000180025095e-35 1.0000000180025095e-35 19.12481784820557 -1.4999999999999998 -0.16780066490173337 52.500000000000007 78.500000000000014 -0.016359985806047913 0.054715482518076904 0.69128414988517772 34.500000000000007 77.500000000000014 0.049706598743796356 1.5000000000000002 -1.0000000180025095e-35 49.500000000000007 1.0000000180025095e-35 11.03136730194092 -310.69364929199213 153.43129730224612 139.82307434082034 4.5000000000000009 -155.41359710693357 -287.51872253417963 48.500000000000007 -1.1796581745147703 -8.6262278556823713 -0.96003133058547963 71.500000000000014 68.500000000000014
decision_type=2 2 2 2 2 2 2 2 2 2 2 2 2 2 2 2 2 2 2 2 2 2 2 2 2 2 2 2 2 2
left_child=3 2 4 24 9 8 7 21 13 11 12 -2 -6 18 -12 17 19 -9 -3 20 -4 22 -5 28 -1 -25 -10 -17 -7 -27
right_child=1 5 16 6 10 23 -8 15 26 -11 14 -13 -14 -15 -16 27 -18 -19 -20 -21 -22 -23 -24 25 -26 29 -28 -29 -30 -31
leaf_value=0.028417026642647739 0.010662322378607059 0.0085506273232205856 -0.013812713995532307 0.028461425884926613 0.005015708053601891 -0.0038135736932182968 0.030968650704053781 0.011620227701154338 -0.015138637492179126 -0.033922859332321371 -0.032224394531456084 -0.011554069591564638 -0.0039726263494606262 -0.031440307559534329 -0.0065879581357966045 0.0047941687007564751 0.015896825328445663 -0.0010861258127293535 -0.012155770472070532 -0.020310643423319376 0.016121220448218544 0.0024728415197414833 0.018668977860256068 -0.0032660692072549119 0.038699052804316757 -0.030244944251115614 -0.029472105929524085 0.017648216846815844 -0.029588201106548917 -0.035919536947261813
leaf_weight=1096.8553291559219 6853.6716132164001 250.62915307283401 7012.3676820397377 1638.7344790995121 4782.6697317063808 158.10306520760059 1731.0736434161663 1869.5982273817062 400.52291390299797 142.06244048476219 238.87252125144005 414.18965165317059 3713.1889129281044 431.34349762648344 5622.2079087197781 330.95101547241211 139.55386738479137 1294.2876164466143 2500.7034356445074 2220.0291725546122 265.54964493215084 238.20861628651619 2844.8093698769808 78.479581624269485 3454.6933471411467 2385.9068005084991 2109.9615165814757 2443.2275994718075 118.04912221431732 3404.6825499683619
leaf_count=3869 19191 701 28015 4989 13833 538 5254 5080 1803 501 909 1445 11627 2809 18701 966 567 3795 11237 11666 1138 659 7999 357 13243 15468 13537 6713 483 23637
internal_value=-0.000546572 -0.00965686 -0.00343375 0.0227019 0.00126812 -0.0261569 0.0177108 0.0155443 -0.0193858 0.00853647 -0.00248489 0.00938915 0.00108725 -0.0131732 -0.00765937 0.010969 -0.0140483 0.00642878 -0.0102575 -0.0144965 -0.0127102 0.0212805 0.0222758 -0.032409 0.0362551 -0.0332069 -0.02722 0.0161262 -0.0151619 -0.0336095
internal_weight=60185.2 43242.7 31404.4 16942.4 21766.9 11838.4 12390.9 10659.8 5693.16 7409.92 14356.9 7267.86 8495.86 3182.68 5861.08 5938.06 9637.5 3163.89 2751.33 9497.95 7277.92 4721.75 4483.54 6145.22 4551.55 5869.07 2510.48 2774.18 276.152 5790.59
internal_count=230730 178163 107593 52567 66207 70570 35455 30201 30087 21137 45070 20636 25460 14747 19610 16554 41386 8875 11938 40819 29153 13647 12988 40483 17112 39462 15340 7679 1021 39105
is_linear=0
shrinkage=0.05


Tree=72
num_leaves=31
num_cat=0
split_feature=8 4 4 6 8 4 8 6 6 8 8 6 8 5 8 6 5 8 8 9 3 8 5 4 8 8 8 5 8 5
split_gain=1692.46 765.347 546.388 500.849 354.05 254.646 191.179 191.023 177.441 152.882 122.58 103.271 84.7608 85.3695 68.7104 65.3258 64.7807 62.9304 61.9714 58.9112 58.664 58.4757 58.0601 47.7495 40.9001 40.6388 223.149 39.4297 37.9179 43.9532
threshold=-18.398090362548825 0.66076204180717479 -0.48390856385231013 -1.4999999999999998 184.21182250976565 0.21972054243087771 -14.519459724426268 -1.0000000180025095e-35 5.5000000000000009 42.778856277465827 -165.65875244140622 -1.4999999999999998 -277.43647766113276 8.5000000000000018 269.34574890136724 1.5000000000000002 -1.4999999999999998 -8.6262278556823713 -109.72359466552733 1.0000000180025095e-35 -1.0000000180025095e-35 -160.02195739746091 -1.0000000180025095e-35 0.37889012694358831 419.47741699218756 -46.97898864746093 -49.602500915527337 8.5000000000000018 -198.72866058349607 1.0000000180025095e-35
decision_type=2 2 2 2 2 2 2 2 2 2 2 2 2 2 2 2 2 2 2 2 2 2 2 2 2 2 2 2 2 2
left_child=3 2 9 21 6 10 19 -8 14 -2 28 -11 -7 20 15 -3 -13 -17 -15 -4 -14 -1 -12 25 -16 26 -23 -6 -5 -30
right_child=1 8 4 5 27 12 7 -9 -10 11 22 16 13 18 24 17 -18 -19 -20 -21 -22 23 -24 -25 -26 -27 -28 -29 29 -31
leaf_value=-0.031085191593688832 -0.025441654811928994 0.0058585968396975404 0.017354715666050992 -0.016600383389100359 0.01825372860618386 -0.016109718599509177 -0.0076757771626128502 0.0032513635961226098 0.035045910901280779 -0.025379434388516253 -0.012906993668476247 0.024818197605443956 0.022701584967430494 0.04630727239409823 0.028305739315255676 -0.0059080249824922746 -0.0046742595532921023 0.018639489741479186 0.011094062772420227 0.049052984105850572 -0.00071339661732787668 -0.021763301784456179 -0.0051506120266358859 0.0070340432631721605 -0.0052948075579076969 -0.029982921579209496 0.0478884494123549 -0.0062320800724825123 -0.039081200657946624 -0.010125195613367636
leaf_weight=2171.8530639261007 2118.551776394248 2010.2029006332159 807.58770743012428 3085.2345380932093 4155.6021250188351 636.65601432323456 5110.7470435202122 18326.599199309945 1384.5317414402962 332.2845364511013 4045.5673595964909 318.69958503544331 279.36333724856377 157.99715688824654 1225.102139800787 278.50371789932251 435.27782121300697 3721.6811338812113 558.17694687843323 177.85203120112419 4507.0329616069794 1792.7851969748735 5996.6012845188379 150.27012929320335 96.209415778517723 979.64381632208824 118.20365652441978 168.87802511453629 428.55316013097763 194.12356521189213
leaf_count=11293 8998 6933 2553 12501 14754 2146 16654 55308 6783 1259 13681 1062 935 520 5505 921 1454 14756 1956 516 14258 8122 18686 571 405 4311 431 599 1687 745
internal_value=-0.000788226 0.00551305 0.00192943 -0.0109961 0.00411341 -0.00737678 0.00177695 0.000867463 0.0186413 -0.0176369 -0.011156 -0.00236829 0.00108974 0.00309256 0.0155217 0.0132319 0.00787331 0.0169252 0.0191297 0.0232944 0.000675509 -0.0247854 -0.0082802 -0.0202423 0.0258484 -0.0216699 -0.0173413 0.0172914 -0.0189229 -0.0302065
internal_weight=65770.4 40668.3 31952.1 25102.1 28747.3 19889.3 24422.8 23437.3 8716.23 3204.81 13750.1 1086.26 6139.23 5502.57 7331.7 6010.39 753.977 4000.18 716.174 985.44 4786.4 5212.76 10042.2 3040.9 1321.31 2890.63 1910.99 4324.48 3707.91 622.677
internal_count=230303 138460 103157 91843 90384 67115 75031 71962 35303 12773 47300 3775 19815 17669 28520 22610 2516 15677 2476 3069 15193 24728 32367 13435 5910 12864 8553 15353 14933 2432
is_linear=0
shrinkage=0.05


Tree=73
num_leaves=31
num_cat=0
split_feature=8 9 4 8 8 8 8 4 8 8 6 4 7 4 8 8 8 8 8 8 8 4 4 8 8 8 8 8 8 8
split_gain=368.792 107.421 186.236 199.857 126.9 195.881 157.237 117.006 102.183 140.386 86.4564 83.7647 81.4322 76.7022 122.092 69.2336 66.4736 139.597 65.393 62.8507 149.52 61.6847 61.3052 58.8791 139.058 81.4947 53.737 42.7505 41.1632 58.363
threshold=247.85845947265628 1.0000000180025095e-35 -0.027575368992984291 -56.345481872558587 -130.9697570800781 -76.778827667236314 -177.2028884887695 -0.29975113272666926 29.183349609375004 58.475917816162116 4.5000000000000009 -1.1796581745147703 0.31655430793762213 0.37889012694358831 -198.72866058349607 -277.43647766113276 11.03136730194092 39.87672424316407 -72.363105773925767 369.94026184082037 384.61386108398443 0.1072625480592251 -0.31870716810226435 -155.41359710693357 -138.78073883056638 -165.65875244140622 -37.716585159301751 -92.289104461669908 352.43107604980474 303.84550476074224
decision_type=2 2 2 2 2 2 2 2 2 2 2 2 2 2 2 2 2 2 2 2 2 2 2 2 2 2 2 2 2 2
left_child=1 4 8 -4 6 7 13 27 11 22 18 -3 -9 14 -1 -15 -5 -18 -7 28 21 -21 -10 25 -25 -8 -13 -6 29 -2
right_child=19 2 3 16 5 10 23 12 9 -11 -12 26 -14 15 -16 -17 17 -19 -20 20 -22 -23 -24 24 -26 -27 -28 -29 -30 -31
leaf_value=-0.0030681280879623182 -0.02813782315602778 -0.026002913564130849 0.050145092191219813 -0.019903554348398564 -0.006443379906373216 -0.016748972666802628 -0.010049443307354779 0.017739464322848199 0.071117065734551774 -0.014668571633118646 -0.010265928151849128 -0.011336630521404099 0.05552617074541745 0.02879095833088954 0.020853466115154769 -0.0029561564012832303 0.0068177807876121698 -0.022046501286882819 0.003946997570879073 0.053752697297281465 -0.017896114858678428 0.0048072022713138637 0.024864677390651731 0.0085565906654391771 -0.02832611726599768 -0.041842991106408794 0.0096999431306252996 0.016171042461240442 -0.037650124345704472 -0.0087006791120915663
leaf_weight=5154.3482681587338 735.5702443793416 231.66842244565487 123.91587944328785 1818.0696238875389 724.59970410168171 381.48130788654089 427.83161704242229 2945.278794683516 139.49268364906311 127.96406270563602 1143.1176147982478 374.19478778541088 146.30612260103226 443.69634327292442 589.89744489639997 276.81715094298124 932.59878674149513 752.88508823513985 31792.30497187376 111.23086632788181 672.60558388382196 146.72346475720406 158.87542703747749 593.90615832060575 441.3571155294776 383.32278463244438 1525.953670963645 287.87058749049902 322.88915571570396 820.87354730814695
leaf_count=22784 5869 1237 409 7606 3195 1539 1847 10335 483 481 7667 1371 474 1611 2488 1045 3898 3392 124527 554 4662 1034 556 2553 1779 1809 5693 1253 2372 5780
internal_value=0.00145622 0.00241168 -0.00377021 -0.0110496 0.00324815 0.00448932 -0.00233952 0.01479 0.00655347 0.0287486 0.00321843 0.00205788 0.0196145 0.00133876 -0.000595533 0.0166576 -0.0132824 -0.00610261 0.00369904 -0.0161705 -0.0055041 0.0265335 0.0473043 -0.0151869 -0.00722795 -0.0252382 0.00553835 3.43348e-05 -0.0214234 -0.0179473
internal_weight=54727.6 51917.8 6185.62 3627.47 45732.1 37421 8311.18 4104.06 2558.15 426.332 33316.9 2131.82 3091.58 6464.76 5744.25 720.513 3503.55 1685.48 32173.8 2809.89 930.56 257.954 298.368 1846.42 1035.26 811.154 1900.15 1012.47 1879.33 1556.44
internal_count=230303 210032 25126 15305 184906 148990 35916 15257 9821 1520 133733 8301 10809 27928 25272 2656 14896 7290 126066 20271 6250 1588 1039 7988 4332 3656 7064 4448 14021 11649
is_linear=0
shrinkage=0.05


Tree=74
num_leaves=31
num_cat=0
split_feature=8 6 4 4 4 6 8 8 4 8 8 4 8 8 8 8 8 8 4 8 8 8 8 8 8 8 5 4 8 5
split_gain=1788.14 829.272 349.416 326.378 225.861 146.805 133.692 101.528 101.748 92.4232 118.813 86.6401 81.378 80.7161 83.1264 73.9284 91.4801 67.0277 57.6593 56.4033 83.759 64.9279 50.8633 68.289 48.0714 47.652 44.2529 40.944 40.5031 40.4606
threshold=19.12481784820557 -1.0000000180025095e-35 0.60499006509780895 0.75114825367927562 -0.29975113272666926 -1.0000000180025095e-35 -119.05458450317381 17.014272689819339 0.04742476902902127 -135.04876708984372 -127.30684280395506 0.47888524830341345 39.87672424316407 48.307966232299812 77.415805816650405 167.39929962158206 130.77565765380862 96.730762481689467 -1.0991501808166502 -144.44563293457028 -43.726846694946282 -328.50596618652338 23.550344467163089 26.798501014709476 -24.00040245056152 -31.164384841918942 1.0000000180025095e-35 -0.65439215302467335 -59.570453643798821 5.5000000000000009
decision_type=2 2 2 2 2 2 2 2 2 2 2 2 2 2 2 2 2 2 2 2 2 2 2 2 2 2 2 2 2 2
left_child=1 4 5 6 9 12 11 8 -8 18 -11 29 22 -14 -15 16 17 -7 -1 21 28 -6 -2 -24 -22 -12 -9 -17 -21 -3
right_child=2 3 -4 -5 19 15 7 26 -10 10 25 -13 13 14 -16 27 -18 -19 -20 20 24 -23 23 -25 -26 -27 -28 -29 -30 -31
leaf_value=0.033032015561299914 -0.012295904237335238 0.010708894627501988 -0.025951086108079259 -0.018101654496181476 0.0036151438075854359 -0.0099774063143329428 0.0019917557350614882 0.005408109035102162 -0.0060899179929819599 -0.024880695992467113 0.01139902439441446 -0.014716873483537556 -0.026754660489291066 0.0094658586592539003 -0.0095859886915745235 0.015659634023836164 0.0073651072657014817 -0.023427638117601197 0.020229373884075769 0.0012576685160468786 0.018841445307009864 0.022537527601496129 0.043271675481021142 0.0081179599073283714 0.0059093717920781115 0.020916283338984137 0.044154425417449787 -0.021622400931470456 -0.014267666586504153 -0.011161254550951186
leaf_weight=1422.6505223959684 220.07762761414051 4906.4078718423843 4267.3784811645746 2395.6117248833179 763.6712871491909 5834.995756238699 8972.7231873869896 130.56841836869717 6874.1588130295277 177.61630809307098 2632.2854878008366 384.1572018712759 404.99927748739719 884.67889359593391 1602.0034127160907 72.618979394435883 655.67226997762918 1101.6138699129224 2419.1530480086803 1524.4712678939104 1000.2354712188244 1118.5926354676485 161.90367832779884 824.52207304537296 2549.1918538510799 2676.9453373253345 168.97100263834 2355.9339509680867 574.53041172027588 217.08514168858528
leaf_count=5514 785 14378 28916 12652 2278 24669 28434 455 25719 571 8695 1401 1476 2947 6428 343 3002 5396 7757 4693 3078 3401 557 2720 8202 8656 615 13986 1877 702
internal_value=-0.000469763 0.00535123 -0.0134192 -0.00060955 0.0138519 -0.00962367 0.00132935 -0.000965694 -0.00151478 0.0190507 0.0148612 0.00805236 -0.00164844 -0.00619762 -0.00280258 -0.0128828 -0.0104416 -0.0121288 0.0250071 0.00740352 0.0048977 0.0148903 0.00923538 0.0140769 0.00957503 0.0162128 0.0276311 -0.0204777 -0.00301567 0.00977227
internal_weight=59295.4 40909 18386.4 24049.7 16859.3 14119 21654.1 16146.4 15846.9 9328.65 5486.85 5507.65 4098.18 2891.68 2486.68 10020.8 7592.28 6936.61 3841.8 7530.69 5648.43 1882.26 1206.5 986.426 3549.43 5309.23 299.539 2428.55 2099 5123.49
internal_count=230303 139078 91225 84356 54722 62309 71704 55223 54153 31193 17922 16481 14913 10851 9375 47396 33067 30065 13271 23529 17850 5679 4062 3277 11280 17351 1070 14329 6570 15080
is_linear=0
shrinkage=0.05


Tree=75
num_leaves=31
num_cat=0
split_feature=8 6 8 5 4 8 6 8 8 6 6 6 6 8 8 8 3 9 5 7 4 8 8 8 8 8 4 4 5 4
split_gain=1534.6 674.131 504.416 470.798 390.33 190.115 158.813 142.728 132.602 124.511 123.236 109.223 97.1177 95.1419 85.6698 86.8097 72.7112 68.4811 67.57 60.9814 56.2432 55.347 50.8238 102.659 50.4061 229.548 46.3302 44.3086 43.7495 41.4501
threshold=-18.398090362548825 2.5000000000000004 158.74826812744143 -1.0000000180025095e-35 -0.48390856385231013 -14.519459724426268 5.5000000000000009 -254.63584899902341 42.778856277465827 -1.0000000180025095e-35 -1.4999999999999998 1.0000000180025095e-35 -1.4999999999999998 -8.0015263557434064 -127.30684280395506 -170.74105834960935 1.0000000180025095e-35 1.0000000180025095e-35 10.500000000000002 0.307909905910492 -0.82163146138191212 -82.447135925292955 173.55255126953128 201.82788085937503 -66.618366241455064 -58.058500289916985 -0.18283489346504209 0.014635141007602217 2.5000000000000004 -0.99019217491149891
decision_type=2 2 2 2 2 2 2 2 2 2 2 2 2 2 2 2 2 2 2 2 2 2 2 2 2 2 2 2 2 2
left_child=3 2 4 10 8 17 13 28 -2 -7 -1 20 -10 -3 15 -13 22 -6 -16 27 -9 -22 -4 -24 29 -26 -27 -15 -5 -12
right_child=1 6 16 7 5 9 -8 11 12 -11 24 14 -14 19 18 -17 -18 -19 -20 -21 21 -23 23 -25 25 26 -28 -29 -30 -31
leaf_value=-0.025082161968249608 -0.024657854648213347 -0.0090154179583138497 0.035668695139657688 -0.012338853435444205 0.016021748181058441 -0.0062025224901405994 0.033490661365250453 -0.034358610142631016 -0.023927145720084211 0.0024845668214282558 -0.035896366073652458 0.0007591095929430588 0.011478456564251593 0.00085033479573808394 -0.0021775154578406158 0.029137347189927776 -0.02031979474269191 0.048717268974049509 0.020610142251508919 0.0071513695596084406 -0.013142262115819781 -0.0029055523573875636 -0.00014494476381537115 0.018830280621843158 0.028216219265916855 -0.023460278278005387 -0.0084335347888541568 0.021168113614485604 -0.0289775250571307 -0.016138627098979699
leaf_weight=4277.2605084329844 2072.8843838274479 376.79438503086567 335.49360354244709 1393.0610333681107 816.13867519795895 5304.2713829576969 1491.1568187922239 183.24029268324375 295.0111473351717 18483.891030073166 285.78290736675262 543.51768712699413 541.53460916876793 288.64309410750866 4839.2182845473289 530.04128731787205 130.59180408716202 197.6401299238205 343.73105697333813 1252.1832718998194 2049.2616516500711 3707.4258792102337 859.0350748449564 4179.7485220581293 359.20480978488922 886.08949068188667 1230.8533949255943 3890.8047635853291 556.03486903011799 3662.7926681190729
leaf_count=20992 8999 1247 1076 5446 2588 17407 7431 949 1159 56093 1385 1829 1794 1025 15247 1672 453 576 1226 5099 7004 11873 2695 15465 1170 3181 3909 15705 2170 13727
internal_value=-0.00080889 0.00519066 0.00216601 -0.0105907 -0.000581138 0.00145258 0.0189432 -0.00460158 -0.0178907 0.000546628 -0.0185011 -0.00259042 -0.00107545 0.015183 0.0020195 0.0148402 0.0159831 0.0226037 -0.00064784 0.0168684 -0.00744365 -0.00655785 0.0168833 0.0155984 -0.0141036 -0.00848452 -0.0147637 0.0197676 -0.0171475 -0.0176122
internal_weight=65363.3 40515.8 33216.2 24847.5 27711.4 24801.9 7299.58 14145.5 2909.43 23788.2 10702 12196.4 836.546 5808.43 6256.51 1073.56 5504.87 1013.78 5182.95 5431.63 5939.93 5756.69 5374.28 5038.78 6424.72 2476.15 2116.94 4179.45 1949.1 3948.58
internal_count=230592 138812 108305 91780 88616 76664 30507 47416 11952 73500 44364 39800 2953 23076 19974 3501 19689 3164 16473 21829 19826 18877 19236 18160 23372 8260 7090 16730 7616 15112
is_linear=0
shrinkage=0.05


Tree=76
num_leaves=31
num_cat=0
split_feature=2 2 2 0 2 0 0 8 7 6 2 2 8 0 4 0 4 5 2 8 8 8 0 8 4 8 8 4 7 8
split_gain=701.372 542.587 195.187 297.934 329.21 128.299 96.7674 88.6518 71.6874 59.1856 57.1338 56.9801 51.785 41.5191 40.8344 40.5959 39.1321 39.003 37.7278 29.5249 25.6128 25.1127 24.8647 34.3406 35.6612 19.1171 17.0859 14.6692 12.4827 9.795
threshold=1.5000000000000002 -1.4999999999999998 1.0000000180025095e-35 57.500000000000007 -1.0000000180025095e-35 81.500000000000014 22.500000000000004 -0.54526796936988819 -0.11375826224684714 -2.4999999999999996 -1.0000000180025095e-35 -2.4999999999999996 139.82307434082034 77.500000000000014 -0.1761788800358772 63.500000000000007 0.83056500554084789 1.5000000000000002 2.5000000000000004 11.03136730194092 -1.0000000180025095e-35 -53.472444534301751 78.500000000000014 -68.484180450439439 0.37112155556678778 -165.65875244140622 12.684393882751467 -0.26304748654365534 0.10879744961857797 -117.65232849121092
decision_type=2 2 2 2 2 2 2 2 2 2 2 2 2 2 2 2 2 2 2 2 2 2 2 2 2 2 2 2 2 2
left_child=1 11 3 6 14 -6 12 18 13 -10 -8 -1 -3 16 -5 20 -4 -11 22 -17 21 -13 23 29 -25 -15 -22 -9 -21 -2
right_child=7 2 8 4 5 -7 10 27 9 17 -12 15 -14 25 -16 19 -18 -19 -20 28 26 -23 -24 24 -26 -27 -28 -29 -30 -31
leaf_value=-0.035616209397691619 -0.0059734764052445412 0.00062721441244755784 0.0035576385305331071 -0.0066156990410271791 0.013955936981180731 0.028604997084103648 0.00017099499294878531 -0.0050368266832094034 0.034677872619897882 -0.0016418315988186662 0.0070676250308602043 -0.0087532932010513861 -0.0095595302787378992 0.011670404947433497 0.0044857793197724989 -0.032665948199696267 0.023554220376429149 -0.010377180002569465 -0.032512579339338467 -0.022337630597176139 0.020350089791741483 -0.031857282382786109 -0.023368568800916589 -0.020427695840587446 0.017525031197431477 -0.013496129339220439 -0.0065752881450250825 -0.030282633178467085 0.0059432683865218629 -0.027273612118782931
leaf_weight=583.05654714256525 124.04086566716433 12451.263835191727 2369.0248569622636 1693.6978629976511 6275.3693250715733 1968.7230248451233 4018.6503292769194 61.734019599854946 81.489693358540535 2070.1203266233206 11880.439538985491 432.81579597294331 1381.4677093476057 86.077709376811981 1611.8860886693001 475.00814969092607 268.26245740801096 3342.9933652952313 147.86693505942822 66.072422534227371 92.623854920268059 159.85401274263859 142.83809357881546 74.777686938643456 277.08048461377621 459.96450799703598 144.35091458261013 1777.7027435228229 82.946926862001419 95.877400174736977
leaf_count=5874 766 44022 9721 7882 17260 5420 15919 564 350 10566 39201 3254 6929 325 6408 4314 1188 19166 1457 438 588 1225 1041 478 1505 2536 859 20200 544 592
internal_value=0.0015569 0.00284842 0.00388056 0.00531337 0.0121268 0.0174694 0.002665 -0.0232568 -0.00293453 -0.00639145 0.00532504 -0.0224166 -0.000393217 0.00303297 -0.00120374 -0.0170184 0.0056324 -0.00704115 -0.00995201 -0.0266202 -0.00968017 -0.0151992 -0.00509034 -0.000361178 0.00928603 -0.009459 0.00415179 -0.0294513 -0.00691405 -0.0156595
internal_weight=54698.1 51996.2 49959.4 41281.5 11549.7 8244.09 29731.8 2701.92 8677.93 5494.6 15899.1 2036.73 13832.7 3183.33 3305.58 1453.67 2637.29 5413.11 862.481 624.027 829.645 592.67 714.615 571.776 351.858 546.042 236.975 1839.44 149.019 219.918
internal_count=230592 203989 186893 143041 36970 22680 106071 26603 43852 30082 55120 17096 50951 13770 14290 11222 10909 29732 5839 5296 5926 4479 4382 3341 1983 2861 1447 20764 982 1358
is_linear=0
shrinkage=0.05


Tree=77
num_leaves=31
num_cat=0
split_feature=2 2 8 2 7 0 0 7 8 8 5 4 0 2 0 8 8 3 8 5 8 0 8 0 2 2 8 8 4 8
split_gain=4416.16 1587.64 523.155 446.782 227.138 207.743 121.723 99.9906 99.1864 99.1222 95.334 63.6499 61.5276 56.6512 47.6019 54.9013 47.2379 44.9109 39.0115 57.765 38.8486 53.9826 35.1726 28.4383 28.1694 24.7947 23.1935 44.6701 19.3767 19.3245
threshold=-1.0000000180025095e-35 1.0000000180025095e-35 19.12481784820557 -1.4999999999999998 -0.20562063902616498 48.500000000000007 77.500000000000014 -0.053878191858530038 17.014272689819339 37.442897796630866 2.5000000000000004 0.5594708025455476 81.500000000000014 1.5000000000000002 49.500000000000007 11.03136730194092 29.880530357360843 1.0000000180025095e-35 75.15427398681642 2.5000000000000004 1.6444900035858157 67.500000000000014 82.886116027832045 63.500000000000007 1.5000000000000002 -2.4999999999999996 35.245143890380866 -30.148659706115719 -0.96003133058547963 -4.0424249172210684
decision_type=2 2 2 2 2 2 2 2 2 2 2 2 2 2 2 2 2 2 2 2 2 2 2 2 2 2 2 2 2 2
left_child=3 2 4 23 11 9 7 26 10 13 -6 12 -2 16 15 -9 -3 18 19 -4 21 24 -20 25 -7 -1 27 -5 -16 -27
right_child=1 5 17 6 8 20 -8 14 -10 -11 -12 -13 -14 -15 28 -17 -18 -19 22 -21 -22 -23 -24 -25 -26 29 -28 -29 -30 -31
leaf_value=0.041393822686901512 0.010967870802191228 -0.010756076896950507 -0.0071765573095074588 0.018433005596955945 -0.00067098116354549146 -0.014489503354168227 0.028396826049318598 0.011631544843743369 0.032425287553303692 -0.026749351621755714 -0.010401708916536223 -0.021246137627587203 -0.015443595722117263 -0.029991289911233527 0.0042661767851998964 -0.0010930493461854178 0.021857462714141861 0.014680508450435163 -0.030920430063837413 -0.020105556096921964 -0.034551673515503381 -0.033023458415389388 -0.015428350353759508 0.03916724922667876 -0.031750065538803086 0.03117653038179638 0.0065592793226796611 0.031255108942643856 0.016760572201230905 0.018691745957332549
leaf_weight=445.94748085737228 5771.7206282019615 2616.143245562911 3574.5872444957495 2719.9012970924377 12232.608736485243 966.70809985697269 1819.6410504579544 2147.7058720886707 198.96795096993446 1784.401449739933 3164.463797852397 163.37390266358852 225.0284429192543 377.15677699446678 357.3782833814621 1396.9911082983017 111.39048011600971 139.36020778119564 403.7637882232666 1139.2941581755877 3626.4485092312098 1483.2490499466658 4164.5989099442959 2262.7618106007576 317.84100821614265 1148.8864451795816 276.47809618711472 925.43381714820862 2574.3560766875744 465.82181788980961
leaf_count=1863 16155 10763 13158 8134 36935 4500 5632 5886 643 12692 11202 561 806 2434 1060 4096 518 570 1755 5109 28395 9037 20791 9307 2116 4355 767 2660 7121 1571
internal_value=-0.000547241 -0.00908508 -0.00326727 0.0213653 0.0009955 -0.0251521 0.0164653 0.0143647 -0.00221558 -0.017363 -0.0026736 0.00912043 0.00996474 -0.0119339 0.0105354 0.00662221 -0.00938661 -0.0131061 -0.0135309 -0.0103193 -0.0310895 -0.0264992 -0.0168299 0.0351775 -0.0188669 0.0307123 0.0206669 0.0217265 0.0152474 0.0276437
internal_weight=59002.4 42461.1 31177.8 16541.3 21756.2 11283.3 12217.9 10398.2 15596 4889.09 15397.1 6160.12 5996.75 3104.69 6476.43 3544.7 2727.53 9421.6 9282.24 4713.88 6394.25 2767.8 4568.36 4323.42 1284.55 2060.66 3921.81 3645.34 2931.73 1614.71
internal_count=230592 178140 107685 52452 66302 70455 35356 29724 48780 26407 48137 17522 16961 13715 18163 9982 11281 41383 40813 18267 44048 15653 22546 17096 6616 7789 11561 10794 8181 5926
is_linear=0
shrinkage=0.05


Tree=78
num_leaves=31
num_cat=0
split_feature=2 2 2 8 0 0 8 0 5 8 2 5 8 8 8 4 0 8 4 8 8 3 0 4 0 8 3 5 8 8
split_gain=4237.93 1692.52 491.529 462.561 256.726 240.839 197.658 147.964 116.172 113.039 88.2168 88.1997 81.3161 71.5283 76.4043 54.8729 52.6667 52.2087 50.0273 50.8685 49.5378 48.5362 38.2796 37.2364 35.2056 38.3317 34.3876 33.9845 32.3016 54.4952
threshold=1.0000000180025095e-35 -1.0000000180025095e-35 1.5000000000000002 -66.618366241455064 47.500000000000007 65.500000000000014 101.69686126708986 74.500000000000014 -2.4999999999999996 16.161653518676761 -1.4999999999999998 5.5000000000000009 87.607540130615249 28.580967903137211 46.760663986206062 0.26501266658306127 60.500000000000007 -0.54526796936988819 -0.8471737504005431 -361.24395751953119 -254.63584899902341 -1.0000000180025095e-35 62.500000000000007 -0.96003133058547963 70.500000000000014 96.730762481689467 1.0000000180025095e-35 4.5000000000000009 -185.26108551025388 -107.28873062133788
decision_type=2 2 2 2 2 2 2 2 2 2 2 2 2 2 2 2 2 2 2 2 2 2 2 2 2 2 2 2 2 2
left_child=1 4 7 11 10 6 8 9 -5 18 -1 16 23 -11 -15 -8 20 22 -2 -20 -3 -7 -4 -12 25 -6 -9 -23 -13 -30
right_child=2 3 17 5 24 21 15 26 -10 13 12 28 -14 14 -16 -17 -18 -19 19 -21 -22 27 -24 -25 -26 -27 -28 -29 29 -31
leaf_value=-0.034897824661275945 -0.017240187095048064 -0.021785075610762719 0.015310432205447309 -0.012380885643592514 -0.031032850299629319 0.01080957584094927 0.013310132696146055 0.027045377698499073 0.00012690798153294585 0.034850628633235979 -0.035358634706061272 -0.013237230151914667 0.0023266406060395389 -0.00015871103071972301 0.018042479645732103 0.0021288137280489313 -0.026775869760180822 0.035507520236675513 -0.01706174672056469 0.0088178623788425954 -0.011462032365753553 -0.018031294133470214 0.031490762170738422 -0.01612794383754422 -0.037120411627832119 -0.012277817819136023 0.00092663557912365027 -0.0077403730992328989 0.038992242242779029 -0.0038992461313086869
leaf_weight=628.04770231246948 200.14945298433304 1627.5219533592463 678.41766902804375 2074.9324201494455 2955.4491736292839 203.62956576049328 3521.2711860537529 2234.3327958136797 17275.403905615211 519.24061363935471 272.26735140383244 128.22226093709469 593.39249977469444 681.6322840154171 3732.9747325181961 1596.0857616066933 1014.3256630450487 3770.3975905925035 192.23661893606186 5443.1099654138088 4147.7967267632484 2114.9462849348783 834.78873340785503 3318.6159167438745 2827.536229968071 309.8670107871294 133.91717779636383 1310.1690561175346 135.69647072255611 154.61640346050262
leaf_count=3653 549 6637 2403 6273 15365 658 10785 8148 47736 1972 1313 442 1679 2178 14307 4766 4150 20841 584 15676 13579 7553 3418 13313 15743 1056 422 4084 397 496
internal_value=-0.000824808 -0.00890864 0.0194505 -0.00358888 -0.0261214 -0.000689107 0.00109449 0.0142616 -0.00121715 0.0117633 -0.0174592 -0.0148835 -0.0148032 0.0173327 0.0152351 0.0098282 -0.0162565 0.0323269 0.00704369 0.0079207 -0.0143875 -0.0127004 0.0243109 -0.0176332 -0.0329431 -0.0292746 0.0255735 -0.0141119 0.0073198 0.0164696
internal_weight=64631 46209.8 18421.2 35304.6 10905.2 28096.4 24467.7 13137.6 19350.3 10769.3 4812.32 7208.18 4184.28 4933.85 4414.61 5117.36 6789.64 5283.6 5835.5 5635.35 5775.32 3628.74 1513.21 3590.88 6092.85 3265.32 2368.25 3425.12 418.535 290.313
internal_count=230176 159678 70498 107556 52122 81855 69560 43836 54009 35266 19958 25701 16305 18457 16485 15551 24366 26662 16809 16260 20216 12295 5821 14626 32164 16421 8570 11637 1335 893
is_linear=0
shrinkage=0.05


Tree=79
num_leaves=31
num_cat=0
split_feature=2 2 2 1 2 1 1 8 5 7 2 8 8 4 8 1 3 8 1 2 8 8 1 8 5 6 5 4 4 4
split_gain=647.869 486.209 195.438 308.675 297.459 128.943 87.3974 86.8644 67.0111 59.6575 56.6398 53.1335 47.3531 42.7848 41.9744 53.313 40.0687 38.9408 43.0135 38.6281 34.9326 32.6699 28.7812 31.9704 27.17 29.3747 26.9472 18.6886 14.9991 14.9008
threshold=1.5000000000000002 -1.4999999999999998 1.0000000180025095e-35 34.500000000000007 -1.0000000180025095e-35 8.5000000000000018 66.500000000000014 -0.54526796936988819 1.0000000180025095e-35 -0.11375826224684714 -2.4999999999999996 -130.9697570800781 139.82307434082034 0.13283916562795642 127.00802230834962 48.500000000000007 -1.0000000180025095e-35 11.03136730194092 29.500000000000004 2.5000000000000004 -46.97898864746093 337.20117187500006 13.500000000000002 -22.204532623291012 -1.4999999999999998 1.0000000180025095e-35 -3.4999999999999996 0.69128414988517772 0.60499006509780895 0.69128414988517772
decision_type=2 2 2 2 2 2 2 2 2 2 2 2 2 2 2 2 2 2 2 2 2 2 2 2 2 2 2 2 2 2
left_child=1 10 3 4 16 -6 11 19 14 20 -1 -5 -8 -11 15 -4 -3 18 -12 22 -10 -16 -2 28 -19 -26 -20 -25 -24 -9
right_child=7 2 8 6 5 -7 12 29 9 13 17 -13 -14 -15 21 -17 -18 24 26 -21 -22 -23 23 27 25 -27 -28 -29 -30 -31
leaf_value=-0.035421659449682175 -0.022471442376474832 0.029110366548915148 -0.00061575973012140562 -0.0018972411202951333 0.028010057602672223 0.013455793795267668 0.00052398870861957521 -0.021357951132680561 -0.0075503565432288901 -0.02205710841696483 -0.031409748160369337 0.0063865461142078488 -0.0091431218665870475 -0.0074864484661722385 -0.025345074561566611 0.013329886325930488 -0.0014689811793030328 0.016692022516724771 -0.023359491446134237 -0.032389431862172378 0.0083153705800168148 0.014947609763690046 -0.017796033565005424 0.03404530101352949 -0.028112790193547413 0.012245820051741128 -0.0020054382152592718 0.00038324466675814591 0.0020151212008008928 -0.031923977361008077
leaf_weight=540.56605813652277 164.61880131810904 105.6094858199358 1958.7870226278901 2296.4548586457968 1964.6493227779865 6817.3954696506262 12894.55444291234 520.0653355717659 562.74780258536339 591.02200520783663 503.59131737798452 12252.116874560714 1399.7175962552428 3346.3700136840343 210.33211001753807 1048.7936124056578 3396.3594211041927 127.65931326895952 260.50228276103735 146.12943881750107 887.65034910291433 61.980667740106583 167.396877348423 89.330187454819679 113.17648900300264 69.202860206365585 335.42560229450464 73.45460219681263 212.28667089343071 1259.2786797806621
leaf_count=5779 1206 453 8617 8872 5440 18819 45571 5662 2184 3200 4827 41621 7101 19314 1361 4337 14749 817 2035 1484 4343 480 1036 501 742 421 2431 405 1189 15179
internal_value=0.00154924 0.00278111 0.0037411 0.00517905 0.011815 0.0167258 0.0023513 -0.0226233 -0.00308083 -0.00650876 -0.0216782 0.00507877 -0.000425496 -0.00969878 0.00255147 0.00426137 -0.000506606 -0.016301 -0.0206963 -0.0094325 0.00215475 -0.01607 -0.00449402 0.00111686 -0.000632442 -0.0128808 -0.0114568 0.0193198 -0.0068371 -0.0289042
internal_weight=54377.2 51744.7 49794.5 41126.9 12284 8782.04 28842.8 2632.56 8667.68 5387.79 1950.12 14548.6 14294.3 3937.39 3279.89 3007.58 3501.97 1409.56 1099.52 853.217 1450.4 272.313 707.087 542.468 310.039 182.379 595.928 162.785 379.684 1779.34
internal_count=230176 203514 186462 142626 39461 24259 103165 26662 43836 29041 17052 50493 52672 22514 14795 12954 15202 11273 9293 5821 6527 1841 4337 3131 1980 1163 4466 906 2225 20841
is_linear=0
shrinkage=0.05


Tree=80
num_leaves=31
num_cat=0
split_feature=2 2 8 2 1 7 1 4 2 7 1 8 7 1 3 8 1 8 8 8 8 4 8 5 1 4 8 2 8 1
split_gain=4014.59 1520.01 482.889 436.709 215.099 189.013 124.339 115.501 108.103 89.2998 87.6935 81.7402 80.509 52.1253 50.5372 44.254 41.2745 41.6767 44.2923 35.2529 31.4762 29.1337 27.5758 27.2135 27.1205 26.1475 24.2013 21.5285 19.5398 18.3613
threshold=-1.0000000180025095e-35 1.0000000180025095e-35 19.12481784820557 -1.4999999999999998 37.500000000000007 -0.11375826224684714 12.500000000000002 0.67575129866600048 1.5000000000000002 -0.053878191858530038 65.500000000000014 15.063652038574221 0.059720875695347793 42.500000000000007 -1.0000000180025095e-35 11.03136730194092 17.500000000000004 158.74826812744143 139.82307434082034 -135.04876708984372 -287.51872253417963 -1.1796581745147703 -310.69364929199213 4.5000000000000009 28.500000000000004 -0.99019217491149891 -155.41359710693357 -2.4999999999999996 -8.6262278556823713 20.500000000000004
decision_type=2 2 2 2 2 2 2 2 2 2 2 2 2 2 2 2 2 2 2 2 2 2 2 2 2 2 2 2 2 2
left_child=3 2 5 24 20 7 -5 11 12 23 14 -2 22 25 -7 -15 -4 18 -18 -12 -3 -22 -6 26 -1 -11 -8 -26 -14 -23
right_child=1 4 16 6 8 10 9 -9 -10 13 19 -13 28 15 -16 -17 17 -19 -20 -21 21 29 -24 -25 27 -27 -28 -29 -30 -31
leaf_value=0.038245223088045309 0.0066830335813286238 -0.014112386125584962 -0.02346005371057697 0.027871961837718392 0.0064706366221603598 -0.030252579839071092 0.025730753808887813 -0.030809664583081021 -0.032939875415032696 0.0019113318962927798 0.010580980345407427 0.044289693307648759 -0.011281358128977913 0.010260136561222594 -0.0061254647291977167 -0.0015663790203165344 -0.010560456581771367 -0.018046758155371271 0.0080560747406192481 -0.00018220804130418512 -0.0018734528491137583 -0.035506468716988003 -0.010500440512474901 0.00037810807044578971 0.040821676870835932 0.016307058240480746 0.017256690121083308 0.026911561508452975 -0.025138137517191041 -0.02924396158218745
leaf_weight=2318.0269605368376 8969.3636374175549 260.55955734848976 790.17683526873589 1800.1397953629494 261.42856189608574 220.25694781541824 1414.2455457746983 198.47428549826145 933.99894698709249 358.1355367898941 892.52100184559822 142.05136789381504 324.2443927526474 2002.1252632439137 6274.8045889884233 1303.5525516271591 6283.0386666059494 1894.1525106877089 333.08367913961411 4992.0335675179958 78.195961371064186 2922.5283096805215 2490.1763069629669 175.31795215606689 372.19220991432667 2731.7735407352448 2255.9431454986334 1486.1997394412756 1426.752615340054 2356.0527676641941
leaf_count=9892 25606 973 3969 5646 729 876 4480 725 7342 1068 2425 420 1420 5498 20868 3844 25279 10652 1447 15289 361 22435 11490 489 1612 7584 6461 5548 9139 16609
internal_value=-0.00053099 -0.0086826 -0.00300322 0.020598 -0.0245963 0.00108436 0.0157545 0.0064649 -0.0174788 0.013612 -0.00296296 0.00729331 -0.0142387 0.00997822 -0.00696629 0.00560118 -0.0125313 -0.0115034 -0.00961785 0.00145786 -0.0314631 -0.0322931 -0.00887922 0.0196345 0.0345272 0.0146443 0.0205526 0.0297995 -0.0226116 -0.0327416
internal_weight=58261.5 42043.9 30990 16217.7 11053.9 21689.5 12041.2 9309.89 5436.6 10241.1 12379.6 9111.42 4502.6 6395.59 6495.06 3305.68 9300.45 8510.27 6616.12 5884.55 5617.34 5356.78 2751.6 3845.51 4176.42 3089.91 3670.19 1858.39 1751 5278.58
internal_count=230176 178054 107556 52122 70498 66209 35070 26751 30120 29424 39458 26026 22778 17994 21744 9342 41347 37378 26726 17714 40378 39405 12219 11430 17052 8652 10941 7160 10559 39044
is_linear=0
shrinkage=0.05


Tree=81
num_leaves=31
num_cat=0
split_feature=2 2 2 7 1 1 1 8 8 7 2 5 8 3 8 4 4 8 1 8 4 8 2 1 4 4 8 3 1 1
split_gain=3935.24 1590.61 470.904 432.608 252.16 177.802 150.88 136.45 126.541 118.151 105.819 90.0392 69.9379 66.773 64.408 62.6072 58.483 57.3667 53.9263 47.4506 41.7733 36.1504 35.4808 35.4093 32.7022 62.681 32.2214 30.8895 28.9329 27.3244
threshold=1.0000000180025095e-35 -1.0000000180025095e-35 1.5000000000000002 -0.059445491060614579 37.500000000000007 30.500000000000004 13.500000000000002 107.69263076782228 -165.65875244140622 -0.062005056068301194 -1.4999999999999998 -2.4999999999999996 87.607540130615249 -1.0000000180025095e-35 -149.64546966552732 -0.65439215302467335 -1.0581204891204832 -0.54526796936988819 16.500000000000004 90.639205932617202 -0.93012794852256764 69.387596130371108 2.5000000000000004 7.5000000000000009 0.59445485472679149 0.866277575492859 235.95204162597659 1.0000000180025095e-35 77.500000000000014 14.500000000000002
decision_type=2 2 2 2 2 2 2 2 2 2 2 2 2 2 2 2 2 2 2 2 2 2 2 2 2 2 2 2 2 2
left_child=1 4 6 8 -1 13 27 15 -3 19 -6 16 20 29 -11 -7 -10 22 -13 21 -12 -8 24 -15 -4 -26 -16 -2 -9 -5
right_child=2 3 17 5 10 7 9 28 11 14 12 18 -14 23 26 -17 -18 -19 -20 -21 -22 -23 -24 -25 25 -27 -28 -29 -30 -31
leaf_value=-0.033447243020621124 0.027880442031058661 -0.021634593015545787 0.028219829789600505 -0.00077017696586685223 -0.034977518957102424 -0.019538299414540695 0.004679017414957483 0.0071714607825737742 0.0064899437712467858 -0.015993460469541598 -0.034133835189438931 -0.022315269437817673 -0.00012529477892755255 -0.021205803750881685 0.014957195083156759 0.00065778190060704052 -0.020960131546868821 0.035267108894315946 -0.0050470079805014258 0.022079049204891066 -0.016013030958830939 -0.019234529049474109 0.038586972084864404 -0.0086924520274220731 -0.0097390530059429208 0.022939604629145585 0.024494067211017129 0.0011131394249776761 0.015825498104698268 0.030532508977237683
leaf_weight=5232.8728055357933 1903.4711120724678 2387.1769159138203 551.11414341628551 144.48212487995625 786.33865423500538 388.94196143746376 3996.9182507544756 2696.0388770401478 214.82778732478619 151.35222178697586 349.16906173527241 479.39906513690948 664.89812712371349 700.74674333631992 5201.5848018378019 14804.099486097693 1819.8416422754526 3567.3086179494858 6924.276805922389 380.80618505179882 3636.3052981942892 159.66910913586617 306.14674542844296 2939.2978287190199 223.19438461959362 410.90641570091248 1084.3210874348879 114.68250012397766 1515.6017595231533 129.28927551209927
leaf_count=28989 7141 10029 2001 497 4830 1208 11711 8240 861 424 1768 1764 1908 2668 17333 41288 6168 20706 20327 1421 14962 537 1475 9264 783 1613 4995 366 4831 383
internal_value=-0.000913218 -0.00870401 0.0188563 -0.00356917 -0.0256078 0.000381797 0.0138081 0.0023431 -0.0113569 0.0114879 -0.0180385 -0.00874731 -0.0151398 -0.00933293 0.0158418 0.000134504 -0.018053 0.0317957 -0.00617946 0.00530028 -0.0176414 0.00373841 0.0234021 -0.0111272 0.0193341 0.011451 0.0166205 0.0263659 0.0103008 0.0142951
internal_weight=63865.1 45813.6 18051.5 35144 10669.6 23318.5 12992.8 19404.7 11825.5 10974.7 5436.71 9438.35 4650.37 3913.82 6437.26 15193 2034.67 5058.67 7403.68 4537.39 3985.47 4156.59 1491.36 3640.04 1185.21 634.101 6285.91 2018.15 4211.64 273.771
internal_count=230491 159985 70506 107528 52457 68379 43928 55567 39149 36421 23468 29120 18638 12812 22752 42496 7029 26578 22091 13669 16730 12248 5872 11932 4397 2396 22328 7507 13071 880
is_linear=0
shrinkage=0.05


Tree=82
num_leaves=31
num_cat=0
split_feature=2 2 2 0 2 0 0 8 2 8 8 0 7 8 4 0 8 2 8 4 8 4 5 4 7 4 4 8 4 8
split_gain=610.724 419.804 171.767 281.75 274.179 121.872 91.9659 87.1681 62.5074 62.2674 58.726 47.4156 55.4363 44.4837 43.2977 42.1997 39.7892 37.2823 37.2439 27.102 36.6339 86.0743 26.5525 49.0102 25.127 19.5758 18.7271 18.2744 14.5921 14.2935
threshold=1.5000000000000002 -1.4999999999999998 1.0000000180025095e-35 59.500000000000007 -1.0000000180025095e-35 84.500000000000014 18.500000000000004 -0.54526796936988819 -2.4999999999999996 -130.9697570800781 -165.65875244140622 77.500000000000014 -0.11375826224684714 -216.81816101074216 -0.1761788800358772 60.500000000000007 247.85845947265628 2.5000000000000004 11.03136730194092 0.25814962387084966 -27.185948371887203 0.75114825367927562 -3.4999999999999996 -0.90008330345153797 -0.096979830414056764 -1.5111640095710752 -0.26304748654365534 -82.447135925292955 0.60499006509780895 35.245143890380866
decision_type=2 2 2 2 2 2 2 2 2 2 2 2 2 2 2 2 2 2 2 2 2 2 2 2 2 2 2 2 2 2
left_child=1 8 3 6 14 -6 16 17 -1 -8 13 12 -12 24 -5 22 -3 19 -17 27 28 -22 25 -24 -4 -10 -9 -2 -21 -20
right_child=7 2 10 4 5 -7 9 26 15 -11 11 -13 -14 -15 -16 18 -18 -19 29 20 21 -23 23 -25 -26 -27 -28 -29 -30 -31
leaf_value=-0.035255655959527198 -0.0005044291400967553 -0.00030580650096061771 -0.00084912193432532847 -0.0064924612329075385 0.014186383985817281 0.0311370605785459 -0.0020121669747491145 -0.0011783930381542504 0.0058224464473472827 0.0059422489866592645 0.0042320783547589577 -0.013884207335363274 -0.005646312758113693 0.030495741544954276 0.0053814875646451751 -0.031008115068447951 -0.014390582294898049 -0.032436942648273369 0.013245164976624053 -0.022912407016173211 0.055097292106246087 -0.01096871120091829 0.030520230798665168 -0.0080711387982025009 0.024096302170499101 -0.024325592116303425 -0.029982427107660883 -0.035567136136278946 -0.0015853486446833498 -0.016036280170909571
leaf_weight=510.96957234293222 59.152094140648842 11173.005654752254 584.30530878901482 1561.3679170459509 6374.1438862979412 1274.0746915340424 2908.9564148783684 58.893160000443459 67.100073233246803 15869.796633601189 2052.2307247295976 1076.6303331628442 4585.4090956747532 189.75016558170319 1500.8476507663727 477.71526262164116 519.99777264893055 138.88997815549374 70.695153258740902 114.92040761560202 82.696805700659752 109.53921537846327 104.37265583872795 327.13811372965574 116.95403024554253 236.75298092514277 1619.0933000668883 95.626205533742905 244.66950386017561 87.985852934420109
leaf_count=5774 385 39861 2000 7465 17417 3577 11297 561 515 53826 8950 6546 25446 579 6096 4810 3347 1475 488 742 441 672 723 2316 407 1863 20145 663 1494 610
internal_value=0.00160212 0.00277598 0.00365317 0.00499556 0.0119694 0.0170286 0.00254277 -0.0223914 -0.020369 0.00470985 -0.00277027 -0.00417528 -0.00259122 0.00934957 -0.000673537 -0.0147159 -0.000938052 -0.00922601 -0.0240984 -0.00446781 0.000775881 0.0181281 -0.00648822 0.00150591 0.00345234 -0.0176815 -0.028978 -0.0226022 -0.00862196 -0.00298478
internal_weight=54193.7 51670.2 49787.5 41182.2 10710.4 7648.22 30471.8 2523.48 1882.73 18778.8 8605.28 7714.27 6637.64 891.01 3062.22 1371.76 11693 845.494 636.396 706.604 551.826 192.236 735.364 431.511 701.259 303.853 1677.99 154.778 359.59 158.681
internal_count=230491 203913 186814 142886 34555 20994 108331 26578 17099 65123 43928 40942 34396 2986 13561 11325 43208 5872 5908 4397 3349 1113 5417 3039 2407 2378 20706 1048 2236 1098
is_linear=0
shrinkage=0.05


Tree=83
num_leaves=31
num_cat=0
split_feature=2 2 8 2 0 7 2 0 0 7 7 7 4 8 0 8 8 0 8 8 6 0 2 8 5 8 6 4 8 8
split_gain=3604.87 1477.25 454.493 412.69 198.078 181.09 117.247 114.243 94.9208 85.6154 82.8704 79.6572 60.4472 58.9933 43.9895 42.5268 82.4863 36.9901 38.8549 35.4391 31.4457 31.3239 23.2446 21.6088 20.7851 23.5414 20.5203 20.1286 20.0948 16.6213
threshold=-1.0000000180025095e-35 1.0000000180025095e-35 19.12481784820557 -1.4999999999999998 57.500000000000007 -0.19859391450881955 1.5000000000000002 77.500000000000014 71.500000000000014 -0.053878191858530038 0.049706598743796356 0.12228645011782648 0.5594708025455476 -419.80076599121088 72.500000000000014 62.377737045288093 51.880025863647468 50.500000000000007 11.03136730194092 -310.69364929199213 -1.4999999999999998 60.500000000000007 -2.4999999999999996 -155.41359710693357 4.5000000000000009 -155.41359710693357 -1.0000000180025095e-35 0.95650944113731395 7.1921761035919198 3.2915763854980473
decision_type=2 2 2 2 2 2 2 2 2 2 2 2 2 2 2 2 2 2 2 2 2 2 2 2 2 2 2 2 2 2
left_child=3 2 5 21 6 12 10 9 11 24 19 -7 13 -2 15 16 -4 18 -11 -3 -17 22 -1 26 25 -5 -6 -19 -10 -12
right_child=1 4 14 7 23 8 -8 -9 28 17 29 -13 -14 -15 -16 20 -18 27 -20 -21 -22 -23 -24 -25 -26 -27 -28 -29 -30 -31
leaf_value=0.04021892693788677 -0.017738669430121399 0.006977482564852415 -0.010506096148077897 0.02467552970564316 -0.0082422465810867516 0.0018977040518954728 -0.032945997936358183 0.026604655612135437 -0.015756242458999276 0.010166574112515271 -0.015653522973063209 -0.0066208156745887065 -0.020166289372912451 0.010033494374836935 -0.023297086283849341 -0.03317946413018133 0.0085234311725027288 0.014657094640833757 -0.00043195750351108283 -0.011396340054667657 -0.013205570413065441 0.037370442897545188 0.02519103823026177 -0.033038566991441531 0.0019061585580183228 0.016342439197830093 -0.030937044503123557 -0.0044818799113289188 0.0042284656580793851 -0.025989602527737729
leaf_weight=335.88897705078125 193.08981508016586 287.62118056416512 3027.8379165679216 1423.9603555500507 191.09899754822254 10030.665612816811 1104.0887320786715 1789.5998643040657 1312.8408051729202 2197.5780762732029 588.83250939846039 3772.2761250436306 176.35706512629986 5994.2894581854343 788.6694421172142 203.78625071048737 697.11342635750771 2653.2434138655663 1423.0845235735178 2673.3369814306498 4501.0854024589062 2286.4591464102268 1413.7563603669405 4290.0806244686246 175.03358519077301 2253.1427410393953 214.74917946010828 142.70009437203407 136.99267533421516 1356.0930513367057
leaf_count=1521 544 806 11796 4577 758 29981 9240 5709 5145 6053 2712 12289 625 16962 4047 863 2607 7481 4169 12693 22117 10161 5417 33749 489 6494 1138 386 552 9410
internal_value=-0.000494542 -0.00827798 -0.00272072 0.0195914 -0.0242752 0.0012439 -0.0182364 0.0149484 -0.00171242 0.012905 -0.0148958 -0.00043192 0.00832546 0.00915318 -0.012013 -0.0109441 -0.00693813 0.00935528 0.00600602 -0.00960279 -0.014105 0.0334272 0.0281824 -0.0319762 0.0187982 0.0195986 -0.0204813 0.013674 -0.0138599 -0.0229085
internal_weight=57635.4 41540.9 30835 16094.4 10705.9 21616.5 6009.97 12058.3 15252.8 10268.7 4905.88 13802.9 6363.74 6187.38 9218.49 8429.82 3724.95 6416.61 3620.66 2960.96 4704.87 4036.1 1749.65 4695.93 3852.14 3677.1 405.848 2795.94 1449.83 1944.93
internal_count=230491 178034 107528 52457 70506 66098 34861 35358 47967 29649 25621 42270 18131 17506 41430 37383 14403 18089 10222 13499 22980 17099 6938 35645 11560 11071 1896 7867 5697 12122
is_linear=0
shrinkage=0.05


Tree=84
num_leaves=31
num_cat=0
split_feature=2 2 2 7 0 0 0 7 5 4 7 0 7 2 0 3 2 4 4 5 9 4 0 3 0 0 3 4 4 4
split_gain=3583.89 1472.06 453.905 390.361 241.775 158.082 135.894 118.962 101.329 98.6802 88.9919 76.3441 60.9513 55.0677 48.8524 45.8234 39.207 31.5117 31.3689 30.1323 29.0822 28.9221 28.1808 27.3804 26.4532 24.9178 24.5959 24.4764 23.9351 22.1973
threshold=1.0000000180025095e-35 -1.0000000180025095e-35 1.5000000000000002 -0.077875234186649309 35.500000000000007 62.500000000000007 75.500000000000014 1.0000000180025095e-35 -1.4999999999999998 -0.65439215302467335 0.14355833828449252 68.500000000000014 0.077888179570436492 -1.4999999999999998 55.500000000000007 -1.0000000180025095e-35 2.5000000000000004 -0.59927418828010548 0.22598905861377719 -2.4999999999999996 1.0000000180025095e-35 -0.28195580840110773 22.500000000000004 1.0000000180025095e-35 86.500000000000014 74.500000000000014 1.0000000180025095e-35 -1.0581204891204832 -0.32900822162628168 0.866277575492859
decision_type=2 2 2 2 2 2 2 2 2 2 2 2 2 2 2 2 2 2 2 2 2 2 2 2 2 2 2 2 2 2
left_child=1 4 6 8 12 9 7 14 23 -5 -11 13 18 -6 28 -7 25 -10 -1 -15 -16 -19 -14 27 -17 29 -8 -3 -2 -4
right_child=2 3 16 5 11 15 26 -9 17 10 -12 -13 22 19 20 24 -18 21 -20 -21 -22 -23 -24 -25 -26 -27 -28 -29 -30 -31
leaf_value=-0.020451010067630029 -0.010134833741344954 -0.0030611423645166579 0.020523490345497743 -0.020382692751504256 -0.035078256651332393 0.010723874422728841 0.026183231817678471 0.016438218099267418 -0.02950935561679606 -0.00081066428047291562 0.0058458747502288287 -0.036237990190588681 0.0046900993889720383 -0.029738558107983804 0.010313468778514027 -0.0096257914206023219 0.037588314408720416 0.0063808061464781587 0.0070126522350478799 -0.01915758453612915 0.031103576518047155 -0.0081624014256052799 -0.010709789950261037 -0.037997962165874671 -0.024162509307093537 0.035042863645486234 0.0027025057143531908 -0.018538073881117209 0.0038054779904094327 0.030667030711290205
leaf_weight=1658.5377323031425 334.45787917077541 281.04355612397194 1302.5980767905712 484.4980686455965 1163.8400181606412 253.01541943848133 1992.9916377812624 5179.1197673231363 161.07707744836807 10610.190491586924 9524.8966939151287 2844.218471467495 513.84674045443535 981.42752623558044 1712.692171305418 2943.2317438274622 1650.3399967104197 356.37582908570766 108.55283236503601 2348.1724359244108 183.65513621270657 6805.4910523146391 691.98225425183773 166.11116547882557 348.83672060072422 910.20367130637169 119.41365471482277 3063.8485892564058 3327.624964222312 1004.3411816209555
leaf_count=7644 960 1228 6179 1523 7730 828 7655 18908 606 30413 27314 17156 1784 5117 5475 9693 10132 1223 399 9809 612 21479 2486 661 1380 4863 383 11170 10000 5506
internal_value=-0.000850902 -0.00830666 0.0182128 -0.00341355 -0.0249063 0.000122725 0.0132784 0.0109883 -0.0112975 0.00180018 0.00233888 -0.0297803 -0.0128465 -0.0256571 0.00590015 -0.00962279 0.0312126 -0.00794014 -0.0187489 -0.0223163 0.0124034 -0.00743478 -0.00415508 -0.0182787 -0.0112004 0.0278887 0.0248654 -0.0172442 0.00252023 0.0249963
internal_weight=63026.6 45309.2 17717.4 34998.6 10310.6 24164.7 12850 10737.5 10833.9 20619.6 20135.1 7337.66 2972.92 4493.44 5558.43 3545.08 4867.48 7322.94 1767.09 3329.6 1896.35 7161.87 1205.83 3511 3292.07 3217.14 2112.41 3344.89 3662.08 2306.94
internal_count=230316 159643 70673 107518 52125 71151 43993 35955 36367 59250 57727 39812 12313 22656 17047 11901 26680 23308 8043 14926 6087 22702 4270 13059 11073 16548 8038 12398 10960 11685
is_linear=0
shrinkage=0.05


Tree=85
num_leaves=31
num_cat=0
split_feature=8 9 4 8 8 8 8 8 4 8 8 8 8 7 8 8 8 8 4 8 8 8 4 4 8 8 5 8 8 8
split_gain=270.036 103.395 177.053 176.85 122.537 204.123 149.928 107.665 98.8092 97.4399 88.9683 80.42 88.6869 72.9514 67.6941 151.887 64.1776 108.364 76.8276 58.9705 163.478 73.6332 55.9621 55.5948 49.7582 121.591 51.8205 47.6726 45.2743 52.0647
threshold=247.85845947265628 1.0000000180025095e-35 -0.020519999787211415 -56.345481872558587 -130.9697570800781 -76.778827667236314 -177.2028884887695 -37.716585159301751 -0.29975113272666926 -27.185948371887203 -9.2462801933288556 -388.37040710449213 -198.72866058349607 0.32552005350589758 369.94026184082037 384.61386108398443 -72.363105773925767 -68.484180450439439 -0.46948522329330439 -155.41359710693357 -138.78073883056638 -165.65875244140622 -0.70943960547447193 0.1072625480592251 1.0000000180025095e-35 39.87672424316407 1.5000000000000002 -56.345481872558587 352.43107604980474 303.84550476074224
decision_type=2 2 2 2 2 2 2 2 2 2 2 2 2 2 2 2 2 2 2 2 2 2 2 2 2 2 2 2 2 2
left_child=1 4 7 -4 6 8 11 27 -6 -9 -11 22 -13 -10 28 23 18 -18 -7 21 -21 -8 -1 -16 26 -26 -5 -3 29 -2
right_child=14 2 3 24 5 16 19 9 13 10 -12 12 -14 -15 15 -17 17 -19 -20 20 -22 -23 -24 -25 25 -27 -28 -29 -30 -31
leaf_value=-0.012449011248627689 -0.026246296588382234 -0.0018206935793173128 0.045224737961827771 -0.0099341505009462941 0.0010256926111403195 0.020431539896462153 -0.01071127322150636 0.04122848041730176 0.017544588317106261 -0.017445691802460108 0.011817806254849138 -0.0037509808817700659 0.016191635902016326 0.054568501523845264 0.055542776376075791 -0.016005206868980135 0.028407677026954445 0.0029646426097060833 -0.029981482135385776 0.010229133057216209 -0.030150791403269206 -0.041518492946654474 0.018576171251543271 0.0082720791856278047 0.0019973349660581184 -0.023943257181362247 -0.028731553685797495 -0.034652023805179448 -0.037484568514261241 -0.0070804504691130829
leaf_weight=169.3852461501956 666.41114933043718 256.50018367916346 129.51015169918537 687.031051017344 978.41764265298843 97.890932500362396 412.67083314806223 230.19978880137205 2975.429557941854 305.55703553557396 1592.9249970316887 4619.0559972077608 628.94343126565218 135.74358965456486 109.99867713451385 623.29649651050568 419.09309764951468 32173.197856619954 287.8726597353816 579.45137172937393 434.33929289877415 369.10009474307299 903.76017820835114 140.04052018374205 1183.4517251625657 724.92616052925587 801.05578597635031 190.13320039957762 300.08082042634487 761.27302050590515
leaf_count=1125 5868 1040 418 2661 4386 478 1826 825 10380 1271 6011 20585 2652 433 551 4666 1596 130660 1126 2515 1794 1831 3480 1024 5093 3387 3692 812 2392 5738
internal_value=0.00152195 0.00231958 -0.00378769 -0.0110604 0.00314458 0.00436292 -0.00241866 0.00617178 0.0148926 0.0108559 0.00707445 0.00120614 -0.00134783 0.0192449 -0.0141792 -0.00281086 0.00305508 0.00329611 -0.017091 -0.0151474 -0.00713394 -0.0254278 0.0136441 0.0297489 -0.0132699 -0.00789341 -0.0201154 -0.016026 -0.0199008 -0.016087
internal_weight=53886.7 51285.6 6101.29 3525.97 45184.4 37067.6 8116.71 2575.32 4089.59 2128.68 1898.48 6321.14 5248 3111.17 2601.1 873.336 32978.1 32592.3 385.764 1795.56 1013.79 781.771 1073.15 250.039 3396.46 1908.38 1488.09 446.633 1727.76 1427.68
internal_count=230316 210077 25210 15251 184867 149059 35808 9959 15199 8107 7282 27842 23237 10813 20239 6241 133860 132256 1604 7966 4309 3657 4605 1575 14833 8480 6353 1852 13998 11606
is_linear=0
shrinkage=0.05


Tree=86
num_leaves=31
num_cat=0
split_feature=2 2 8 2 0 5 8 3 0 2 7 8 8 7 8 8 8 6 3 8 8 8 0 8 8 8 4 2 6 8
split_gain=3300.44 1376.15 447.219 398.946 206.758 160.236 122.468 156.863 112.411 112.026 91.9801 82.8343 151.601 82.795 77.2584 43.5809 72.729 40.8664 49.3972 36.2201 35.5171 34.7951 31.3766 27.6413 39.5304 25.3303 24.2842 20.8516 20.1166 19.28
threshold=-1.0000000180025095e-35 1.0000000180025095e-35 19.12481784820557 -1.4999999999999998 55.500000000000007 2.5000000000000004 -160.02195739746091 1.0000000180025095e-35 72.500000000000014 1.5000000000000002 -0.053878191858530038 -46.97898864746093 -27.185948371887203 0.059720875695347793 -372.31275939941401 96.730762481689467 348.21440124511724 2.5000000000000004 1.0000000180025095e-35 -109.72359466552733 -310.69364929199213 75.15427398681642 57.500000000000007 35.245143890380866 -30.148659706115719 -268.08998107910151 -1.1796581745147703 -2.4999999999999996 -1.4999999999999998 312.58627319335943
decision_type=2 2 2 2 2 2 2 2 2 2 2 2 2 2 2 2 2 2 2 2 2 2 2 2 2 2 2 2 2 2
left_child=3 2 5 22 9 6 14 -8 10 13 23 19 -13 20 -2 28 -17 18 21 -7 -3 -4 27 24 -5 -6 -27 -1 -12 -19
right_child=1 4 17 8 25 11 7 -9 -10 -11 15 12 -14 -15 -16 16 -18 29 -20 -21 -22 -23 -24 -25 -26 26 -28 -29 -30 -31
leaf_value=0.039675290811488725 -0.0028919248924675657 0.0082513014620024944 -0.0082298186804022622 0.01623637225078679 -0.015525857530994861 -0.008843456818285458 0.00018452201520867162 0.040341143040634631 0.023969611191990498 -0.032518837319374119 0.014378661819175426 0.022796850359030348 -0.0092044890508372439 -0.022396710583723362 0.013941873664592151 -0.012291080134920897 0.024461582194213342 -0.026139713918050828 0.021117461921863596 -0.024519238594885043 -0.010440851487469748 -0.014763078810265246 0.036562546196819416 0.0026076605627519157 0.028868228762889719 -0.0025569545661346133 -0.03265270581565604 0.024011424896936001 0.0075875583795673596 -0.0035008598404307535
leaf_weight=274.09456112980843 848.87841409444809 277.93439820408821 4305.1733664870262 2458.0542549788952 254.54523388296366 692.73421242833138 13507.035966619849 242.65070486068726 2443.3330314010382 976.50562347471714 1584.0714807510376 474.19841732084751 1620.7172812819481 1764.3872121423483 3422.1320543736219 550.28544469177723 172.75359237194061 661.13651925325394 114.4318909496069 803.75158679485321 2597.8364627584815 3915.4773020446301 2370.4310039579868 263.00212545692921 843.78683841228485 68.950046852231026 4454.8427437916398 1219.1815621554852 3575.7390390336514 111.46953286230564
leaf_count=1288 2362 776 16700 7562 1028 2210 40837 754 7771 8553 4546 1644 5980 11315 9470 1724 527 3601 465 2886 12458 19934 10962 727 2474 336 36207 4757 9787 675
internal_value=-0.00049911 -0.00795542 -0.00263284 0.0189558 -0.0236761 0.00128394 0.00320626 0.000907602 0.0144098 -0.0171457 0.0119261 -0.0083528 -0.00192374 -0.0138789 0.0105966 0.0080744 -0.00340219 -0.0119228 -0.0108906 -0.0173164 -0.00862313 -0.0113487 0.03291 0.0182621 0.0195032 -0.0313264 -0.0321973 0.0270094 0.00968434 -0.022917
internal_weight=56869.5 41114.8 30719.8 15754.7 10395 21612.1 18020.7 13749.7 11891 5616.66 9447.69 3591.4 2094.92 4640.16 4271.01 5882.85 723.039 9107.69 8335.08 1496.49 2875.77 8220.65 3863.71 3564.84 3301.84 4778.34 4523.79 1493.28 5159.81 772.606
internal_count=230316 178191 107518 52125 70673 66143 53423 41591 35118 33102 27347 12720 7624 24549 11832 16584 2251 41375 37099 5096 13234 36634 17007 10763 10036 37571 36543 6045 14333 4276
is_linear=0
shrinkage=0.05


Tree=87
num_leaves=31
num_cat=0
split_feature=2 2 2 8 0 5 8 0 0 8 2 4 5 3 8 8 8 0 8 4 4 2 4 4 0 6 8 7 4 8
split_gain=3155.16 1388.87 443.813 369.407 240.884 203.137 130.951 127.397 108.085 106.387 84.2982 84.1298 82.9512 74.35 67.1264 65.4778 59.9532 47.197 50.9017 46.925 52.9407 37.4365 36.1369 35.5183 34.1896 33.0951 32.9215 30.6379 30.5277 28.0211
threshold=1.0000000180025095e-35 -1.0000000180025095e-35 1.5000000000000002 -66.618366241455064 49.500000000000007 -2.4999999999999996 167.39929962158206 77.500000000000014 68.500000000000014 235.95204162597659 -1.4999999999999998 0.30641973018646246 7.5000000000000009 1.0000000180025095e-35 87.607540130615249 -0.54526796936988819 -165.65875244140622 57.500000000000007 -254.63584899902341 0.065213490277528777 -0.21303790062665937 2.5000000000000004 -0.96003133058547963 0.32175916433334356 69.500000000000014 1.5000000000000002 77.415805816650405 0.45005542039871221 0.90228471159935009 -123.1350631713867
decision_type=2 2 2 2 2 2 2 2 2 2 2 2 2 2 2 2 2 2 2 2 2 2 2 2 2 2 2 2 2 2
left_child=1 4 7 12 10 19 8 9 -7 13 -1 -8 17 16 22 21 -2 18 -3 20 -5 23 -12 -4 26 -11 -6 -27 -25 -19
right_child=2 3 15 5 24 6 11 -9 -10 25 14 -13 -14 -15 -16 -17 -18 29 -20 -21 -22 -23 -24 28 -26 27 -28 -29 -30 -31
leaf_value=-0.033433669899121075 -0.0029264762092885096 -0.020033391612762935 0.031245258324624936 -0.015652630038844772 -0.029580817355250096 0.00062756885992679124 0.015940939610858147 0.024685608850915145 -0.011145876899742418 0.033872404698173257 -0.033889305697741394 -0.0010854199461054533 0.017792044813438448 -0.020256275786176503 0.0018783406966384293 0.034237715473432809 0.01054065637239391 -0.017044059404819342 -0.0094225439531245049 -0.032579407247034647 -0.00025484814910870331 0.037454076101529392 -0.014739888924359935 0.0025193681799343401 -0.035820230934970394 0.021036565027613127 -0.01198022472442912 -0.010857377375449839 0.021874618182563629 -0.032904151108180173
leaf_weight=614.84855102747679 910.89221462607384 1574.7176701277494 312.42885653674603 1838.1439193487167 2288.7183973416686 19660.44006472826 2152.9994202554226 1789.6362599134445 2158.8916645497084 530.65227818489075 265.07218961417675 1092.0537785291672 202.72213783860207 213.56274205446243 598.05001935362816 3268.1143220216036 8709.559026569128 735.25862474739552 4053.0139463990927 275.36635032296181 800.99400721490383 281.77175983786583 3346.9779134392738 446.2804901599884 2620.864095017314 525.70210576057434 311.16909992694855 84.569856017827988 372.13548889756203 469.82457831501961
leaf_count=4077 2566 6629 1182 6261 13245 54519 7205 6983 7400 2500 1403 3395 645 637 1706 20720 28470 3219 13419 937 2465 1484 14128 1653 16562 2584 1166 411 1545 1807
internal_value=-0.000888456 -0.00787824 0.0171628 -0.00317497 -0.0242618 -0.000598805 0.000854936 0.0123251 -0.000539629 0.0102992 -0.0161806 0.0102182 -0.0134122 0.00861362 -0.0136243 0.0303281 0.00926469 -0.0143503 -0.0124068 -0.0130809 -0.0109886 0.0211944 -0.0161901 0.016996 -0.0317078 0.0247272 -0.0275013 0.0165645 0.0113996 -0.0233378
internal_weight=62505.4 45060.1 17445.3 35014.4 10045.7 27978.9 25064.4 12764.6 21819.3 10974.9 4824.95 3245.05 7035.54 9834.01 4210.1 4680.73 9620.45 6832.81 5627.73 2914.5 2639.14 1412.62 3612.05 1130.84 5220.75 1140.92 2599.89 610.272 818.416 1205.08
internal_count=230923 160188 70735 107901 52287 82182 72519 44151 61919 37168 21314 10600 25719 31673 17237 26584 31036 25074 20048 9663 8726 5864 15531 4380 30973 5495 14411 2995 3198 5026
is_linear=0
shrinkage=0.05


Tree=88
num_leaves=31
num_cat=0
split_feature=2 2 0 2 2 0 2 2 5 7 0 0 9 3 0 0 4 4 7 7 5 4 6 7 4 7 7 4 7 7
split_gain=506.01 372.464 152.66 240.317 208.862 191.62 70.9629 61.1506 47.8801 43.4645 38.5942 38.4842 36.7895 36.0869 33.2911 31.638 33.5748 37.4673 52.1194 31.5838 29.0777 20.4372 44.4833 21.4014 19.3593 15.8354 14.8892 13.5643 10.1656 9.00113
threshold=1.5000000000000002 -1.4999999999999998 30.500000000000004 1.0000000180025095e-35 -1.0000000180025095e-35 71.500000000000014 2.5000000000000004 -2.4999999999999996 1.5000000000000002 -0.059445491060614579 84.500000000000014 63.500000000000007 1.0000000180025095e-35 1.0000000180025095e-35 11.500000000000002 77.500000000000014 0.92036446928977977 0.59445485472679149 0.034276813268661506 -0.22460715472698209 -3.4999999999999996 -1.2748202681541441 -3.4999999999999996 -0.14879922568798062 0.082730781286954894 0.29485858976840978 -0.29494744539260859 0.11292904242873193 -0.19144360721111295 0.32552005350589758
decision_type=2 2 2 2 2 2 2 2 2 2 2 2 2 2 2 2 2 2 2 2 2 2 2 2 2 2 2 2 2 2
left_child=1 7 8 4 9 -6 15 -1 14 -4 13 21 19 -5 24 16 17 26 -19 -10 -16 22 -9 -23 -3 -13 -2 -14 -18 -30
right_child=6 2 3 10 5 -7 -8 11 12 -11 -12 25 27 -15 20 -17 28 18 -20 -21 -22 23 -24 -25 -26 -27 -28 -29 29 -31
leaf_value=-0.035033167856984376 0.012429298093392899 -0.0017460911923970611 -0.0058503781813366148 -0.0023453149082271192 0.0078752612999697623 0.02001278675287408 -0.033840360568759158 -0.017418126851669723 0.01270868107647493 0.0031259405604812333 -0.015798261583874901 -0.027079031406896943 -0.0021546774929578376 0.019502425374717098 -0.0051030399517314863 -0.028158080946856678 -0.003300271437693768 0.027407017446811777 -0.014535037681313458 -0.0040765243371636319 0.0046594788701026079 -0.025583618515227221 0.033303280628086566 -0.0049090631087082073 0.0079934338320866091 0.0017939584427494109 -0.016199935292391731 -0.022123593525909341 -0.027296193210105815 -0.007398727358817591
leaf_weight=476.75065466761589 47.067581683397293 6739.1158479899168 1943.444939494133 5741.5923086553812 12618.443607389927 4382.5372022092342 734.42906303331256 80.083653278648853 297.75014992803335 4375.5034809559584 518.05770651251078 483.49141293019056 112.12194062769413 190.46378029882908 847.57755375653505 356.49701488018036 69.97754729539156 166.02156545966864 126.41748852282763 3792.6099949479103 7296.7097800895572 173.81139046698809 83.459447383880615 428.41562549769878 547.03924137353897 51.937595270574093 427.78408106416464 362.78635839372873 360.71821638941765 72.692513793706894
leaf_count=5851 366 25004 9221 29755 38641 12052 10082 681 1090 17415 3185 4877 405 839 3251 3932 593 1201 1368 15329 27397 1431 622 3191 2197 458 4091 1447 4000 951
internal_value=0.00165155 0.00268929 0.00349343 0.00576271 0.00812495 0.0110091 -0.0209555 -0.0197657 0.000114279 0.000362757 -0.00277748 -0.0140591 -0.00438106 -0.001628 0.00144526 -0.0150541 -0.0112817 -0.00464447 0.00933648 -0.00284065 0.00364098 -0.00679621 0.00868616 -0.0110376 -0.00100987 -0.0242876 -0.0132622 -0.0174807 -0.0212534 -0.0240814
internal_weight=53905.3 51543.7 49765.8 29770 23319.9 17001 2361.61 1777.95 19995.7 6318.95 6450.11 1301.2 4565.27 5932.06 15430.4 1627.18 1270.68 767.291 292.439 4090.36 8144.29 765.77 163.543 602.227 7286.16 535.429 474.852 474.908 503.388 433.411
internal_count=230923 204339 187228 111108 77329 50693 26584 17111 76120 26636 33779 11260 18271 30594 57849 16502 12570 7026 2569 16419 30648 5925 1303 4622 27201 5335 4457 1852 5544 4951
is_linear=0
shrinkage=0.05


Tree=89
num_leaves=31
num_cat=0
split_feature=2 2 2 8 0 5 7 0 7 7 0 2 8 8 8 8 8 3 0 8 8 8 2 0 4 8 8 8 4 0
split_gain=3043.71 1223.03 382.741 376.823 210.543 167.229 113.707 95.1967 91.8946 80.3973 73.8619 58.6635 57.1545 147.276 48.3311 53.0986 47.0459 43.4046 37.8543 38.2495 35.3696 33.8307 33.2092 30.3566 29.9867 29.3633 30.7238 28.6701 24.2025 23.9707
threshold=-1.0000000180025095e-35 1.0000000180025095e-35 -1.4999999999999998 19.12481784820557 48.500000000000007 2.5000000000000004 0.05224552936851979 73.500000000000014 0.13819234073162082 -0.053878191858530038 75.500000000000014 1.5000000000000002 -46.97898864746093 -27.185948371887203 -17.583825111389157 -43.726846694946282 -254.63584899902341 1.0000000180025095e-35 72.500000000000014 75.15427398681642 -109.72359466552733 -177.2028884887695 -2.4999999999999996 68.500000000000014 1.0666885375976565 -4.0424249172210684 12.684393882751467 348.21440124511724 -1.1341271996498106 65.500000000000014
decision_type=2 2 2 2 2 2 2 2 2 2 2 2 2 2 2 2 2 2 2 2 2 2 2 2 2 2 2 2 2 2
left_child=2 3 22 5 8 6 10 9 11 -4 -2 24 20 -14 15 -11 29 18 19 -5 -7 -8 -1 25 -3 -24 -27 -16 -18 -6
right_child=1 4 7 17 16 12 21 -9 -10 14 -12 -13 13 -15 27 -17 28 -19 -20 -21 -22 -23 23 -25 -26 26 -28 -29 -30 -31
leaf_value=0.039358665826090475 0.005949085401897326 -0.0065025774340836014 0.017468341697162222 -0.0074695848199794086 0.0027627440565378132 -0.0083232793300036072 0.0118156050321096 0.022957883249586707 -0.025508295390679048 0.0086104485148378856 -0.0092646391791147246 -0.029045565356066633 0.020799477274511396 -0.010827971148107116 0.0032618872925955738 0.024892282269683045 -0.0049324276208912374 0.016700974504627104 -0.022781946753492297 -0.014298121019974583 -0.023680497452857836 -0.0054316756639589941 0.029042579662549986 0.036080730838476432 -0.032756365195401219 -0.00050131667792585968 0.024364969259656963 0.024450407206571642 -0.030976212044189023 -0.02402136758964004
leaf_weight=1139.0904220491648 12792.759486272931 2675.1958957463503 3595.7533290982246 4241.4216281920671 163.91755606234074 722.08336113393307 300.8439754396677 2274.7078229337931 1391.9784120544791 1703.1146548092365 846.44598992168903 355.90559206157923 471.13977010548115 1618.1722896695137 3383.7678646892309 710.25104010105133 92.889534443616867 131.77183222770691 716.27888454496861 4008.0660754740238 793.766939625144 4097.1175175458193 1160.5359034538269 953.28882336616516 108.81689438968897 206.48144866526127 306.05222640931606 162.7661070227623 5150.215495981276 163.40626104176044
leaf_count=5851 36456 12522 10959 16488 562 2307 827 7371 10338 4862 3045 2949 1620 6007 9515 1976 454 542 3833 20734 2892 13150 5004 4373 664 814 1069 493 42519 727
internal_value=-0.000593483 -0.00776872 0.0181935 -0.00280718 -0.0228571 0.000782538 0.00274795 0.0137642 -0.0148281 0.0115648 0.00500188 -0.0100604 -0.0090409 -0.00366335 0.00799135 0.0134437 -0.02937 -0.0113426 -0.0117638 -0.0107939 -0.0164164 -0.00423979 0.0320727 0.0288439 -0.00758563 0.0246253 0.0144392 0.00426738 -0.0305199 -0.0107686
internal_weight=56438 40842.2 15595.8 30739.9 10102.3 21642.3 18037.2 11830.4 4531.9 9555.65 13639.2 3139.92 3605.16 2089.31 5959.9 2413.37 5570.43 9097.54 8965.77 8249.49 1515.85 4397.96 3765.45 2626.36 2784.01 1673.07 512.534 3546.53 5243.11 327.324
internal_count=230923 178636 52287 107901 70735 66304 53478 35176 26473 27805 39501 16135 12826 7627 16846 6838 44262 41597 41055 37222 5199 13977 17111 11260 13186 6887 1883 10008 42973 1289
is_linear=0
shrinkage=0.05


Tree=90
num_leaves=31
num_cat=0
split_feature=2 2 2 8 0 5 4 0 8 2 8 5 8 8 8 8 0 8 4 8 4 4 9 2 4 4 0 8 8 8
split_gain=2882.52 1249.42 431.458 359.74 243.975 171.788 133.473 122.699 121.653 104.527 100.669 85.7815 75.9885 73.3751 69.1703 61.7881 46.2756 48.9144 43.3066 40.2517 43.7514 39.6803 35.6328 34.4269 31.8454 62.6716 25.2102 24.9384 22.6517 19.6779
threshold=1.0000000180025095e-35 -1.0000000180025095e-35 1.5000000000000002 -66.618366241455064 54.500000000000007 -3.4999999999999996 -0.61825299263000477 79.500000000000014 167.39929962158206 -1.4999999999999998 16.161653518676761 6.5000000000000009 28.580967903137211 87.607540130615249 46.760663986206062 -0.54526796936988819 61.500000000000007 -254.63584899902341 -1.3821108937263487 -361.24395751953119 -0.8471737504005431 0.46918581426143652 1.0000000180025095e-35 2.5000000000000004 0.59445485472679149 0.866277575492859 70.500000000000014 77.415805816650405 -119.05458450317381 -349.79296874999994
decision_type=2 2 2 2 2 2 2 2 2 2 2 2 2 2 2 2 2 2 2 2 2 2 2 2 2 2 2 2 2 2
left_child=1 4 7 11 9 18 -7 10 -8 -1 19 16 -12 21 -14 23 17 -3 -5 -2 -21 -11 -20 24 -4 -26 27 -6 -13 -18
right_child=2 3 15 5 26 6 8 -9 -10 13 12 28 14 -15 -16 -17 29 -19 22 20 -22 -23 -24 -25 25 -27 -28 -29 -30 -31
leaf_value=-0.033550780868108698 -0.015148622404641996 -0.020162390797741247 0.025970832543483719 0.010189184210904612 -0.029845507107786509 -0.023095558592228754 -0.00033054638142720924 0.025423717358124816 0.009996633223554801 -0.01720660138680942 0.033309467102452521 0.025833151770868864 -0.0010222225923937507 0.0018597591865059816 0.015858192165680591 0.033802240632579826 -0.0049530841422935935 -0.0098415419055852878 -0.013297308385406569 -0.015526422107345195 0.0073420015302064368 0.0043732726114614354 -0.03015633651304327 0.036830777417521152 -0.01254194470018706 0.021041421326250583 -0.03571982764589221 -0.01213287348412471 -0.0018611382280699974 -0.027338795732404886
leaf_weight=745.80554415285587 218.03679358959198 1602.4681706875563 504.5221112370491 151.42064660787582 1774.5448159351945 583.07231518626213 22150.7119936198 1464.2965002506971 3267.9798802733421 3735.977865383029 520.50649540126324 155.12539607286453 721.7448882162571 673.08908927440643 3788.4763260036707 3116.1792185008526 113.95383001863956 4106.4021780490875 1312.318228200078 212.55298805236816 5695.3237961232662 223.96263992786407 415.48911167681217 269.74017338454723 215.03335078060627 374.34535595774651 2375.0939712002873 234.4081179946661 135.84354954957962 836.58995945751667
leaf_count=5233 658 6864 1968 601 10780 1970 62861 5853 10734 16765 2120 493 2410 1946 15555 20715 550 13722 4488 590 16924 836 1452 1487 767 1590 15767 916 436 3596
internal_value=-0.00087957 -0.00757223 0.0165702 -0.00313999 -0.0233756 -0.000602093 0.000454245 0.0118304 0.000998883 -0.0162147 0.0100357 -0.0133128 0.0152747 -0.0133908 0.0131588 0.0298957 -0.0144754 -0.0127537 -0.0151804 0.00572431 0.00650681 -0.0159821 -0.0174267 0.0208776 0.0167941 0.00878618 -0.0321329 -0.027814 0.0130906 -0.0246951
internal_weight=61695 44594.3 17100.8 34831.4 9762.88 27881 26001.8 12620.9 25418.7 5378.84 11156.6 6950.38 5030.73 4633.03 4510.22 4479.82 6659.41 5708.87 1879.23 6125.91 5907.88 3959.94 1727.81 1363.64 1093.9 589.379 4384.05 2008.95 290.969 950.544
internal_count=230647 160010 70637 107767 52243 82106 75565 44110 73595 24780 38257 25661 20085 19547 17965 26527 24732 20586 6541 18172 17514 17601 5940 5812 4325 2357 27463 11696 929 4146
is_linear=0
shrinkage=0.05


Tree=91
num_leaves=31
num_cat=0
split_feature=2 2 8 0 2 2 8 8 8 2 8 8 8 8 4 2 0 8 9 6 4 4 8 4 8 6 2 4 8 8
split_gain=465.145 329.801 140.668 118.326 188.768 166.811 83.7418 70.2706 157.333 62.5682 53.5539 50.2172 49.2368 37.0066 33.7822 33.6061 31.1174 37.1017 30.2453 29.1341 24.7325 55.7304 40.299 24.5326 24.1131 22.9921 15.4136 14.2484 13.2332 19.4868
threshold=1.5000000000000002 -1.4999999999999998 247.85845947265628 32.500000000000007 1.0000000180025095e-35 -1.0000000180025095e-35 -0.54526796936988819 369.94026184082037 384.61386108398443 -2.4999999999999996 352.43107604980474 196.6261901855469 303.84550476074224 -1.0000000180025095e-35 -1.2748202681541441 2.5000000000000004 57.500000000000007 -53.472444534301751 1.0000000180025095e-35 1.5000000000000002 0.52287265658378612 0.90228471159935009 -27.185948371887203 0.12249021604657175 -130.9697570800781 1.0000000180025095e-35 2.5000000000000004 -0.26304748654365534 -109.72359466552733 -30.148659706115719
decision_type=2 2 2 2 2 2 2 2 2 2 2 2 2 2 2 2 2 2 2 2 2 2 2 2 2 2 2 2 2 2
left_child=1 9 3 18 5 -5 15 10 -9 -1 12 -6 -4 16 -15 20 17 -11 24 -10 28 22 -22 -20 -3 -16 27 -8 -2 -30
right_child=6 2 7 4 11 -7 26 8 19 13 -12 -13 -14 14 25 -17 -18 -19 23 -21 21 -23 -24 -25 -26 -27 -28 -29 29 -31
leaf_value=-0.034878317633081551 0.0031918372503509972 -0.0022241211681789121 -0.02300091757217522 0.0010608482836050699 -0.0028611314430550083 0.010901416982234081 0.002916214705502788 0.038596417955276519 -0.0219069706785791 -0.00099638085492940315 -0.037560878637074309 0.022718848745546524 -0.0018592345090094867 0.033980388422857132 -0.013427304073039915 -0.030850444252069016 -0.028962481513160249 -0.03370905347683574 -0.0013963933633432811 0.0027731277696024913 0.0049558792144116905 -0.01219896088814443 0.051142449198667152 -0.013244178184103046 0.0026047675346745651 0.016505635314626257 -0.034067685985238572 -0.024628857036806364 -0.035479652106448475 -0.0022826483524121181
leaf_weight=450.15836611390114 71.027582943439484 3136.7150737047195 497.54917850345373 5924.6337658315897 5546.8486065417528 15774.11765691638 48.614075168967247 214.34739477187395 298.67098273336887 327.68687045574188 235.20618493855 193.76315353065729 611.39462247490883 55.172364078462124 271.00851711630821 121.63589719682932 406.01326754689217 113.00671365857124 1840.2471123039722 195.56724304705858 115.22015264630318 220.94173455238342 76.491019986569881 568.56850016117096 14611.101520627737 78.979392647743225 575.90921126306057 851.34676832333207 104.4063970670104 75.401030920445919
leaf_count=5866 492 12517 3829 25177 27452 46058 498 1087 1831 2652 1689 1209 3834 415 1971 1487 4624 950 6566 1200 647 1521 384 2280 52366 547 8657 11560 762 519
internal_value=0.00167259 0.00265064 0.00339329 0.00394629 0.00608272 0.00821541 -0.0204973 -0.00940731 0.00332085 -0.0189591 -0.0161046 -0.00197871 -0.0114055 -0.0131188 -0.000671047 -0.00724208 -0.0190363 -0.00966892 0.00103716 -0.0122112 -0.00271563 0.00480589 0.0242154 -0.00421454 0.00175093 -0.0065352 -0.0275005 -0.023133 -0.0149415 -0.0219971
internal_weight=53611.8 51350.8 49648.7 47596 27439.4 21698.8 2260.99 2052.74 708.586 1702.03 1344.15 5740.61 1108.94 1251.87 405.16 785.124 846.707 440.694 20156.6 494.238 663.488 412.653 191.711 2408.82 17747.8 349.988 1475.87 899.961 250.835 179.807
internal_count=230647 204120 187095 173625 99896 71235 26527 13470 4118 17025 9352 28661 7663 11159 2933 5812 8226 3602 73729 3031 4325 2552 1031 8846 64883 2518 20715 12058 1773 1281
is_linear=0
shrinkage=0.05


Tree=92
num_leaves=31
num_cat=0
split_feature=2 2 2 7 0 2 0 7 3 0 3 7 3 7 5 7 0 6 2 3 0 4 5 0 5 0 3 7 7 7
split_gain=2688.21 1167.05 375.359 298.821 205.512 119.444 111.924 102.42 97.0614 103.295 86.7277 67.1072 64.6448 64.1446 56.04 47.6507 36.0916 35.7892 34.7476 34.4422 29.0245 23.8209 22.4083 18.807 14.8237 19.1285 12.1978 12.0312 10.0253 8.18812
threshold=-1.0000000180025095e-35 1.0000000180025095e-35 -1.4999999999999998 0.021666238084435466 59.500000000000007 1.5000000000000002 73.500000000000014 -0.20562063902616498 -1.0000000180025095e-35 77.500000000000014 1.0000000180025095e-35 0.059720875695347793 -1.0000000180025095e-35 -0.053878191858530038 1.0000000180025095e-35 0.25946734845638281 45.500000000000007 2.5000000000000004 -2.4999999999999996 1.0000000180025095e-35 69.500000000000014 -0.12474700435996054 4.5000000000000009 84.500000000000014 1.5000000000000002 69.500000000000014 1.0000000180025095e-35 -0.29494744539260859 -0.14262857288122174 -0.091420657932758317
decision_type=2 2 2 2 2 2 2 2 2 2 2 2 2 2 2 2 2 2 2 2 2 2 2 2 2 2 2 2 2 2
left_child=2 3 18 6 5 10 7 14 -4 13 11 -3 -5 22 -2 17 -15 -14 -1 -9 29 -17 -10 27 25 28 -27 -8 -6 -20
right_child=1 4 8 12 24 -7 23 19 9 -11 -12 -13 15 16 -16 21 -18 -19 20 -21 -22 -23 -24 -25 -26 26 -28 -29 -30 -31
leaf_value=0.038910357958970743 0.010608292767231126 -0.0094972564587749494 -0.022898768862256128 -0.031237599179546223 -0.011774392317917074 -0.031880930696679376 0.0026068022326647092 -0.00061878531547912476 0.017549143086084795 0.025107798351509843 0.037852928569903944 -0.021755632064807493 -0.0048779581211679367 0.0044970829038714268 -0.00063395350751470532 -0.023199335929980153 0.012110296156268146 -0.016873866940077666 0.028374092553296683 0.024219570984273672 0.03551720181963771 -0.010964942472255752 -0.0010430435837889196 -0.020282197808488982 -0.033971132717932499 -0.032889771073116074 -0.0098136719446959841 -0.010801501316737466 -0.025753846026024863 0.020761791953533497
leaf_weight=1084.4750233441591 4686.890761718154 3014.7189974337816 182.72962781786919 295.43030475080013 254.26843502372503 1039.9144032523036 213.40625660121441 9773.0986990630627 3536.9439133554697 1620.0622657984495 77.124338403344154 1783.0059893280268 8376.4764677733183 3061.5333817303181 1450.6818159669638 453.42532116174698 3181.8971954882145 667.9337620139122 671.34612812101841 136.5892244130373 857.1569352298975 3331.048362404108 169.26513555645943 445.51340137422085 2341.5714543238282 938.82204124331474 66.527890503406525 741.87340174615383 288.99109323322773 988.87409108877182
leaf_count=5866 13335 14377 563 1367 1477 10108 732 31263 10974 5448 373 12190 31516 8692 4352 1858 9062 3183 3011 433 4106 14952 479 1909 22592 7022 425 2867 2073 4042
internal_value=-0.000635297 -0.007407 0.0171689 -0.00259164 -0.0224126 -0.016518 0.0016956 0.00287989 0.0128314 0.0134053 -0.0132114 -0.0140708 -0.00828977 0.0114882 0.00795271 -0.00774935 0.00838366 -0.0057727 0.0312845 -0.000264387 0.0279287 -0.0124594 0.0166998 -0.0118335 -0.0313423 -0.0272708 -0.0314189 -0.00780815 -0.0193779 0.0239159
internal_weight=55731.6 40377.3 15354.3 30572.4 9804.94 5914.76 17448.1 16047.3 11752.4 11569.7 4874.85 4797.72 13124.3 9949.64 6137.57 12828.9 6243.43 9044.41 3601.85 9909.69 2517.38 3784.47 3706.21 1400.79 3890.18 1548.61 1005.35 955.28 543.26 1660.22
internal_count=230647 178404 52243 107767 70637 37048 54891 49383 35218 34655 26940 26567 52876 29207 17687 51509 17754 34699 17025 31696 11159 16810 11453 5508 33589 10997 7447 3599 3550 7053
is_linear=0
shrinkage=0.05


Tree=93
num_leaves=31
num_cat=0
split_feature=2 2 2 8 0 5 0 3 2 0 8 8 8 8 0 8 3 4 7 8 2 5 0 4 3 5 7 8 8 4
split_gain=2578.21 1209.5 406.441 333.284 240.296 153.631 119.471 103.13 101.599 93.8439 93.7946 90.873 84.8861 79.0872 72.3348 67.3722 62.7319 58.3518 56.0243 42.467 39.2374 36.8186 34.6036 35.1604 31.5049 27.4269 29.8178 22.4546 21.3527 18.8565
threshold=1.0000000180025095e-35 -1.0000000180025095e-35 1.5000000000000002 -25.19881439208984 55.500000000000007 -4.4999999999999991 75.500000000000014 -1.0000000180025095e-35 -1.4999999999999998 48.500000000000007 235.95204162597659 58.475917816162116 -254.63584899902341 95.022144317626967 59.500000000000007 -0.54526796936988819 1.0000000180025095e-35 -0.44381769001483912 -0.062005056068301194 -322.24613952636713 2.5000000000000004 -2.4999999999999996 77.500000000000014 0.59445485472679149 1.0000000180025095e-35 6.5000000000000009 0.31212031841278082 369.94026184082037 96.730762481689467 -0.2908474057912826
decision_type=2 2 2 2 2 2 2 2 2 2 2 2 2 2 2 2 2 2 2 2 2 2 2 2 2 2 2 2 2 2
left_child=1 4 6 7 8 -5 10 -3 -1 11 16 -7 19 21 -14 20 18 -11 -2 -9 22 -10 23 -4 -8 27 -27 -12 -6 -15
right_child=2 3 15 5 28 9 24 12 13 17 25 -13 14 29 -16 -17 -18 -19 -20 -21 -22 -23 -24 -25 -26 26 -28 -29 -30 -31
leaf_value=-0.033079136849769507 0.0037226681767310249 0.022411502719277859 0.021898732368612044 -0.019509208163843633 -0.033315916079769685 0.0002812546277470098 0.023978119924790223 -0.014177047251426975 -0.024015043686919292 -0.021786282575156132 0.032537324881660799 0.0078510887040071954 -0.0066799759377149147 0.015434859919310302 -0.018274337545231067 0.033249637034356669 -0.020399035748648188 -0.0028280093574577412 0.011566327187185463 -0.029906873080100572 0.037115305828750146 -0.013101677162967408 0.031765384234927509 0.0013674756105520674 -0.0026754663393133643 0.024135917019315847 -0.0095661010435295329 0.012843624116711133 -0.019933184684475552 -0.0028608016343702586
leaf_weight=758.54001280665398 4174.004842787981 238.33257883787155 367.66865366697311 912.89534088969231 3757.0303765237331 10242.832256108522 1863.6673352867365 1112.5606725364923 1064.3591700792313 437.84323638677597 597.20487409830093 6463.648976162076 8019.8398096263409 192.53613089025021 1615.1378399580717 2948.4061711505055 193.87109291553497 4896.5670936852694 5021.0080641210079 713.85671405494213 255.61029475927353 2927.6972545534372 243.36813285946846 475.0715264081955 116.85094854235649 136.76056025922298 118.32603244483471 202.88793675601482 353.07653553783894 486.65918679535389
leaf_count=5563 12655 785 1422 3239 25299 27980 7628 4867 5594 1557 3022 19377 25271 563 6348 20605 576 14941 17356 3207 1481 12442 1126 1827 385 718 607 967 1489 1404
internal_value=-0.000982438 -0.00730891 0.0157418 -0.00296754 -0.0230691 0.000533617 0.0111524 -0.00983378 -0.0161402 0.00136799 0.00900929 0.00321146 -0.0105138 -0.0133572 -0.00863204 0.0290048 0.00741256 -0.00440303 0.00800972 -0.0203899 0.0195881 -0.0160378 0.0153119 0.0104011 0.0224028 0.0231149 0.00861933 0.0276542 -0.0321919 0.00240049
internal_weight=60908.1 44193.4 16714.7 34653.5 9539.9 22953.8 12424.6 11699.7 5429.79 22040.9 10444.1 16706.5 11461.4 4671.25 9634.98 4290.12 9388.88 5334.41 9195.01 1826.42 1341.72 3992.06 1086.11 842.74 1980.52 1055.18 255.087 800.093 4110.11 679.195
internal_count=230301 159926 70375 107572 52354 67094 43914 40478 25566 63855 35901 47357 39693 20003 31619 26461 30587 16498 30011 8074 5856 18036 4375 3249 8013 5314 1325 3989 26788 1967
is_linear=0
shrinkage=0.05


Tree=94
num_leaves=31
num_cat=0
split_feature=2 2 8 9 4 8 0 2 8 8 8 8 2 8 8 8 2 6 0 8 8 0 8 4 4 0 4 4 2 5
split_gain=404.789 291.844 126.45 104.29 150.597 168.311 97.3241 142.265 87.3391 76.5814 140.475 72.751 63.8305 53.1415 56.4124 45.779 38.8688 30.5599 30.1219 36.7828 28.7395 26.948 34.8329 32.4791 22.3315 18.7085 16.9037 16.8931 10.8099 15.1258
threshold=1.5000000000000002 -1.4999999999999998 247.85845947265628 1.0000000180025095e-35 -0.027575368992984291 -56.345481872558587 32.500000000000007 1.0000000180025095e-35 -0.54526796936988819 369.94026184082037 384.61386108398443 -37.716585159301751 -2.4999999999999996 352.43107604980474 303.84550476074224 -1.0000000180025095e-35 2.5000000000000004 1.5000000000000002 56.500000000000007 -53.472444534301751 -130.9697570800781 77.500000000000014 -68.484180450439439 0.52287265658378612 -1.2260485291481016 79.500000000000014 0.1072625480592251 -0.26304748654365534 2.5000000000000004 10.500000000000002
decision_type=2 2 2 2 2 2 2 2 2 2 2 2 2 2 2 2 2 2 2 2 2 2 2 2 2 2 2 2 2 2
left_child=1 12 3 6 11 -6 20 -8 16 13 26 -5 -1 14 -4 18 21 -12 19 -14 -3 22 -2 -24 -17 -26 -11 -10 29 -29
right_child=8 2 9 4 5 -7 7 -9 27 10 17 -13 15 -15 -16 24 -18 -19 -20 -21 -22 -23 23 -25 25 -27 -28 28 -30 -31
leaf_value=-0.034728745557393678 -0.01227387759756093 -0.0024260181738458499 -0.023795591397794958 -0.012638993947030728 0.045558466224160155 -0.011838275850035589 0.0087822565822349655 -0.00063254317194964078 0.00070354113985307673 0.050962757828497657 -0.020769618764377908 0.010889393164348747 -0.00056967819703304223 -0.0373367997070344 -0.0010489000359713107 0.028635374866687442 -0.032133273930958904 0.0049989086901462603 -0.028496420145213905 -0.033876243763265063 0.0028490666952758472 -0.020798145679709227 -0.010522889299858625 0.023656261196980808 0.0020629929417181748 -0.028545801387689192 0.021465304463352056 -0.02657810848063559 -0.03369958410292153 -0.0060396980960767616
leaf_weight=421.10406893864274 201.22442793101072 3131.3161765486002 486.09783759713173 388.86865502595901 128.31142970919609 3123.2585464268923 19022.414215862751 5083.9672360122204 53.370936848223209 111.92866656184196 286.64802839607 1992.260614618659 315.92955396324396 232.96984335780144 613.63661638647318 60.043762467801571 114.56695442646742 187.33367355912924 405.27364794164896 107.46668716520071 14625.869347691536 133.64172175526619 94.395413517951965 235.34601449966431 280.97261261940002 55.564883515238762 104.28397515416145 702.66564226523042 532.00069719180465 106.58806724473834
leaf_count=5826 1345 12525 3832 1325 405 11973 62506 25193 567 518 1793 7016 2592 1729 3864 451 1481 1173 4800 939 52351 1126 641 1263 1992 476 561 9905 8503 1630
internal_value=0.00175927 0.00265782 0.00334706 0.00386877 -0.00251678 -0.00950685 0.00472813 0.00679698 -0.0193478 -0.00888162 0.00461578 0.00702848 -0.0180207 -0.0158629 -0.0111654 -0.0121605 -0.0058877 -0.0106392 -0.0188133 -0.00932029 0.00191843 -0.00115725 0.00393418 0.0138607 0.00180197 -0.00333467 0.0375423 -0.02682 -0.0279138 -0.0239267
internal_weight=53339.3 51165.5 49519.2 47496.3 5632.7 3251.57 41863.6 24106.4 2173.8 2022.9 690.194 2381.13 1646.36 1332.7 1099.73 1225.25 779.175 473.982 828.67 423.396 17757.2 664.608 530.966 329.741 396.581 336.537 216.213 1394.63 1341.25 809.254
internal_count=230301 203840 186764 173294 20719 12378 152575 87699 26461 13470 4045 8341 17076 9425 7696 11250 5856 2966 8331 3531 64876 4375 3249 1904 2919 2468 1079 20605 20038 11535
is_linear=0
shrinkage=0.05


Tree=95
num_leaves=31
num_cat=0
split_feature=2 2 2 7 0 0 2 0 7 7 7 3 5 2 5 6 0 4 3 0 0 5 0 0 4 5 4 6 6 6
split_gain=2506.14 1061.36 346.337 281.395 202.506 118.25 101.257 93.4148 76.754 73.6985 65.9931 46.8376 46.1454 35.6199 34.1288 33.193 31.4099 30.5494 28.1479 27.6567 27.5049 34.1149 25.4862 23.1103 22.04 20.9305 19.3224 18.8406 18.8395 16.1646
threshold=-1.0000000180025095e-35 1.0000000180025095e-35 -1.4999999999999998 0.041872641071677215 54.500000000000007 65.500000000000014 1.5000000000000002 74.500000000000014 -0.19859391450881955 -0.026292745955288407 0.049706598743796356 -1.0000000180025095e-35 -3.4999999999999996 -2.4999999999999996 5.5000000000000009 -1.4999999999999998 21.500000000000004 0.43111152946949011 1.0000000180025095e-35 57.500000000000007 73.500000000000014 1.5000000000000002 84.500000000000014 46.500000000000007 1.0666885375976565 4.5000000000000009 -0.96003133058547963 -1.4999999999999998 -4.4999999999999991 1.0000000180025095e-35
decision_type=2 2 2 2 2 2 2 2 2 2 2 2 2 2 2 2 2 2 2 2 2 2 2 2 2 2 2 2 2 2
left_child=2 3 13 5 6 8 10 9 12 25 24 -5 -2 -1 15 -13 -10 -16 22 -15 21 -6 -7 27 -3 28 -25 -11 -4 -12
right_child=1 4 7 11 20 18 -8 -9 16 23 29 14 -14 19 17 -17 -18 -19 -20 -21 -22 -23 -24 26 -26 -27 -28 -29 -30 -31
leaf_value=0.038499549041712475 0.016619999840444318 -0.0061768626369611331 -0.0017179709716042932 -0.028918902893951322 -0.018732901014639199 -0.0080644178756754288 -0.031347228851289669 0.022145329244201369 0.00298224123611604 0.010372782272192512 -0.029638171921481812 -0.017533331748695979 0.0052299578828109393 0.021249140751908903 -0.025848965760459953 -0.0062777500846996209 -0.0026477458351265581 -0.010303432069455453 0.0085430562567241266 0.032148093372970081 -0.034185790249954488 -0.031135081121567282 -0.02191265772522278 -0.0015278151986548299 -0.029197140799237648 -0.00041255352799621567 0.011662265367831463 0.0013085437368549164 0.017143920731220046 -0.017198656114458082
leaf_weight=1022.2369720637798 1083.9928009361029 2567.383960776031 136.43944838643074 271.71644853055477 992.73580795526505 1817.1240949481726 802.11772665381432 2082.0584322959185 4892.9321232438087 774.20400156080723 339.51201113313437 700.02101743221283 4904.4969249516726 1142.3106482177973 457.97732040286064 9635.2029990702868 5007.9053164720535 1039.1228671967983 205.60061740875244 1311.1714680045843 1986.2838929742575 1359.5396340414882 405.74424308538437 313.23297020792961 103.87452661246061 192.74681341648102 2367.4146832227707 2176.3223839104176 3664.4801336079836 1328.9390555620193
leaf_count=5826 3007 11879 468 1288 6636 6495 8066 6988 15526 2214 2139 2449 14206 4808 2142 38248 16395 5288 735 6442 18804 12885 1793 953 648 543 6636 6171 11305 9318
internal_value=-0.000617236 -0.00719582 0.0166689 -0.00264222 -0.0217989 0.00126693 -0.015062 0.0125447 0.00283808 0.0104574 -0.0120194 -0.00855625 0.00730385 0.0305224 -0.00807663 -0.00704822 0.00013466 -0.0151292 -0.00899773 0.0271272 -0.0297565 -0.0259518 -0.0106357 0.00676317 -0.0071249 0.0156514 0.010121 0.00370048 0.0164655 -0.019811
internal_weight=55084.8 39902.2 15182.6 30421.8 9480.39 18317.8 5141.83 11706.9 15889.3 9624.84 4339.71 12104 5988.49 3475.72 11832.3 10335.2 9900.84 1497.1 2428.47 2453.48 4338.56 2352.28 2222.87 5631.17 2671.26 3993.67 2680.65 2950.53 3800.92 1668.45
internal_count=230301 177947 52354 107572 70375 58157 32050 35278 49134 28290 23984 49415 17213 17076 48127 40697 31921 7430 9023 11250 38325 19521 8288 15974 12527 12316 7589 8385 11773 11457
is_linear=0
shrinkage=0.05


Tree=96
num_leaves=31
num_cat=0
split_feature=2 2 2 8 0 0 7 0 2 8 7 5 8 8 8 0 3 4 3 8 8 0 8 8 5 8 8 8 8 4
split_gain=2376.55 1116.74 387.746 320.502 228.311 150.4 136.509 108.428 103.323 96.4684 94.0996 83.4684 67.0454 59.481 49.6181 42.4491 39.967 39.1885 37.953 34.377 33.4298 32.4388 30.5418 28.5098 27.8995 26.5123 26.2161 24.5489 23.5339 23.1494
threshold=1.0000000180025095e-35 -1.0000000180025095e-35 1.5000000000000002 -66.618366241455064 57.500000000000007 65.500000000000014 0.14355833828449252 62.500000000000007 -1.4999999999999998 58.475917816162116 0.077888179570436492 6.5000000000000009 87.607540130615249 -0.54526796936988819 184.21182250976565 60.500000000000007 -1.0000000180025095e-35 -0.93012794852256764 1.0000000180025095e-35 -170.74105834960935 201.82788085937503 62.500000000000007 -361.24395751953119 -165.65875244140622 4.5000000000000009 -109.72359466552733 -8.0015263557434064 -20.352562904357907 96.730762481689467 0.60499006509780895
decision_type=2 2 2 2 2 2 2 2 2 2 2 2 2 2 2 2 2 2 2 2 2 2 2 2 2 2 2 2 2 2
left_child=1 4 7 11 8 6 9 10 -1 -5 14 15 17 21 22 19 -7 -10 23 -3 -8 29 -2 -9 -18 -13 27 -12 -6 -4
right_child=2 3 13 5 28 16 20 18 12 -11 26 25 -14 -15 -16 -17 24 -19 -20 -21 -22 -23 -24 -25 -26 -27 -28 -29 -30 -31
leaf_value=-0.032674510964560602 -0.018343063321848745 -0.016641789496558625 0.022368311506071624 -0.0041623566045885015 -0.033241275162945082 0.011071178668585938 0.0042593237915262211 0.0045203651884137127 -0.031345301683532126 0.0054614557021618161 0.010643803096738102 0.026124745415343032 0.00097183193980923026 0.032593396679829183 0.025472039357413784 -0.023458822571313001 -0.015184524730015843 -0.014083498201605994 -0.003292878159286135 -0.0086591952729536993 0.01198757123405802 0.027010832075573001 0.0031804528046243431 0.020111916537350574 -0.0057011120408412656 -0.0037782381660206883 0.016669052071582632 -0.0135135406077812 -0.018675152997200965 0.0027699629453767378
leaf_weight=791.42090493440628 165.64104536175728 2363.7860127687454 256.77185623347759 11698.552134186029 3396.4280852451921 204.2918094098568 7449.1380344629288 324.26358896493912 360.71238097548485 3344.4437215924263 408.1686127781868 166.51272960007191 712.09601452946663 2833.6322039738297 240.68789295852184 964.29810613393784 2011.8922864943743 3705.4871363937855 204.11143012344837 3189.23723295331 1721.8370883613825 682.08889074623585 4882.3944969326258 3426.0884964615107 1274.6392068117857 128.56559406220913 2528.4228977710009 136.38659882545471 325.68725012242794 358.92069107294083
leaf_count=6063 519 10199 1000 33566 23995 665 20348 914 2127 9615 1212 522 2094 20804 1090 4319 7605 16728 659 10096 6043 3359 14936 13848 4105 418 10343 402 1417 1444
internal_value=-0.000938735 -0.00702303 0.0152643 -0.00287983 -0.0224043 -0.000489905 0.000909562 0.0108102 -0.0159731 -0.00202163 0.00757635 -0.0125917 -0.0131757 0.0285133 0.00352724 -0.013771 -0.0101847 -0.0156514 0.0176301 -0.0120691 0.00571603 0.0195139 0.00245675 0.0187717 -0.0115208 0.0132502 0.014528 0.00452557 -0.0319935 0.0110577
internal_weight=60256.6 43809 16447.6 34517.2 9291.83 27704.8 24214 12316.2 5569.72 15043 8361.7 6812.4 4778.3 4131.41 5288.72 6517.32 3490.82 4066.2 3954.46 5553.02 9170.98 1297.78 5048.04 3750.35 3286.53 295.078 3072.98 544.555 3722.12 615.693
internal_count=230455 159925 70530 107501 52424 81947 69572 43923 27012 43181 28502 25554 20949 26607 16545 24614 12375 18855 15421 20295 26391 5803 15455 14762 11710 940 11957 1614 25412 2444
is_linear=0
shrinkage=0.05


Tree=97
num_leaves=31
num_cat=0
split_feature=2 2 8 0 2 2 2 2 6 5 8 8 9 5 8 5 0 7 8 8 8 8 8 0 7 8 5 5 5 7
split_gain=371.156 264.759 113.224 96.9102 187.01 150.541 73.7052 62.6022 61.5879 73.227 54.9906 50.2899 46.8694 85.6959 57.7634 45.1639 38.2868 36.7314 36.2787 26.8914 23.8632 27.6216 26.2823 20.8265 24.8643 24.0908 19.5526 16.041 36.3913 15.8107
threshold=1.5000000000000002 -1.4999999999999998 247.85845947265628 61.500000000000007 1.0000000180025095e-35 -1.0000000180025095e-35 2.5000000000000004 -2.4999999999999996 1.5000000000000002 1.5000000000000002 196.6261901855469 -0.54526796936988819 1.0000000180025095e-35 2.5000000000000004 -130.9697570800781 1.5000000000000002 66.500000000000014 0.307909905910492 303.84550476074224 11.03136730194092 -1.0000000180025095e-35 -53.472444534301751 12.684393882751467 62.500000000000007 -0.23632527887821195 -68.484180450439439 3.5000000000000004 10.500000000000002 13.500000000000002 0.12758422642946246
decision_type=2 2 2 2 2 2 2 2 2 2 2 2 2 2 2 2 2 2 2 2 2 2 2 2 2 2 2 2 2 2
left_child=1 7 3 12 5 -5 11 -1 15 -10 -6 23 14 -14 -3 18 20 -11 -4 -18 21 -9 -22 25 -25 -2 -27 -13 -29 -21
right_child=6 2 8 4 10 -7 -8 16 9 17 -12 27 13 -15 -16 -17 19 -19 -20 29 22 -23 -24 24 -26 26 -28 28 -30 -31
leaf_value=-0.034586949020350963 -0.010731714508091007 -0.0016168711233344318 -0.026989640556338113 0.00078567985377323295 -0.0057783480294585146 0.01475927049712937 -0.033286444579425228 -0.004046658485240784 0.044767910717826348 -0.014294653641291203 0.031062765649872204 -0.023514650657495959 0.0010688115077216577 -0.016527647426602728 0.0040396933355029098 -0.027434817420189935 -0.031295593551313887 0.0085646888121611239 -0.0013413890706972719 -0.021414851618910338 0.027907659271336843 -0.029644865992256027 -0.0051986317812736738 0.010598496442469019 -0.02067220181796196 0.029035777035014546 -0.00070917522579043424 0.025851661014270846 -0.030838845265665372 0.014771681163945902
leaf_weight=396.38930420204997 131.29986786097288 5471.3316729366779 178.00951045006514 2687.0186005234718 2505.6252537220716 6818.521367251873 620.55393102392554 396.24358309060335 85.699454888701439 349.89461057633162 100.62126161158085 721.4491354227066 3343.3084616959095 867.29982071369886 25704.726928628981 474.62045511603355 307.45740032568574 343.43235692381859 561.34751510620117 52.586444169282913 93.44583048671484 139.58469277620316 150.10137392580509 85.385743372142315 217.46213647723198 120.63331574946642 98.198041200637817 52.161855131387711 51.114292167127132 58.54262388497591
leaf_count=5829 859 21193 1536 12295 13573 18778 10127 3560 581 2462 651 10512 12013 3382 91435 3108 3840 2189 3552 421 652 1347 999 618 1693 642 527 800 829 452
internal_value=0.00171593 0.00256318 0.00320992 0.00370006 0.00755967 0.0108117 -0.018869 -0.0174601 -0.00845134 0.00251464 -0.00429924 -0.0127226 0.00237815 -0.00257101 0.00304688 -0.0154698 -0.0116728 -0.00299126 -0.00765634 -0.0237805 -0.00505984 -0.0109275 0.00780969 -0.00232361 -0.0118267 0.00594694 0.0159704 -0.0208924 -0.0023345 -0.00253661
internal_weight=53184.1 51085.8 49491.5 47498.5 12111.8 9505.54 2098.26 1594.35 1993 779.026 2606.25 1477.7 35386.7 4210.61 31176.1 1213.98 1197.96 693.327 739.357 418.586 779.375 535.828 243.547 652.979 302.848 350.131 218.831 824.725 103.276 111.129
internal_count=230455 203848 186748 173320 45297 31073 26607 17100 13428 5232 14224 16480 128023 15395 112628 8196 11271 4651 5088 4713 6558 4907 1651 4339 2311 2028 1169 12141 1629 873
is_linear=0
shrinkage=0.05


Tree=98
num_leaves=31
num_cat=0
split_feature=2 2 2 8 0 8 5 2 8 0 8 8 8 8 7 8 8 0 3 8 8 8 2 4 8 0 5 8 8 8
split_gain=2224.86 1004.39 340.293 340.087 198.513 126.328 121.024 114.198 102.381 78.9422 70.9057 63.2007 62.5964 54.3561 46.2831 37.6663 41.4101 37.312 35.6154 36.2809 55.4985 44.2939 27.0687 24.1631 23.8312 19.5724 24.0741 19.1096 31.6444 17.4387
threshold=-1.0000000180025095e-35 1.0000000180025095e-35 -1.4999999999999998 19.12481784820557 58.500000000000007 17.014272689819339 2.5000000000000004 1.5000000000000002 -160.02195739746091 73.500000000000014 37.442897796630866 32.945169448852546 -46.97898864746093 30.79506874084473 0.064962290227413191 348.21440124511724 191.76314544677737 62.500000000000007 1.0000000180025095e-35 75.15427398681642 49.591728210449226 82.886116027832045 -2.4999999999999996 -0.089556563645601259 -3.1082756519317623 74.500000000000014 2.5000000000000004 -4.0424249172210684 12.074971675872805 56.387886047363288
decision_type=2 2 2 2 2 2 2 2 2 2 2 2 2 2 2 2 2 2 2 2 2 2 2 2 2 2 2 2 2 2
left_child=2 3 17 5 7 6 8 10 -2 11 13 14 -8 -3 24 16 -13 22 19 20 -5 -21 -1 -16 -4 26 -6 -24 -29 -12
right_child=1 4 9 18 25 -7 12 -9 -10 -11 29 15 -14 -15 23 -17 -18 -19 -20 21 -22 -23 27 -25 -26 -27 -28 28 -30 -31
leaf_value=0.037955736729503725 0.009005556502216806 -0.0090813994760659284 0.013105042335239628 -0.011946220949622657 -0.020557598444385466 0.037200748683417474 -0.015770064976190438 -0.031375884785872887 9.022220577290809e-05 0.020249602679845952 -0.03385605883508163 0.0017234324331068898 -0.002216103512579047 0.026711437241280802 0.0027016170859464812 0.022973859808884792 -0.023930693510502039 0.034934332198936706 0.014671012111010504 -0.030528897391343131 -0.00023779778246826584 -0.012775412256455008 0.024956499488432208 0.011999169957474172 0.022581232550618158 -0.034150783193943463 -0.032062859649758878 -0.0056417658157707062 0.022717744837691553 -0.018669435945067769
leaf_weight=293.89465893805027 4220.781863629818 3075.1631289571524 3955.4897623956203 2969.8959258198738 929.76388562470675 232.60060964524746 1476.5886022597551 915.42582137137651 13532.887621462345 2193.5135241895914 232.45589323341846 1489.3199933171272 2008.6684453487396 105.1120148897171 1642.3517683744431 177.07407513260841 170.81687200069427 1737.7475980371237 132.08750657737255 385.86006505787373 1534.2995730042458 3821.3716806024313 916.23908667266369 1216.3898409605026 809.46885323524475 1782.1306438520551 986.83746140450239 158.6193857640028 246.98852550983429 1214.5310507118702
leaf_count=1697 11769 14048 12278 12169 6664 743 5148 9782 41029 7423 1575 4160 7440 545 4634 529 615 9617 543 1808 6037 20815 4225 3316 2369 17742 10136 653 908 10038
internal_value=-0.000635867 -0.00685485 0.0157524 -0.00245451 -0.0212803 0.000944688 0.000538963 -0.0152708 0.0022117 0.0117047 -0.0120542 0.00971393 -0.00797284 -0.00785833 0.0117189 0.00138469 -0.000980136 0.0297809 -0.0107034 -0.0110964 -0.00796257 -0.014438 0.0241477 0.00667175 0.0147368 -0.0302531 -0.0265495 0.0209462 0.0116937 -0.0212173
internal_weight=54564.4 39556.5 15007.9 30315 9241.42 21471.5 21238.9 5542.69 17753.7 11654.4 4627.26 9460.91 3485.26 3180.28 7623.7 1837.21 1660.14 3353.49 8843.51 8711.43 4504.2 4207.23 1615.74 2858.74 4764.96 3698.73 1916.6 1321.85 405.608 1446.99
internal_count=230455 178031 52424 107501 70530 66129 65386 35988 52798 35324 26206 27901 12588 14593 22597 5304 4775 17100 41372 40829 18206 22623 7483 7950 14647 34542 16800 5786 1561 11613
is_linear=0
shrinkage=0.05


Tree=99
num_leaves=31
num_cat=0
split_feature=8 6 5 8 4 8 3 6 8 8 5 8 6 8 7 8 8 8 8 6 5 8 8 8 8 5 5 8 4 8
split_gain=791.367 383.684 303.853 302.244 225.168 202.022 125.756 125.398 115.944 106.334 78.3054 99.6812 76.2788 72.2934 66.3703 63.7809 101.679 63.2344 82.7372 97.606 64.8954 61.6623 104.179 96.4182 56.8916 53.3213 51.3319 51.2626 50.7189 50.3777
threshold=-18.398090362548825 2.5000000000000004 -1.4999999999999998 158.74826812744143 -0.48390856385231013 -14.519459724426268 -1.0000000180025095e-35 5.5000000000000009 42.778856277465827 -254.63584899902341 6.5000000000000009 -109.72359466552733 -1.4999999999999998 -160.02195739746091 0.27114334702491766 -40.924243927001946 -66.618366241455064 173.55255126953128 201.82788085937503 -1.0000000180025095e-35 9.5000000000000018 -46.97898864746093 -66.618366241455064 -113.14067459106444 -8.0015263557434064 -1.0000000180025095e-35 2.5000000000000004 -198.72866058349607 -0.1120820641517639 -222.32796478271482
decision_type=2 2 2 2 2 2 2 2 2 2 2 2 2 2 2 2 2 2 2 2 2 2 2 2 2 2 2 2 2 2
left_child=2 3 13 4 8 25 -7 14 -2 26 15 -12 -10 27 24 16 -11 -5 19 -19 -20 22 23 -15 -3 -6 -4 29 -17 -1
right_child=1 7 9 17 5 6 -8 -9 12 10 11 -13 -14 21 -16 28 -18 18 20 -21 -22 -23 -24 -25 -26 -27 -28 -29 -30 -31
leaf_value=-0.023256222128004177 -0.022117443471372386 -0.0064777735490693577 -0.010488849212315207 0.033738133274245796 0.041261201629911141 0.032224376864653868 -0.00068042974585164203 0.030160024051252562 -0.02003536726620311 -0.0059115300837451626 0.034091084262571902 0.0015294041159207312 0.012904668825852953 -0.0019694179429176578 0.002422681718893769 -0.022418650255821571 0.0054701923463225006 -0.036902282755051967 0.015404136544450218 0.0054765811864093484 -0.021805666548765631 -0.021244560569440213 0.0076395794843015109 -0.023173306334169488 0.017114950306794427 0.015299150433664156 -0.028981788091578399 -0.039496351533055432 -0.0068609463644731476 0.00020023165920496366
leaf_weight=1872.5212636590004 1748.1112052723765 274.64400827884674 1639.6366568282247 327.9178688377142 283.83208902180195 289.19332979619503 22327.947849355638 1120.2215996906161 266.87458602339029 5255.3289695978165 292.30429343879223 1124.7567491605878 492.14377841353416 930.57880517095327 1403.6165603995323 632.39702563732862 3125.002523727715 165.89215040206909 3681.9372468814254 658.6244550049305 116.80195745825768 1512.6934138685465 722.63285558670759 1263.0433381870389 3265.7517288774252 664.26137171685696 486.53337019681931 426.39566677063704 2997.0278406143188 260.58997561782598
leaf_count=11253 8957 989 7388 1143 976 1060 72368 7467 1205 19285 1077 4339 1769 4336 6663 2704 10327 520 15279 2232 495 6570 3021 5894 15416 2142 2149 2570 9492 1421
internal_value=-0.000908953 0.00358155 -0.00829641 0.0013321 -0.000819296 0.000697527 -0.000252664 0.0150788 -0.0150494 -0.00440248 -0.0027545 0.00834231 0.00126747 -0.0169531 0.0116346 -0.00406677 -0.00166659 0.0126505 0.01112 -0.00322105 0.0142329 -0.0130609 -0.0087868 -0.0142031 0.0152782 0.0232471 -0.0147787 -0.0236495 -0.00959886 -0.0203969
internal_weight=59629.2 37087.8 22541.4 31023.5 26072.4 23565.2 22617.1 6064.23 2507.13 15553 13426.8 1417.06 759.018 6988.46 4944.01 12009.8 8380.33 4951.17 4623.26 824.517 3798.74 4428.95 2916.25 2193.62 3540.4 948.093 2126.17 2559.51 3629.42 2133.11
internal_count=230507 138681 91826 108146 88477 76546 73428 30535 11931 56761 47224 5416 2974 35065 23068 41808 29612 19669 18526 2752 15774 19821 13251 10230 16405 3118 9537 15244 12196 12674
is_linear=0
shrinkage=0.05


Tree=100
num_leaves=31
num_cat=0
split_feature=2 2 8 8 8 8 9 8 2 8 3 8 8 2 0 8 4 4 8 0 6 4 5 7 8 8 8 0 8 4
split_gain=344.193 229.49 103.239 188.58 126.51 111.043 86.4867 77.427 64.2516 63.1927 59.8025 46.1801 36.5474 32.9399 28.044 32.5754 23.5603 26.6764 39.0605 20.3565 24.0396 19.1268 27.8932 13.1365 12.2948 11.8466 74.546 8.40797 8.32248 3.13462
threshold=1.5000000000000002 -1.4999999999999998 139.82307434082034 130.77565765380862 127.00802230834962 148.38324737548831 1.0000000180025095e-35 -0.54526796936988819 -2.4999999999999996 133.46868133544925 1.0000000180025095e-35 247.85845947265628 -1.0000000180025095e-35 2.5000000000000004 59.500000000000007 -53.472444534301751 0.087527021765708937 0.90228471159935009 -30.148659706115719 79.500000000000014 -2.4999999999999996 0.69128414988517772 7.5000000000000009 0.24204600602388385 -26.139101028442379 45.573215484619148 71.486984252929702 33.500000000000007 98.64014053344728 0.13766863197088244
decision_type=2 2 2 2 2 2 2 2 2 2 2 2 2 2 2 2 2 2 2 2 2 2 2 2 2 2 2 2 2 2
left_child=1 8 3 4 6 23 -3 13 -1 -5 11 -7 14 16 15 -10 -2 18 -18 20 -14 22 25 -4 -19 -9 -27 28 -23 -16
right_child=7 2 5 9 -6 10 -8 21 12 -11 -12 -13 19 -15 29 -17 17 24 -20 -21 -22 27 -24 -25 -26 26 -28 -29 -30 -31
leaf_value=-0.034455675680634422 -0.024632687497298134 0.0045566135724948789 -0.039179218106624204 0.055220209235485651 -0.041584922374733116 0.0019610453719100299 -0.0020962962779700403 -0.0314810516858594 -0.00053680058163404977 0.014959515361299209 0.032439042487686559 -0.0086223391398148157 -0.011377240366956349 -0.031140965704914338 -0.029764977510319802 -0.031448242816858187 -0.0029331230433272421 -0.0021467987392938047 0.03090481690182223 -0.023115687030884433 0.016900614101849211 0.0063469942177586782 0.026768390347223239 -0.015326546878429638 -0.027027144876031375 0.051385755547916905 -0.025223777148159311 -0.031402446949503664 -0.026893257569234733 -0.012852393070675677
leaf_weight=372.13516102358699 87.853422254323959 38768.836001165211 220.76709290593863 223.59682480990887 149.66724613308907 2238.1892956644297 5586.2257550060749 139.51288728788495 332.59589587897062 178.55088517814875 118.23762610554695 1903.2635594531894 111.05288029462099 103.21334692463279 286.41679784655571 109.6788961365819 204.80935919284821 136.6075931712985 140.19588930904865 62.128880269825459 210.81865853816271 31.941836044192314 30.27011551707983 90.124398157000542 73.883962973952293 33.432951863855124 182.07880482450128 822.00748298317194 35.989529598504305 42.332775741815567
leaf_count=5800 694 139551 1027 708 653 9600 20655 1963 2873 687 494 13107 848 1478 3903 1051 1349 990 785 577 1475 493 481 379 517 463 2751 14082 599 474
internal_value=0.00175058 0.00255333 0.0031432 0.00387189 0.00356157 -0.00401267 0.00371858 -0.0184569 -0.0165055 0.037748 -0.00188923 -0.00290723 -0.0105986 -0.00561663 -0.0168423 -0.00846833 -0.00131316 0.00256174 0.0110623 0.00199325 0.00711933 -0.0259227 -0.0162678 -0.0326166 -0.0113044 -0.0202579 -0.0124435 -0.0299886 -0.0118999 -0.0278123
internal_weight=53026.4 51004.6 49477.5 44906.9 44504.7 4570.58 44355.1 2021.8 1527.16 402.148 4259.69 4141.45 1155.02 746.564 771.024 442.275 643.35 555.497 345.005 384 321.872 1275.23 385.295 310.891 210.492 355.025 215.512 889.939 67.9314 328.75
internal_count=230507 203862 186861 162254 160859 24607 160206 26645 17001 1395 23201 22707 11201 5813 8301 3924 4335 3641 2134 2900 2323 20832 5658 1406 1507 5177 3214 15174 1092 4377
is_linear=0
shrinkage=0.05


Tree=101
num_leaves=31
num_cat=0
split_feature=2 2 2 8 0 7 2 3 0 8 0 8 8 7 8 8 6 3 2 8 8 4 8 8 0 0 4 8 4 8
split_gain=2018.5 947.365 322.774 313.803 200.425 121.413 112.935 82.2429 91.7222 71.0526 77.3882 69.7682 66.6888 63.1086 53.9081 42.4137 40.7233 47.8524 37.6332 32.1057 29.8569 28.9593 28.7065 24.512 19.1665 19.1512 19.2736 18.6027 18.1695 19.9733
threshold=-1.0000000180025095e-35 1.0000000180025095e-35 -1.4999999999999998 19.12481784820557 59.500000000000007 0.05224552936851979 1.5000000000000002 -1.0000000180025095e-35 75.500000000000014 17.014272689819339 75.500000000000014 37.442897796630866 5.0293543338775644 0.0065502496436238298 30.79506874084473 -9.2462801933288556 2.5000000000000004 1.0000000180025095e-35 -2.4999999999999996 35.245143890380866 20.889002799987797 0.95650944113731395 -4.0424249172210684 312.58627319335943 76.500000000000014 56.500000000000007 -1.44338983297348 12.684393882751467 -1.44338983297348 -268.08998107910151
decision_type=2 2 2 2 2 2 2 2 2 2 2 2 2 2 2 2 2 2 2 2 2 2 2 2 2 2 2 2 2 2
left_child=2 3 18 5 6 9 11 -4 13 10 -2 14 15 19 -3 -7 17 20 -1 -9 -5 -15 25 -18 27 26 -20 -24 -6 -30
right_child=1 4 7 16 28 12 -8 8 -10 -11 -12 -13 -14 21 -16 -17 23 -19 22 -21 -22 -23 24 -25 -26 -27 -28 -29 29 -31
leaf_value=0.037783608202035676 0.0037900982436063872 -0.008886017841944956 -0.022582062260208452 -0.029741376730536784 0.00033070187298818649 -0.0044296899244831425 -0.031126698184528713 0.015389436089309306 0.022076156736365298 0.037432474074318114 -0.010234754548307048 -0.020947167434588188 0.008885584531820305 0.0065485836899268268 0.026476606964694161 -0.014534563625505724 -0.025553420370706834 0.020917170367448036 0.0046591803725625587 0.00087998799745156193 -0.0093427831422672036 -0.015556205511293478 0.0014144288814786051 0.00049410221941113776 0.032060911936938039 0.034758236720362205 0.026770412205708295 0.01990599317244128 -0.014226109403749555 -0.031717284265646253
leaf_weight=916.52321118116379 14384.091071873903 3087.4386743083596 173.36510322988033 179.83684574067593 47.445530481636524 3801.4425178319216 902.07492477446795 4081.8318679630756 1787.6355269998312 144.85667012631893 1051.0039967447519 1433.4718170762062 730.48196111619473 4900.1907304078341 106.91501943767071 1427.8343641906977 613.14471261203289 124.12496100366116 120.13053971529007 421.17717632651329 7766.2895019799471 148.15997928380966 225.79801097512245 105.55616876482964 164.09305046498775 825.66671903431416 611.57670527696609 340.16014811396599 184.1881355419755 3213.1577809154987
leaf_count=5800 41632 14286 538 825 238 12642 10125 12837 6229 436 4107 11851 2530 13957 553 5039 3572 493 567 1166 35917 412 982 677 750 4744 2840 1318 856 32588
internal_value=-0.000715066 -0.00662925 0.015077 -0.00240515 -0.0208947 0.000844098 -0.0149745 0.0111619 0.0116875 0.00316572 0.00283212 -0.0117959 -0.00522264 0.00973263 -0.0076629 -0.00720004 -0.0103643 -0.0093374 0.0291056 0.0140348 -0.00982286 0.0058851 0.0255537 -0.0217508 0.0171668 0.0294178 0.0231965 0.0126055 -0.0303628 -0.0307913
internal_weight=54019.7 39303.4 14716.3 30328.7 8974.69 21539.7 5529.9 11512.4 11339 15580 15435.1 4627.83 5959.76 9551.36 3194.35 5229.28 8788.95 8070.25 3203.95 4503.01 7946.13 5048.35 2287.43 718.701 730.051 1557.37 731.707 565.958 3444.79 3397.35
internal_count=230507 178367 52140 107870 70497 66386 36815 35139 34601 46175 45739 26690 20211 28372 14839 17681 41484 37235 17001 14003 36742 14369 11201 4249 3050 8151 3407 2300 33682 33444
is_linear=0
shrinkage=0.05


Tree=102
num_leaves=31
num_cat=0
split_feature=2 2 2 7 0 0 5 0 8 8 3 8 3 7 8 0 0 6 0 8 0 0 7 4 8 4 2 4 4 4
split_gain=2012.15 1018.63 377.247 279.496 226.114 99.9994 93.8941 93.7874 80.4501 79.0873 76.2875 77.6394 64.4044 63.1921 62.6014 52.1907 51.1323 42.8928 42.6782 41.6461 35.644 32.5169 30.0674 28.451 26.3499 25.9239 24.444 29.0309 21.6087 21.1938
threshold=1.0000000180025095e-35 -1.0000000180025095e-35 1.5000000000000002 -0.059445491060614579 44.500000000000007 77.500000000000014 -2.4999999999999996 75.500000000000014 235.95204162597659 -170.74105834960935 -1.0000000180025095e-35 -64.778663635253892 1.0000000180025095e-35 0.070014007389545455 -0.54526796936988819 42.500000000000007 67.500000000000014 1.5000000000000002 22.500000000000004 -23.128694534301754 72.500000000000014 73.500000000000014 0.45005542039871221 0.25814962387084966 46.760663986206062 0.23193357884883883 2.5000000000000004 0.60499006509780895 0.64601618051528942 -1.0581204891204832
decision_type=2 2 2 2 2 2 2 2 2 2 2 2 2 2 2 2 2 2 2 2 2 2 2 2 2 2 2 2 2 2
left_child=1 4 5 6 13 8 29 10 12 -8 -5 -12 15 25 21 -2 19 -10 24 -6 -11 26 -19 -20 -15 -1 27 -4 -21 -3
right_child=2 3 14 7 16 -7 9 -9 17 20 11 -13 -14 18 -16 -17 -18 22 23 28 -22 -23 -24 -25 -26 -27 -28 -29 -30 -31
leaf_value=-0.019523780112416084 0.0033927155026349017 -0.0046638666210339179 0.020436703293063227 0.02438410260410484 -0.030128634321843574 0.021443333213978413 -0.016688806465970627 -0.011533153584337492 0.032417715523172498 -0.0034594188274864237 -0.0074503407195319511 0.0021084059202654891 -0.019600566594133617 -0.0016482183697046468 0.032293962920934158 0.010877403997040774 -0.033944197218772065 0.016466737405878156 -0.014190372719250747 -0.019529707273020908 -0.017432374516623099 0.030390871865330418 -0.016606169703992184 0.0057092660446372298 0.021744455315847247 0.0014725565523095478 0.033680827410426648 0.00058617184708026349 0.0017162851272632411 -0.019214228361566457
leaf_weight=2055.0379344150424 4442.4947824627161 286.36612513661385 327.99976000189781 350.43665194511414 1301.0708444342017 1621.4484787732363 1589.2403032034636 1491.6161471456289 473.28506037592888 6843.7601062208414 2390.8828769624233 18741.591698661447 222.82535496354103 333.24090781807899 2595.4699169918895 4905.942065641284 2371.6830875650048 465.42035381495953 945.38419749587774 1231.4868598133326 484.55880708992481 394.2655483931303 76.329284325242043 218.56378117203712 182.90138809382915 157.58279867470264 117.92173807322979 412.83250035345554 131.6485126465559 2212.8394618332386
leaf_count=11091 14160 1348 1313 998 9251 6947 6915 5651 2523 20428 7989 53826 664 1333 20718 16978 18044 2548 3821 6524 1886 2133 399 716 543 641 746 1607 523 8786
internal_value=-0.000912776 -0.00651645 0.0142033 -0.00260854 -0.0215591 0.00989286 -0.00900087 0.000569271 0.00811445 -0.00659372 0.00141206 0.00102544 0.00668757 -0.0124847 0.0278459 0.0073243 -0.0285542 0.0214705 -0.00515201 -0.0237014 -0.00439459 0.0185406 0.0116977 -0.0104452 0.00677036 -0.0180285 0.0129556 0.00945298 -0.017479 -0.0175596
internal_weight=59376.1 43319.9 16056.2 34391.3 8928.6 12207.7 11416.8 22974.5 10586.3 8917.56 21482.9 21132.5 9571.26 3892.71 3848.49 9348.44 5035.89 1015.03 1680.09 2664.21 7328.32 1253.02 541.75 1163.95 516.142 2212.62 858.754 740.832 1363.14 2499.21
internal_count=231050 160314 70736 107827 52487 44219 39363 68464 37272 29229 62813 61815 31802 18145 26517 31138 34342 5470 6413 16298 22314 5799 2947 4537 1876 11732 3666 2920 7047 10134
is_linear=0
shrinkage=0.05


Tree=103
num_leaves=31
num_cat=0
split_feature=2 2 0 2 2 0 8 2 8 8 8 8 8 0 0 8 2 7 5 5 6 5 0 8 7 5 2 4 8 8
split_gain=329.864 227.981 98.4519 132.268 105.797 154.175 72.6327 55.5674 48.9456 58.1633 46.4916 39.6399 33.1978 41.4691 29.322 28.5582 27.5218 27.289 25.0043 22.9333 29.2352 22.5534 22.4734 26.1583 43.4602 21.8109 15.9487 12.7336 25.6376 54.3366
threshold=1.5000000000000002 -1.4999999999999998 30.500000000000004 1.0000000180025095e-35 -1.0000000180025095e-35 77.500000000000014 -0.54526796936988819 -2.4999999999999996 139.82307434082034 130.77565765380862 312.58627319335943 122.52509689331056 11.03136730194092 60.500000000000007 83.500000000000014 148.38324737548831 2.5000000000000004 -0.10253930464386939 -3.4999999999999996 -1.4999999999999998 1.0000000180025095e-35 1.5000000000000002 78.500000000000014 -49.602500915527337 -0.17457431554794309 1.0000000180025095e-35 2.5000000000000004 0.67575129866600048 45.573215484619148 71.486984252929702
decision_type=2 2 2 2 2 2 2 2 2 2 2 2 2 2 2 2 2 2 2 2 2 2 2 2 2 2 2 2 2 2
left_child=1 7 8 4 10 -6 16 -1 9 11 -4 -3 13 18 17 -10 22 -5 -9 -14 -21 -17 23 25 -25 -2 27 28 -8 -30
right_child=6 2 3 14 5 -7 26 12 15 -11 -12 -13 19 -15 -16 21 -18 -19 -20 20 -22 -23 -24 24 -26 -27 -28 -29 29 -31
leaf_value=-0.034320021017241714 0.010178929292743907 0.00095708268984376734 0.0015441425880957024 0.0034900288160190328 0.0064163176937522817 0.01925878000807214 -0.030751681314440362 -0.019723113294693818 -0.029639360362857504 0.030452275333348263 -0.029099407777388051 -0.025723893810866 0.020609868294959525 -0.02937150133320153 -0.01251755089009343 -0.0015194945181723634 -0.029971367303455777 -0.0035070476117643173 0.002398479068185951 -0.025460112120254154 0.017606644345933016 -0.013116278229728634 -0.022007191788675193 0.044912716728455135 0.00047520827961267353 -0.01920382610326464 -0.033408715512949924 -0.026432377148223871 0.057077803670176057 -0.013086418635650751
leaf_weight=348.00539179891348 93.990086756646633 17707.02740573138 6155.5973466485739 2374.1014659032226 14287.32861892879 2791.9564187824726 115.92037118971348 218.13971670717001 128.57951745390892 161.33500458300114 121.31846991181374 135.31619833409786 112.12191659212112 350.79956725984812 563.19467351585627 1180.3999933227897 99.011863190680742 3358.6870311722159 296.56361946463585 94.172218084335327 60.912080772221088 646.51636562496424 112.74203442782164 71.870989792048931 193.96087654680014 172.93132889270782 462.55007206276059 464.04249796643853 28.298532620072365 156.08231867477298
leaf_count=5777 604 63762 26308 10330 42829 7947 1651 2046 576 557 531 541 804 4777 3691 6688 1461 19773 2481 743 415 3957 1021 395 1143 1175 8606 7730 362 2369
internal_value=0.00156768 0.00234278 0.00292047 0.00474763 0.00648114 0.0085207 -0.0184755 -0.0169574 0.000205457 0.00102216 0.000929183 0.000747584 -0.0114956 -0.0162298 -0.00168321 -0.00729708 -0.00609849 -0.000608854 -0.00707657 0.00385525 -0.00852329 -0.00564801 -0.00223443 0.00211562 0.0130968 -0.00886046 -0.0259308 -0.0212178 -0.0128591 -0.00109506
internal_weight=53063.5 51092.1 49611.4 29652.2 23356.2 17079.3 1971.4 1480.71 19959.2 18003.7 6276.92 17842.3 1132.71 865.503 6295.98 1955.5 744.507 5732.79 514.703 267.206 155.084 1826.92 645.495 532.753 265.832 266.921 1226.89 764.344 300.301 184.381
internal_count=231050 204533 187490 111409 77615 50776 26517 17043 76081 64860 26839 64303 11266 9304 33794 11221 5799 30103 4527 1962 1158 10645 4338 3317 1538 1779 20718 12112 4382 2731
is_linear=0
shrinkage=0.05


Tree=104
num_leaves=31
num_cat=0
split_feature=2 2 2 8 0 7 8 0 3 0 3 7 8 4 6 8 5 8 9 8 5 0 2 8 0 8 4 8 2 8
split_gain=1899.43 935.658 321.368 265.673 200.984 118.609 99.8065 78.5028 77.3098 86.9326 67.6075 61.2704 52.7324 51.3228 57.8126 47.7204 39.3492 36.3773 49.5069 90.1011 39.1989 35.3268 33.6203 32.8805 29.2984 26.1918 22.5512 21.4481 21.0368 20.5886
threshold=-1.0000000180025095e-35 1.0000000180025095e-35 -1.4999999999999998 19.12481784820557 57.500000000000007 0.049706598743796356 37.442897796630866 38.500000000000007 -1.0000000180025095e-35 79.500000000000014 1.0000000180025095e-35 -0.077875234186649309 5.0293543338775644 0.13766863197088244 1.0000000180025095e-35 32.219675064086921 -3.4999999999999996 20.889002799987797 1.0000000180025095e-35 29.183349609375004 6.5000000000000009 43.500000000000007 -2.4999999999999996 -177.2028884887695 69.500000000000014 -4.0424249172210684 -1.5111640095710752 12.684393882751467 1.5000000000000002 -230.11035156249997
decision_type=2 2 2 2 2 2 2 2 2 2 2 2 2 2 2 2 2 2 2 2 2 2 2 2 2 2 2 2 2 2
left_child=2 3 22 5 6 7 13 16 -4 11 -9 29 23 14 -3 -15 -2 -5 20 -20 -19 -13 -1 -7 25 -24 -6 -27 -8 -10
right_child=1 4 8 17 26 12 28 10 9 -11 -12 21 -14 15 -16 -17 -18 18 19 -21 -22 -23 24 -25 -26 27 -28 -29 -30 -31
leaf_value=0.037503298408497143 0.016457472812234759 -0.011724583949909086 -0.0214841569182848 -0.030639744894656706 0.0065558369609624231 0.0078593399991690998 -0.020913120871523097 -0.002837303118459358 0.021342829869010524 0.023650635698944884 0.02125235752835233 0.0031403380167060908 0.0075017843657613744 -0.015903579623152624 0.0083308164147709342 0.025034237351823582 0.0049348518945080766 -0.0091695817251683329 0.028336498280310825 -0.0069023783607410688 -0.021490184652099939 0.010411180942816371 0.026024703858009469 -0.0078606399141279339 0.033933991301656134 -0.00087460736598844388 -0.030139881988881862 0.020516083200416577 -0.034227476124174309 0.012752209702422211
leaf_weight=870.94406525790691 803.56369143724442 745.84845130890608 176.53515601158142 194.18974441289902 40.722392618656158 352.67621469497681 1366.5402858927846 5318.7269448488951 1027.374250292778 1292.6131521314383 303.13359832763672 3047.8297769427299 728.57724319398403 1989.6527127996087 684.34464800357819 69.490438342094421 9041.6954497545958 6829.7844433113933 233.75693306326866 750.19356119632721 712.21754007041454 3708.3264110833406 1031.5385741889477 4945.8615348041058 737.23579472303391 199.20416118204594 3550.2414737865329 278.26324494183064 400.38098007440567 2305.6332149803638
leaf_count=5777 2233 2897 548 931 204 1007 11505 16939 3584 4636 955 8722 2514 11704 2975 464 25684 32280 948 3173 4196 10829 5197 16967 4147 847 35506 1075 5481 7125
internal_value=-0.000539477 -0.00630141 0.0147939 -0.00211267 -0.0205972 0.000874071 -0.0143457 0.00319249 0.0109429 0.011455 -0.00152065 0.0098816 -0.0050733 -0.00942036 -0.00213252 -0.0144647 0.0058832 -0.00947096 -0.00897114 0.00157025 -0.0103465 0.00713591 0.029033 -0.00680788 0.0256727 0.0215379 -0.0297152 0.0116751 -0.0240182 0.0154282
internal_weight=53737.1 39061.6 14675.5 30214.4 8847.22 21494.2 5256.26 15467.1 11558.3 11381.8 5621.86 10089.2 6027.11 3489.34 1430.19 2059.14 9845.26 8720.14 8525.95 983.95 7542 6756.16 3117.19 5298.54 2246.24 1509.01 3590.96 477.467 1766.92 3333.01
internal_count=231050 178563 52487 107827 70736 66299 35026 45811 35444 34896 17894 30260 20488 18040 5872 12168 27917 41528 40597 4121 36476 19551 17043 17974 11266 7119 35710 1922 16986 10709
is_linear=0
shrinkage=0.05


Tree=105
num_leaves=31
num_cat=0
split_feature=8 6 4 5 8 8 6 8 8 6 3 8 5 8 8 9 4 8 8 5 8 8 8 6 4 8 8 5 7 8
split_gain=676.844 331.674 278.901 267.724 201.855 159.066 121.47 113.209 87.9558 83.1076 79.9373 71.2157 99.2883 70.7263 101.876 59.322 53.3736 50.1457 62.237 48.8601 36.7527 52.3901 84.1058 35.7361 35.213 59.0744 33.9919 33.2979 32.6967 32.1004
threshold=-18.398090362548825 4.5000000000000009 -0.48390856385231013 -2.4999999999999996 158.74826812744143 -14.519459724426268 1.5000000000000002 42.778856277465827 -170.74105834960935 -2.4999999999999996 1.0000000180025095e-35 -127.30684280395506 4.5000000000000009 -117.65232849121092 -113.14067459106444 1.0000000180025095e-35 -0.26304748654365534 -160.02195739746091 -35.988471984863274 10.500000000000002 -198.72866058349607 -222.32796478271482 -216.81816101074216 5.5000000000000009 0.58183753490448009 -287.51872253417963 -198.72866058349607 -11.499999999999998 -0.37532147765159601 375.88629150390631
decision_type=2 2 2 2 2 2 2 2 2 2 2 2 2 2 2 2 2 2 2 2 2 2 2 2 2 2 2 2 2 2
left_child=3 2 7 17 5 15 -7 27 24 -9 19 12 16 -13 -15 -4 -10 20 -19 -6 21 28 -23 29 26 -26 -5 -2 -1 -3
right_child=1 23 4 8 10 6 -8 9 11 -11 -12 13 -14 14 -16 -17 -18 18 -20 -21 -22 22 -24 -25 25 -27 -28 -29 -30 -31
leaf_value=-0.011920152596230291 0.0030489201833662459 0.018816419100281298 0.014602814538493819 -0.011426606034197819 0.013818713093735417 -0.0011496096676458791 0.007115730488730829 -0.033835549007160341 0.02158202112221794 0.0067083343903174683 -0.0282849912272671 -0.023116674656786854 0.038773077215044312 0.031688676344712417 -0.0040809767496926769 0.044649973304807911 -0.0036037650601764624 -0.010408627525069268 -0.028086643162579989 -0.0067982002641259545 -0.040228202452458998 0.043215221758257136 -0.02127931722413736 0.029889025490580402 -0.015473653015513686 0.022115432221465794 -0.026703434482485595 -0.023078557374912087 -0.029281809947008165 -0.015477028618265103
leaf_weight=380.92612016201019 130.91494344174862 775.55215977877378 845.54170100390911 2881.3575539290905 5361.5211011618376 19369.791720457375 5763.7226950973272 144.6528629437089 265.41605091840029 808.31468372792006 116.84567498415709 471.41567183285952 211.51546206325293 197.68416437506676 11269.999169841409 202.18552152812481 942.74987763911486 2466.8244427368045 623.3796756118536 300.75598100572824 307.73615600168705 74.236028105020523 134.66742280125618 1035.8156036064029 218.68971877545118 191.26064094901085 416.7240107730031 1581.3377964794636 1031.6965165361762 71.054747745394707
leaf_count=2257 845 4410 2873 13563 23175 62047 22922 710 1187 3033 459 1740 804 674 39694 616 3231 11932 2982 1465 2087 384 843 7433 761 670 1942 8232 6960 435
internal_value=-0.000950845 0.00322886 0.00211594 -0.00785894 0.00341244 0.00154457 0.000746871 -0.0134085 -0.00487068 0.000409617 0.0118658 -0.00297728 0.00759161 -0.00423668 -0.00345082 0.0205857 0.00199532 -0.0180044 -0.0140144 0.0127186 -0.0243428 -0.0212136 0.00211392 0.0236402 -0.0116788 0.00211855 -0.0133944 -0.0210778 -0.0246586 0.0158642
internal_weight=58594.3 36508 34625.6 22086.3 31960.4 26181.2 25133.5 2665.22 17066.8 952.968 5779.12 13358.8 1419.68 11939.1 11467.7 1047.73 1208.17 5019.47 3090.2 5662.28 1929.26 1621.53 208.903 1882.42 3708.03 409.95 3298.08 1712.25 1412.62 846.607
internal_count=230366 138655 126377 91711 113557 88458 84969 12820 64266 3743 25099 47330 5222 42108 40368 3489 4418 27445 14914 24640 12531 10444 1227 12278 16936 1431 15505 9077 9217 4845
is_linear=0
shrinkage=0.05


Tree=106
num_leaves=31
num_cat=0
split_feature=2 2 0 2 2 0 2 2 5 7 0 0 9 4 7 3 7 7 6 7 4 7 5 4 6 5 0 7 5 7
split_gain=287.664 183.128 108.772 120.501 103.117 151.411 71.6385 62.0613 43.8025 37.9314 34.5734 34.4582 31.5655 31.1482 29.9269 28.9419 29.0421 28.286 25.5951 23.985 42.823 23.8165 26.1685 24.7384 21.6156 15.0978 10.9622 10.4262 8.72188 2.14954
threshold=1.5000000000000002 -1.4999999999999998 29.500000000000004 1.0000000180025095e-35 -1.0000000180025095e-35 73.500000000000014 2.5000000000000004 -2.4999999999999996 1.5000000000000002 -0.077875234186649309 76.500000000000014 79.500000000000014 1.0000000180025095e-35 0.92036446928977977 0.31212031841278082 1.0000000180025095e-35 -0.051448523998260491 -0.22460715472698209 -4.4999999999999991 0.085536021739244475 0.59445485472679149 -0.32254792749881739 -3.4999999999999996 0.16038698703050616 1.0000000180025095e-35 2.5000000000000004 29.500000000000004 -0.18785054236650464 7.5000000000000009 -0.29494744539260859
decision_type=2 2 2 2 2 2 2 2 2 2 2 2 2 2 2 2 2 2 2 2 2 2 2 2 2 2 2 2 2 2
left_child=1 7 8 4 9 -6 10 -1 21 -4 13 14 17 19 18 16 -5 -10 -9 20 -2 22 -3 -23 -17 -14 -15 -28 -21 -12
right_child=6 2 3 15 5 -7 -8 11 12 -11 29 -13 25 26 -16 24 -18 -19 -20 28 -22 23 -24 -25 -26 -27 27 -29 -30 -31
leaf_value=-0.034194664083022193 -0.0061720109756395773 -0.022824992982895906 -0.0052055265695545487 0.0015086114147356089 0.0060092957758355395 0.017377416749941137 -0.032820002058520113 -0.029022922741334219 0.012025427723927916 0.0034060458564139796 -0.011274581713685165 -0.030187167250874142 -0.0055642794622629216 0.0087892346218291541 0.027595024721984791 0.033707742881177359 -0.0053854706925931571 -0.0041811185141624012 -0.0045267005979832148 -0.018187956798809891 0.024995838637713843 0.0013298059312962763 -0.0022408365439444107 0.0091007349249971892 0.0027732743781717206 -0.024449287663718972 -0.0011753332611923947 -0.024054667531277399 0.0096816776524621569 -0.02745907575612638
leaf_weight=326.00206942856312 272.49297239631414 168.4189018458128 1768.5407458692789 3032.0702066794038 13659.201811440289 3727.6473748981953 535.11718756705523 119.60135265439749 286.38585620373487 4578.9941290766001 32.660990376025438 164.67632973194122 180.00235421210527 32.652498740702868 58.415635280311108 94.089127689599991 3070.2598667442799 3565.5921424031258 760.80819936096668 177.69915698468685 178.36301681026816 12327.709093727171 1422.9430622085929 1112.2915269955993 133.60333727300167 265.24482955783606 60.030308149755001 302.96017326414585 29.914235536009073 271.63790062814951
leaf_count=5749 2675 716 8740 14070 41283 10509 10153 1439 1038 18453 361 2185 713 448 510 403 19116 14484 7160 2390 1367 45659 5386 4589 597 1076 548 4302 432 3815
internal_value=0.00171965 0.00243326 0.00294445 0.00482555 0.00646003 0.00845086 -0.0173899 -0.0151784 1.80248e-05 0.00100449 -0.0112134 -0.00943163 -0.00443067 -0.00686202 -0.00565033 -0.00130315 -0.00196157 -0.00296217 -0.00799955 -0.000172236 0.00629721 0.00129088 -0.00448399 0.00197607 0.0160059 -0.0169611 -0.0178547 -0.0203383 -0.0140391 -0.0259323
internal_weight=52716 50822.5 49393 30064.4 23734.4 17386.8 1893.53 1429.5 19328.6 6347.53 1358.41 1103.5 4297.23 1054.11 938.825 6330.02 6102.33 3851.98 880.41 658.469 450.856 15031.4 1591.36 13440 227.692 445.247 395.643 362.99 207.613 304.299
internal_count=230366 203875 186832 113171 78985 51792 26491 17043 73661 27193 16338 11294 17311 12162 9109 34186 33186 15522 8599 6864 4042 56350 6102 50248 1000 1789 5298 4850 2822 4176
is_linear=0
shrinkage=0.05


Tree=107
num_leaves=31
num_cat=0
split_feature=2 2 2 7 0 2 0 3 4 7 3 0 7 7 2 0 5 6 6 4 4 5 4 0 4 5 5 6 4 0
split_gain=1720.08 829.873 290.412 229.598 194.779 114.913 81.4696 72.7963 68.6956 67.8501 67.2933 78.8697 53.9404 46.9644 38.5543 29.727 28.3619 27.1272 30.0555 26.7385 24.1623 31.8157 24.069 23.3757 21.2481 20.0868 19.571 16.3388 16.1575 11.1753
threshold=-1.0000000180025095e-35 1.0000000180025095e-35 -1.4999999999999998 0.049706598743796356 62.500000000000007 1.5000000000000002 68.500000000000014 1.0000000180025095e-35 0.67575129866600048 0.049706598743796356 -1.0000000180025095e-35 74.500000000000014 -0.053878191858530038 0.25243668258190161 -2.4999999999999996 43.500000000000007 -1.4999999999999998 -1.4999999999999998 2.5000000000000004 0.95650944113731395 -0.12474700435996054 7.5000000000000009 0.75114825367927562 84.500000000000014 -1.44338983297348 4.5000000000000009 2.5000000000000004 1.0000000180025095e-35 0.76671597361564647 83.500000000000014
decision_type=2 2 2 2 2 2 2 2 2 2 2 2 2 2 2 2 2 2 2 2 2 2 2 2 2 2 2 2 2 2
left_child=2 3 14 6 5 9 7 8 -2 22 -4 12 25 17 -1 -16 -9 -5 -19 -14 -15 -22 -3 26 -6 -12 -8 -11 -17 -13
right_child=1 4 10 13 24 -7 23 16 -10 27 11 29 19 20 15 28 -18 18 -20 -21 21 -23 -24 -25 -26 -27 -28 -29 -30 -31
leaf_value=0.037206422717053614 0.0024232824675531582 -0.0050429940712349713 -0.01979876779716562 -0.016122958481459691 0.0032388397981093658 -0.030504310130925444 -0.002316497910630527 0.043817156299291261 -0.018441339222953018 -0.028625025444800084 0.014797098300539331 0.016835790080282534 0.0066543843990828442 -0.022775926648302122 0.013892981248307465 0.028719947532429416 0.011334780044639732 -0.0036495214348124107 -0.015720392374371176 -0.014382352989509978 -0.0090092697014435702 -0.024037147143959547 -0.018582874682706425 -0.018466458333544728 -0.031004455148316012 -0.0034620246743290607 -0.015424911463396805 -0.016545308424432175 0.0046105008305852395 0.024912869318741496
leaf_weight=822.01805333048105 15873.119263589382 2631.5687416344881 177.09330433607101 550.40006870031357 45.118530124425888 932.96551156044006 1204.5548608005047 133.43704031407833 399.59601072967052 366.04091385751963 3303.9613661617041 1111.5244145542383 5790.131279990077 475.52018247544765 539.08678643405437 1566.9929791092873 139.8000104278326 6392.3039851933718 556.77106267213821 150.53672944009304 3094.6755343005061 395.5967995673418 371.50999891757965 437.84669273346663 2842.7436564937234 156.01730266213417 368.87659529596567 1376.1228949949145 74.908887982368469 775.78073824942112
leaf_count=5749 49152 12772 548 1951 225 11377 4189 381 1578 2522 10637 3839 16608 2017 2449 8536 447 25054 2813 419 14014 2281 2404 1998 30426 448 1641 10704 309 2878
internal_value=-0.000658529 -0.00617107 0.0140413 -0.00225314 -0.0198934 -0.0144948 0.00118393 0.00233963 0.00190542 -0.0113184 0.0104076 0.01089 0.00900859 -0.00781432 0.0278741 0.0242796 0.0277001 -0.00548114 -0.00462727 0.00610967 -0.012214 -0.0107445 -0.00674611 -0.00830578 -0.0304648 0.01397 -0.00542877 -0.019158 0.0276373 0.0202129
internal_weight=53056.6 38588.6 14468.1 30022.5 8566.07 5678.21 18557.2 16546 16272.7 4745.24 11465 11288 9400.65 11465.3 3003.01 2180.99 273.237 7499.48 6949.08 5940.67 3965.79 3490.27 3003.08 2011.28 2887.86 3459.98 1573.43 1742.16 1641.9 1887.31
internal_count=230366 177946 52420 107516 70430 39779 59386 51558 50730 28402 35377 34829 28112 48130 17043 11294 828 29818 27867 17027 18312 16295 15176 7828 30651 11085 5830 13226 8845 6717
is_linear=0
shrinkage=0.05


Tree=108
num_leaves=31
num_cat=0
split_feature=2 2 2 7 1 1 5 8 8 1 8 4 1 8 8 8 8 3 8 4 2 3 5 8 4 8 1 8 4 8
split_gain=1671.93 901.113 342.476 245.005 229.257 99.1388 90.8389 84.232 90.6189 72.8154 68.5661 65.0148 58.6388 56.8096 68.8967 56.6287 53.311 61.4152 51.1107 48.804 48.1036 44.5226 42.9143 42.7683 41.1861 39.9542 38.4339 38.3949 38.0322 36.8507
threshold=1.0000000180025095e-35 -1.0000000180025095e-35 1.5000000000000002 -0.064733181148767457 53.500000000000007 28.500000000000004 -1.0000000180025095e-35 16.161653518676761 28.580967903137211 23.500000000000004 -0.54526796936988819 -0.65439215302467335 46.500000000000007 -27.773578643798825 -16.918650627136227 -64.778663635253892 50.989500045776374 1.0000000180025095e-35 191.76314544677737 0.92036446928977977 -1.4999999999999998 -1.0000000180025095e-35 -1.0000000180025095e-35 96.730762481689467 -0.10596091300249098 -222.32796478271482 39.500000000000007 -49.602500915527337 0.18316406011581424 6.2212312221527108
decision_type=2 2 2 2 2 2 2 2 2 2 2 2 2 2 2 2 2 2 2 2 2 2 2 2 2 2 2 2 2 2
left_child=1 4 7 6 9 21 25 12 -9 -1 -4 -7 29 24 -15 -13 19 -18 22 -10 -11 -5 -6 -22 -8 -3 -27 -23 -14 -2
right_child=2 3 10 5 18 11 13 8 16 20 -12 15 28 14 -16 -17 17 -19 -20 -21 23 27 -24 -25 -26 26 -28 -29 -30 -31
leaf_value=-0.033115285312260184 0.01069103112109065 -0.024140620387274329 0.016866674341587878 0.012612588401247985 -0.016240752054763729 -0.017193267172592022 0.0057608189538391648 0.032917673892495287 0.0067501539836527418 -0.032710093479105522 0.031569126287703225 -0.0052988550701039937 -0.006469075934991993 0.020310720478897926 -0.0024939787307155709 0.0032953001680223002 0.015408226248012778 -0.019041478427411523 0.014380947451932994 -0.021027748935838281 -0.020813648921141025 -0.021640865595942454 -0.0032268640854525594 -0.0022096841243406102 -0.011463955056349048 -0.019296848625166382 -0.0085203471786889397 -0.0065216523244897451 0.0051287999503018197 -0.0081996415365305757
leaf_weight=2324.8398607969284 3593.4288427233696 767.11268405616283 1218.1660089343786 255.82659520208836 1501.1276806816459 430.89206196367741 394.447210252285 551.22985616326332 731.55813623964787 755.4280394166708 2387.5296182855964 2153.510504424572 1284.9020906984806 371.88082917034626 2727.5108278095722 17139.378754496574 3604.7761523574591 130.09330698847771 214.92115050554276 196.35537822544575 2298.7799310460687 494.71648840606213 1098.5178002789617 358.22990031540394 2726.9441898018122 1169.8146947324276 2860.6533162146807 2693.5541836768389 1558.8432836532593 274.53154699504375
leaf_count=18762 11825 4036 5838 845 7990 1395 1493 2470 2633 6959 20696 7086 3592 1114 7854 48889 16597 411 596 793 12469 2016 4428 1147 9626 5041 9303 9108 4583 1000
internal_value=-0.00090933 -0.00601506 0.0131376 -0.00238258 -0.0205261 0.000536843 -0.00851861 0.00904812 0.013814 -0.0262578 0.0266322 0.00190401 0.00533819 -0.00452599 0.000270551 0.00233488 0.0115228 0.0141844 -0.00881656 0.000790888 -0.0215443 -0.00728412 -0.0107583 -0.0183142 -0.00928154 -0.0136855 -0.0116682 -0.00889788 -0.000113676 0.0093414
internal_weight=58269.5 42738.1 15531.4 34186.2 8551.84 23167.9 11018.4 11925.7 5214.01 5737.28 3605.7 19723.8 6711.71 6220.78 3099.39 19292.9 4662.78 3734.87 2814.57 927.914 3412.44 3444.1 2599.65 2657.01 3121.39 4797.58 4030.47 3188.27 2843.75 3867.96
internal_count=230595 160157 70438 107806 52351 69339 38467 43904 22904 39337 26534 57370 21000 20087 8968 55975 20434 17008 13014 3426 20575 11969 12418 13616 11119 18380 14344 11124 8175 12825
is_linear=0
shrinkage=0.05


Tree=109
num_leaves=31
num_cat=0
split_feature=2 2 0 2 2 0 8 2 8 8 8 8 8 0 8 2 3 8 5 8 5 6 6 8 7 0 8 2 0 0
split_gain=265.916 169.709 107.428 130.615 101.157 128.264 73.1472 58.2069 47.7828 66.3377 38.1896 36.4118 34.017 40.3691 32.4598 29.366 28.8641 29.2516 26.4443 22.6708 20.9104 30.7526 20.7769 19.0341 40.5848 21.1531 19.9831 16.1804 13.6602 12.1655
threshold=1.5000000000000002 -1.4999999999999998 36.500000000000007 1.0000000180025095e-35 -1.0000000180025095e-35 82.500000000000014 -0.54526796936988819 -2.4999999999999996 139.82307434082034 130.77565765380862 122.52509689331056 148.38324737548831 11.03136730194092 58.500000000000007 312.58627319335943 2.5000000000000004 1.0000000180025095e-35 -165.65875244140622 -3.4999999999999996 247.85845947265628 -1.4999999999999998 1.0000000180025095e-35 1.0000000180025095e-35 -49.602500915527337 -0.18434467166662213 60.500000000000007 -62.530506134033196 2.5000000000000004 44.500000000000007 77.500000000000014
decision_type=2 2 2 2 2 2 2 2 2 2 2 2 2 2 2 2 2 2 2 2 2 2 2 2 2 2 2 2 2 2
left_child=1 7 8 4 14 -6 15 -1 9 10 -3 -10 13 18 -4 23 17 -5 -9 -13 -14 -22 -18 26 -25 -26 28 29 -2 -8
right_child=6 2 3 16 5 -7 27 12 11 -11 -12 19 20 -15 -16 -17 22 -19 -20 -21 21 -23 -24 24 25 -27 -28 -29 -30 -31
leaf_value=-0.034075836202228094 0.0155244567936908 0.00091536196413641779 0.0015605414849657966 0.0078843140121762929 0.0072949952812612975 0.022170116658942182 -0.016298779798990432 -0.018204870299566099 -0.0300424212941337 0.029598049125027639 -0.023403504812352333 -0.00014415014625226782 0.022570804469645357 -0.027032759076664442 -0.025662535072447031 -0.030445773156044215 0.032797395514295273 -0.003920752457859728 0.0056941632771804638 -0.010534774337781732 -0.024293367647727812 0.021208522247489772 0.0021765561820777514 0.036752351691219591 0.010729876151611424 -0.019259744504029418 -0.03455846832026388 -0.032901204883399142 -0.0095666463020161654 -0.032197768211081203
leaf_weight=307.27520814538002 68.182415500283241 20840.690644614398 5441.0935975164175 585.36407290399075 13259.801618054509 1624.1905235946178 552.81028346344829 197.99524275958538 150.03708909451962 195.87601192295551 157.69972358644009 1145.1198816597462 108.4295238032937 352.34398798272014 106.75339163839817 90.839988395571709 94.018164023756981 4736.3969579190016 265.30133359879255 964.54434467107058 86.44073174148798 57.759718306362629 127.49652111530304 83.653743870556355 123.39573629200459 103.65252140909433 57.512970574200153 415.6384971998632 205.78819497674704 161.53912813961506
leaf_count=5761 427 75021 23556 1954 38581 4802 9294 1926 688 665 642 4986 794 5155 468 1459 392 27318 2260 7403 721 399 569 500 653 827 427 8573 1545 2829
internal_value=0.00155305 0.00223406 0.00271674 0.00493137 0.00677781 0.00892512 -0.0169746 -0.0150575 0.000263513 0.00100094 0.000727197 -0.00663991 -0.00945384 -0.0143989 0.00101407 -0.00462777 -0.00187433 -0.00261608 -0.00460469 -0.00490845 0.00648152 -0.00596756 0.0156101 -0.000768693 0.00805596 -0.00308104 -0.00903691 -0.0249283 -0.00315596 -0.0200929
internal_weight=52667.6 50804.6 49429.1 25975.1 20431.8 14884 1863.01 1375.55 23454 21194.3 20998.4 2259.7 1068.27 815.641 5547.85 733.026 5543.28 5321.76 463.297 2109.66 252.63 144.2 221.515 642.186 310.702 227.048 331.484 1129.99 273.971 714.349
internal_count=230595 204061 187045 97640 67407 43383 26534 17016 89405 76328 75663 13077 11255 9341 24024 5838 30233 29272 4186 12389 1914 1120 961 4379 1980 1480 2399 20696 1972 12123
is_linear=0
shrinkage=0.05


Tree=110
num_leaves=31
num_cat=0
split_feature=2 2 2 7 0 2 7 4 0 3 7 7 3 0 4 5 2 0 0 5 0 4 4 5 6 6 4 6 0 5
split_gain=1554.6 791.716 293.498 221.865 200.342 111.284 86.6482 85.8839 74.2311 68.1631 55.9639 45.0162 44.5849 39.4438 38.7341 46.4498 36.2028 31.677 30.9179 32.1575 25.7127 22.0083 21.2522 21.2515 22.5681 18.0616 15.7682 13.5752 12.7287 13.833
threshold=-1.0000000180025095e-35 1.0000000180025095e-35 -1.4999999999999998 -0.17775398492813108 61.500000000000007 1.5000000000000002 0.14355833828449252 0.67575129866600048 78.500000000000014 1.0000000180025095e-35 -0.053878191858530038 0.059720875695347793 -1.0000000180025095e-35 78.500000000000014 -0.12474700435996054 5.5000000000000009 -2.4999999999999996 45.500000000000007 83.500000000000014 1.0000000180025095e-35 45.500000000000007 0.95650944113731395 0.75114825367927562 4.5000000000000009 -4.4999999999999991 -1.4999999999999998 -1.5111640095710752 -1.0000000180025095e-35 74.500000000000014 2.5000000000000004
decision_type=2 2 2 2 2 2 2 2 2 2 2 2 2 2 2 2 2 2 2 2 2 2 2 2 2 2 2 2 2 2
left_child=2 3 16 7 5 9 12 18 10 11 23 -3 -5 -14 27 -16 -1 25 19 -2 -18 -19 -22 24 -4 -12 -6 -8 29 -28
right_child=1 4 8 6 26 -7 14 -9 -10 -11 17 -13 13 -15 15 -17 20 21 -20 -21 22 -23 -24 -25 -26 -27 28 -29 -30 -31
leaf_value=0.03697406724516774 0.0084898376057565075 -0.0077701812468268577 -0.0056887646483823225 -0.030126798585927667 0.0021053698321797068 -0.030084967549880555 -0.011458415302452708 -0.031136956751248168 0.020532258134562505 0.034452460727311382 0.0082377387138682333 -0.01820317631327217 -0.001429365774596704 -0.01362583111525517 -0.0054076091561795284 -0.016620529176503331 0.015132609046461385 0.0098511490372791017 -0.012572668653211756 0.00063291635219419489 0.028947675593713636 -0.0091504405892253986 0.00099166034115893867 -0.0039634373389904739 0.014994830870775988 -0.0004451452456925062 -0.021057069621230631 -0.022753697169886934 -0.033705720440345262 -0.031638440501852522
leaf_weight=787.02211923152208 5606.4571533352137 2974.6798127219081 134.89463223516941 137.3702055811882 37.191891543567181 870.49918476119637 521.46688194572926 153.04700614511967 1432.9673541635275 77.705090224742889 810.94995081424713 1592.424421094358 13991.602996453643 691.01047487556934 5308.8932565376163 1116.0703703537583 592.29244555532932 3130.886251732707 210.51363214850426 1697.0130254179239 1452.6368493884802 156.38964048027992 71.686645805835724 167.34365585446358 3307.9891483485699 2249.9579186588526 659.61966732144356 583.84378039836884 1510.5691138617694 692.30128765851259
leaf_count=5761 16179 15162 496 581 185 10915 1922 619 5251 391 2355 12390 47880 3314 22773 6056 2739 9168 871 5146 8219 430 297 484 10748 6403 5378 2465 17655 8362
internal_value=-0.00054639 -0.00578249 0.013528 -0.00198157 -0.0193316 -0.0137168 -0.00449909 0.00535541 0.00990285 -0.0106201 0.00836379 -0.0114238 -0.00227853 -0.00200781 -0.00886485 -0.0073668 0.0277085 0.00553 0.00611891 0.00666591 0.0241843 0.00893464 0.0276405 0.0133322 0.0141774 0.00186496 -0.0299692 -0.0175004 -0.0303889 -0.0265723
internal_weight=52727.3 38432.3 14295 30017.3 8414.99 5515.31 22350.3 7667.03 11391.4 4644.81 9958.41 4567.1 14820 14682.6 7530.27 6424.96 2903.64 6348.18 7513.98 7303.47 2116.62 3287.28 1524.32 3610.23 3442.88 3060.91 2899.68 1105.31 2862.49 1351.92
internal_count=230595 178244 52351 107806 70438 38858 84991 22815 35335 27943 30084 27552 51775 51194 33216 28829 17016 18356 22196 21325 11255 9598 8516 11728 11244 8758 31580 4387 31395 13740
is_linear=0
shrinkage=0.05


Tree=111
num_leaves=31
num_cat=0
split_feature=2 2 2 0 7 0 3 2 0 7 7 5 2 7 0 3 0 0 0 5 6 4 4 5 5 4 7 4 5 4
split_gain=1521.59 810.078 321.418 237.332 233.258 99.2382 99.9249 96.4583 89.4482 72.6115 71.3218 63.6648 53.7225 49.1107 46.5256 33.9688 31.2074 29.1704 27.4132 25.7468 34.369 25.6389 35.7044 21.4429 21.4051 21.2282 19.7729 21.2896 19.2302 18.8479
threshold=1.0000000180025095e-35 -1.0000000180025095e-35 1.5000000000000002 53.500000000000007 -0.1646463945508003 72.500000000000014 -1.0000000180025095e-35 -1.4999999999999998 80.500000000000014 0.14355833828449252 -0.062005056068301194 -1.0000000180025095e-35 2.5000000000000004 0.067583315074443831 20.500000000000004 1.0000000180025095e-35 61.500000000000007 77.500000000000014 69.500000000000014 4.5000000000000009 2.5000000000000004 0.75114825367927562 0.39432133734226232 4.5000000000000009 1.0000000180025095e-35 0.93829354643821727 0.085536021739244475 0.866277575492859 2.5000000000000004 -0.25545109808444971
decision_type=2 2 2 2 2 2 2 2 2 2 2 2 2 2 2 2 2 2 2 2 2 2 2 2 2 2 2 2 2 2
left_child=1 3 8 7 11 6 -6 -1 10 -8 16 -3 17 23 -15 24 25 26 28 -7 -21 22 -13 -9 -12 -2 27 -4 -5 -30
right_child=2 4 12 18 5 19 9 13 -10 -11 15 21 -14 14 -16 -17 -18 -19 -20 20 -22 -23 -24 -25 -26 -27 -28 -29 29 -31
leaf_value=-0.031881713473603579 0.0010229587569488259 -0.015928846743075684 0.0093335543343431356 -0.028224564476995836 0.027188299613442199 -0.015384208973019248 -0.0020138979711223698 -0.015714181854230944 0.021800952171046255 0.0034998534733491553 0.0060886757284893556 -0.0053586783747397631 0.035303462762798249 0.010856631912653701 -0.0079296337172362948 -0.016928110617553734 0.0089698188461906601 0.032240138278008583 -0.033518873106006757 0.0046455629623110345 -0.013663773988403348 0.013055713449397339 -0.022671776042634924 0.0095807647574860776 0.013050272151108511 -0.014648932993343189 0.025164575407714967 0.02365045638479979 0.004443053387295416 -0.020574685647869573
leaf_weight=553.87277691066265 3050.0088201761246 3132.9189473241568 738.45783354341984 1148.302616558969 342.93914733827114 1201.6658024117351 14826.311389893293 2167.6122188791633 1165.3860463351011 9990.0579510182142 1488.2090732753277 3043.5815150737762 1076.4325245991349 415.41500118374825 1524.8331106156111 104.22647325694561 1335.5360583513975 521.79765704274178 1930.6083442047238 507.08071839809418 509.38622486591339 161.6290790438652 326.05093644559383 83.980571195483208 4434.135255753994 227.52380436658859 733.26119145005941 406.20719216018915 88.364047192037106 448.61745499074459
leaf_count=4991 9163 12674 3997 8849 978 5071 44393 11477 5257 29222 5361 10281 10170 1481 5853 327 4720 3952 16498 1800 1724 512 1069 350 18284 763 5850 2712 604 2257
internal_value=-0.000909603 -0.00578455 0.0126152 -0.0197239 -0.00235826 -0.000315559 0.000579089 -0.0123503 0.00867343 0.000205971 0.00722597 -0.0107434 0.0259697 -0.00973471 -0.00388985 0.0108056 0.0025429 0.0217183 -0.029371 -0.0104416 -0.00455184 -0.00612693 -0.00706503 -0.0147516 0.0113075 -8.56283e-05 0.0187168 0.014495 -0.0245341 -0.0164548
internal_weight=57684.4 42403.2 15281.2 8361.61 34041.6 27377.4 25159.3 4745.71 11805 24816.4 10639.6 6664.18 3476.16 4191.84 1940.25 6026.57 4613.07 2399.72 3615.89 2218.13 1016.47 3531.26 3369.63 2251.59 5922.34 3277.53 1877.93 1144.67 1685.28 536.982
internal_count=230640 160084 70556 52360 107724 83188 74593 24152 43875 73615 38618 24536 26681 19161 7334 23972 14646 16511 28208 8595 3524 11862 11350 11827 23645 9926 12559 6709 11710 2861
is_linear=0
shrinkage=0.05


Tree=112
num_leaves=28
num_cat=0
split_feature=2 2 0 2 2 0 2 7 8 8 5 8 7 6 8 7 4 4 8 8 8 8 4 5 5 8 0
split_gain=237.058 155.845 81.9568 102.275 116.898 142.902 72.4067 55.7554 46.1479 42.369 27.61 30.5082 25.859 40.2994 24.4419 23.4953 20.7601 26.0045 39.9142 18.1876 47.2551 14.1199 13.9152 15.5543 34.361 11.4576 8.45022
threshold=1.5000000000000002 -2.4999999999999996 27.500000000000004 1.0000000180025095e-35 -1.0000000180025095e-35 84.500000000000014 2.5000000000000004 -0.091420657932758317 -0.54526796936988819 247.85845947265628 -3.4999999999999996 -388.37040710449213 -0.11375826224684714 -2.4999999999999996 -92.289104461669908 -0.34102714061737055 0.087527021765708937 0.92036446928977977 -12.206459999084471 369.94026184082037 384.61386108398443 352.43107604980474 -0.26304748654365534 10.500000000000002 12.500000000000002 -26.139101028442379 49.500000000000007
decision_type=2 2 2 2 2 2 2 2 2 2 2 2 2 2 2 2 2 2 2 2 2 2 2 2 2 2 2
left_child=1 -1 9 4 7 -6 8 -4 16 10 15 -12 14 -14 -5 -3 -2 18 -18 21 -21 -11 -10 26 -25 -19 -24
right_child=6 2 3 12 5 -7 -8 -9 22 19 11 -13 13 -15 -16 -17 17 25 -20 20 -22 -23 23 24 -26 -27 -28
leaf_value=-0.033960385979975874 -0.022706700692438804 -0.027854706609066172 -0.0068037783364548136 -0.0048401007642986322 0.0064421371795562541 0.024494355238947219 -0.03251961423151141 0.0028420113140239242 0.0079019467101208406 -0.01301654540141991 0.015299010220510759 0.00044269270723849602 0.030535560048860329 -0.0049175227468720743 0.0055685076846621493 -0.0048162200746043283 0.0032021547306052157 -0.0018879486114742423 0.045450596606603513 0.029961754612041754 -0.014717632292019493 -0.034898358066323638 -0.01483413276257328 0.035491442014439829 -0.025938910664149301 -0.026656698844444271 -0.028328835096580542
leaf_weight=289.47606329247355 83.055285006761551 132.19626045227051 2061.0583648122847 821.35751378536224 17099.365985430777 1167.353553622961 486.27771293371916 5445.1446869038045 42.975039687007666 407.33376475423574 348.06092352420092 16309.157822541893 76.954737223684788 3794.2871327698231 1773.9529311954975 589.1095203384757 281.80882675945759 131.83408192545176 65.019278153777122 80.085653699934483 189.40637599676847 89.385363444685936 199.93919041380286 33.80399838462472 50.070424307137728 68.01893674582243 360.2155259475112
leaf_count=5775 685 591 12819 2981 51258 3514 10170 25917 532 3352 1350 59386 333 23169 8668 2284 1815 994 347 472 1363 727 3534 607 1014 504 6479
internal_value=0.00167472 0.00230926 0.00252099 0.00403365 0.00544408 0.00760217 -0.016116 0.000190698 -0.00995792 -0.000167067 0.000341744 0.000757621 -0.00158758 -0.00417429 0.00227144 -0.00920125 -0.000162903 0.00343685 0.0116558 -0.0116349 -0.00113623 -0.0172628 -0.0188704 -0.020704 -0.000576735 -0.0107627 -0.0236859
internal_weight=52476.7 50673.7 50384.2 32239.5 25772.9 18266.7 1803.02 7506.2 1316.74 18144.7 17378.5 16657.2 6466.55 3871.24 2595.31 721.306 629.736 546.681 346.828 766.211 269.492 496.719 687.004 644.029 83.8744 199.853 560.155
internal_count=230640 203959 198184 128659 93508 54772 26681 38736 16511 69525 63611 60736 35151 23502 11649 2875 4345 3660 2162 5914 1835 4079 12166 11634 1621 1498 10013
is_linear=0
shrinkage=0.05


Tree=113
num_leaves=31
num_cat=0
split_feature=2 2 2 8 0 7 8 8 8 5 4 6 0 8 6 4 8 8 8 8 2 8 2 7 0 4 8 8 8 6
split_gain=1388.35 722.591 274.345 231.833 191.149 129.922 109.754 102.504 99.0239 72.8023 68.0941 84.6407 67.264 63.8905 59.3167 57.0788 56.1256 55.897 47.1377 45.6588 39.7288 38.3507 36.754 35.4953 33.8088 33.5874 29.0786 28.2684 25.6127 24.0918
threshold=-1.0000000180025095e-35 1.0000000180025095e-35 -1.4999999999999998 42.778856277465827 61.500000000000007 -0.20562063902616498 11.03136730194092 49.591728210449226 62.377737045288093 4.5000000000000009 0.14314249902963641 1.0000000180025095e-35 78.500000000000014 -372.31275939941401 -1.4999999999999998 -0.39453032612800593 32.945169448852546 -235.70269012451169 11.03136730194092 -268.08998107910151 -2.4999999999999996 348.21440124511724 1.5000000000000002 0.05722481198608876 27.500000000000004 0.28522720932960516 -4.0424249172210684 -30.148659706115719 -216.81816101074216 -1.4999999999999998
decision_type=2 2 2 2 2 2 2 2 2 2 2 2 2 2 2 2 2 2 2 2 2 2 2 2 2 2 2 2 2 2
left_child=2 3 20 5 6 13 10 -5 15 14 11 -3 16 24 -7 -9 23 -15 -11 -12 -1 25 -8 27 -2 -18 -22 -4 -25 -10
right_child=1 4 12 7 -6 9 22 8 29 18 19 -13 -14 17 -16 -17 21 -19 -20 -21 26 -23 -24 28 -26 -27 -28 -29 -30 -31
leaf_value=0.036701141967442855 0.0018283885585692807 -0.010071638949087225 0.009770244376144363 -0.030012525531264208 -0.029395404594016072 -0.0095651535140582767 -0.018161407406232229 -0.027001204332188944 -0.027120735162912371 -0.0079004697973911377 0.0085912533758085927 0.015532129111290434 0.019439919219238069 0.017122136605973198 0.00015295725914215365 0.010808202179179965 0.0013979607275258134 0.0053174682728592366 -0.029594093153958764 -0.016228801627448566 0.027280881608761201 0.021633596001455976 -0.033755995489302019 -0.014296434305129691 -0.021066738459105283 -0.015674515437516353 0.014478114051443584 0.018109715727988387 0.0065345821446814827 -0.01064662736464405
leaf_weight=745.63355278968811 354.3223891556263 699.28144909441471 3320.6793887019157 611.55763518065214 2797.965232335031 1765.6198131591082 1818.8665396049619 108.5955077111721 231.37431883811951 1436.4327590316534 206.44147611409426 590.96125642955303 1411.7012083679438 1295.878963381052 13870.280957147479 827.58394536375999 1436.0681444853544 4415.8603491336107 300.18768703937531 1593.3850114531815 1357.5147950872779 184.41062051057816 486.7663886025548 150.55107137560844 289.79084533452988 355.17801091074944 688.62559995055199 1481.1219171881676 3007.0945501029491 4408.1003687232733
leaf_count=5775 990 2708 10899 2592 31668 5544 15353 417 1092 5803 682 2487 5253 3679 44810 3353 4125 12885 1587 10058 8090 553 7600 458 866 1053 3095 4538 8521 24106
internal_value=-0.000677817 -0.0056423 0.0127008 -0.00203785 -0.0187931 0.000210448 -0.0132731 -0.0106534 -0.00850505 -0.00202754 -0.00709517 0.00167017 0.00923836 0.00632436 -0.000947127 0.00630222 0.00777975 0.00800834 -0.0117246 -0.013366 0.0267316 0.000235565 -0.0215197 0.009651 -0.00855521 -0.00202147 0.0230179 0.0123587 0.00552036 -0.0114965
internal_weight=52247.8 38109.3 14138.6 29915.6 8193.67 23728.4 5395.7 6187.21 5575.65 17372.5 3090.07 1290.24 11346.8 6355.85 15635.9 936.179 9935.1 5711.74 1736.62 1799.83 2791.77 1975.66 2305.63 7959.45 644.113 1791.25 2046.14 4801.8 3157.65 4639.47
internal_count=230640 178280 52360 107724 70556 76164 38888 31560 28968 57744 15935 5195 35400 18420 50354 3770 30147 16564 7390 10740 16960 5731 22953 24416 1856 5178 11185 15437 8979 25198
is_linear=0
shrinkage=0.05


Tree=114
num_leaves=31
num_cat=0
split_feature=2 2 2 0 7 2 0 0 5 3 7 3 7 5 2 3 0 0 6 0 5 4 6 5 4 4 0 5 4 7
split_gain=1364.56 783.775 305.523 223.778 212.893 91.0443 88.7879 82.7623 76.882 68.6445 67.5933 65.9938 58.4974 53.2714 52.698 46.3422 37.4005 33.3572 33.3504 24.4709 23.8143 22.9583 25.9054 16.6012 21.3981 16.3118 16.2248 24.4375 24.3843 15.7568
threshold=1.0000000180025095e-35 -1.0000000180025095e-35 1.5000000000000002 56.500000000000007 -0.13101942092180249 -1.4999999999999998 64.500000000000014 79.500000000000014 -1.0000000180025095e-35 -1.0000000180025095e-35 0.16839202493429187 1.0000000180025095e-35 1.0000000180025095e-35 -3.4999999999999996 2.5000000000000004 -1.0000000180025095e-35 30.500000000000004 74.500000000000014 1.0000000180025095e-35 71.500000000000014 6.5000000000000009 0.866277575492859 1.5000000000000002 -3.4999999999999996 0.092304568737745299 0.84939640760421764 72.500000000000014 3.5000000000000004 -0.18962774425745008 0.27114334702491766
decision_type=2 2 2 2 2 2 2 2 2 2 2 2 2 2 2 2 2 2 2 2 2 2 2 2 2 2 2 2 2 2
left_child=1 3 7 5 8 -1 9 11 23 -6 -11 12 18 -7 17 29 -15 21 -2 25 -17 22 -4 -3 -25 -5 28 -28 -10 -8
right_child=2 4 14 19 6 13 15 -9 26 10 -12 -13 -14 16 -16 20 -18 -19 -20 -21 -22 -23 -24 24 -26 -27 27 -29 -30 -31
leaf_value=-0.030756691987578445 0.0087593941417167653 -0.019123433428379855 0.022246296347601308 -0.026259845692365658 0.025595838319037046 -0.023055176759255641 0.025353432719182209 0.020347416490350136 0.010316894627325615 -0.0012435686116645864 0.0044363103571085942 -0.017842809524428547 0.011499403978949397 -0.0024505045604254361 0.035057907044875929 -0.012159926640076381 -0.012521765175492309 0.031226977765457926 0.00077104856848088821 -0.033987360250478403 -0.0027854586447739324 0.024493706102742544 0.0058527688049447892 -0.010464803478522184 -0.027171262715345895 -0.0046793788676202427 -0.027771946299081723 0.001471551681178077 -0.0049822115820210436 0.000343237404420838
leaf_weight=611.76524095982313 2148.6397177875042 1321.2485809028149 404.67443106323481 1405.6641913056374 279.52408695220947 677.52538304030895 124.04661309719086 1261.5834242329001 275.12958139181137 14003.389299333096 8361.638141900301 260.14447043836117 4749.1275577694178 1731.0872973352671 1005.1817690357566 2118.3013802617788 1974.1920694857836 614.53951385617256 3324.5582645386457 1675.9000501483679 1000.2123004496098 694.78818400204182 597.72790870070457 2111.6257063522935 208.87942281365395 95.938168123364449 173.07074056565762 118.49739289283752 3769.4693918675184 123.27404583990574
leaf_count=5821 6703 5999 2283 10551 785 4145 427 5823 967 41166 24518 793 19645 7374 10051 8188 8961 4803 11074 15132 3265 5430 3916 7839 787 446 745 458 12276 403
internal_value=-0.000856768 -0.00547167 0.0120593 -0.0193698 -0.00212768 -0.0127496 6.44188e-05 0.00826809 -0.00927012 0.00119116 0.000880491 0.00680532 0.00744099 -0.010204 0.0254501 -0.00750656 -0.00782617 0.0212058 0.0039122 -0.0297393 -0.00916249 0.0174961 0.0125485 -0.0146223 -0.0120238 -0.0249012 -0.00476341 -0.0160625 -0.00393005 0.0131412
internal_weight=57221.3 42160.4 15061 8172.07 33988.3 4994.57 26010.4 11744.1 7977.92 22644.6 22365 10482.5 10222.3 4382.8 3316.91 3365.83 3705.28 2311.73 5473.2 3177.5 3118.51 1697.19 1002.4 3641.75 2320.51 1501.6 4336.17 291.568 4044.6 247.321
internal_count=230774 160253 70521 52430 107823 26301 78752 44038 29071 66469 65684 38215 37422 20480 26483 12283 16335 16432 17777 26129 11453 11629 6199 14625 8626 10997 14446 1203 13243 830
is_linear=0
shrinkage=0.05


Tree=115
num_leaves=31
num_cat=0
split_feature=8 9 4 8 8 8 8 8 8 4 8 8 5 5 8 8 8 8 8 8 4 8 8 8 7 8 8 7 5 8
split_gain=132.337 70.312 156.207 144.143 81.6682 118.204 74.6472 165.289 144.713 74.1586 68.4116 61.2844 126.996 115.262 60.8157 113.837 59.3039 123.863 57.6266 93.8386 65.94 57.5226 152.768 73.4872 51.7856 48.8554 55.4015 74.0531 65.1246 75.0083
threshold=247.85845947265628 1.0000000180025095e-35 -0.027575368992984291 -56.345481872558587 -37.716585159301751 -27.185948371887203 -130.9697570800781 -76.778827667236314 -177.2028884887695 -0.29975113272666926 -12.206459999084471 -198.72866058349607 2.5000000000000004 1.5000000000000002 369.94026184082037 384.61386108398443 11.03136730194092 39.87672424316407 -72.363105773925767 -68.484180450439439 -0.44381769001483912 -155.41359710693357 -138.78073883056638 -165.65875244140622 0.29899433255195623 352.43107604980474 303.84550476074224 0.46161034703254705 -1.0000000180025095e-35 342.64604187011724
decision_type=2 2 2 2 2 2 2 2 2 2 2 2 2 2 2 2 2 2 2 2 2 2 2 2 2 2 2 2 2 2
left_child=1 6 4 -4 -3 -6 8 9 11 -8 -7 12 -1 -13 25 -16 -5 -18 20 -20 -9 23 -23 -10 -11 26 27 -2 -28 -30
right_child=14 2 3 16 5 10 7 18 21 24 -12 13 -14 -15 15 -17 17 -19 19 -21 -22 22 -24 -25 -26 -27 28 -29 29 -31
leaf_value=-0.0026454606681719423 -0.030277814559701445 -0.013643859254304253 0.03945932179148378 -0.018610582138131465 0.043696340852348345 -0.022113408621959207 0.00090148190813415174 0.017174990491001327 -0.0099373529113324418 0.015345218560753144 0.0095155980686837238 0.027541500142171028 0.019532124269875478 -0.027427545237830156 0.029094483359932501 -0.011982100421643136 0.007117291512705984 -0.0209135990328553 0.026304104796035333 0.0025250993223141071 -0.029324628166326295 0.010186233401916199 -0.029325769212238974 -0.041566280899476352 0.042804888496796367 -0.036593423253526797 0.044722954992161716 0.028548519836615879 0.0028286027842242753 -0.037204416337867884
leaf_weight=4728.1718934588134 482.55942762643099 413.14893619716167 136.92595043778419 1672.5740419998765 233.76078008487821 185.78829465433955 929.83611585944891 101.08393406867981 396.73582569137216 2949.8994836322963 1658.5085911042988 491.98225397989154 742.44891331717372 113.7433123588562 242.09166571125388 526.47440524026752 899.36046858876944 694.01291234046221 415.48669563233852 31580.48561450094 274.28196480870247 579.55312881618738 416.0755142532289 343.79966299235821 179.44180206209421 243.02703159675002 61.178196683526039 56.129352312535048 451.6018360555172 152.63743318244815
leaf_count=22215 5338 1836 430 7508 849 788 4427 533 1829 10275 6403 2166 3011 450 1600 4677 3950 3427 1597 130824 1088 2609 1781 1814 562 2454 427 544 3926 1436
internal_value=0.0016388 0.00216764 -0.00296055 -0.00991897 0.00654517 0.0105822 0.00285108 0.00380207 -0.00158309 0.0133068 0.00627822 0.00205689 0.000379472 0.0170794 -0.0103058 0.00106109 -0.0120463 -0.00511913 0.00260836 0.00283795 -0.0167414 -0.0142919 -0.00638995 -0.0248016 0.0169856 -0.0163255 -0.0121004 -0.0239422 -0.00240683 -0.00750651
internal_weight=52352.8 50137.1 5894.08 3402.87 2491.21 2078.06 44243 36430.5 7812.51 4059.18 1844.3 6076.35 5470.62 605.726 2215.7 768.566 3265.95 1593.37 32371.3 31996 375.366 1736.16 995.629 740.535 3129.34 1447.13 1204.11 538.689 665.417 604.239
internal_count=230774 210372 25191 15315 9876 8040 185181 149306 35875 15264 7191 27842 25226 2616 20402 6277 14885 7377 134042 132421 1621 8033 4390 3643 10837 14125 11671 5882 5789 5362
is_linear=0
shrinkage=0.05


Tree=116
num_leaves=31
num_cat=0
split_feature=2 2 2 8 0 8 8 7 3 0 0 8 4 6 8 3 8 2 0 6 3 8 8 2 8 8 8 4 8 8
split_gain=1274.35 706.125 264.387 229.934 182.513 109.572 99.5467 94.7419 70.8433 80.1172 70.5022 55.9759 53.8749 80.2914 50.3854 41.0164 40.8342 40.3254 34.5376 34.0282 40.5988 33.7831 31.3944 30.5311 29.9815 22.7061 30.159 19.9145 17.487 15.4175
threshold=-1.0000000180025095e-35 1.0000000180025095e-35 -1.4999999999999998 19.12481784820557 61.500000000000007 17.014272689819339 11.03136730194092 0.034276813268661506 -1.0000000180025095e-35 73.500000000000014 39.500000000000007 32.945169448852546 0.14314249902963641 1.0000000180025095e-35 -268.08998107910151 1.0000000180025095e-35 -48.137819290161126 -2.4999999999999996 67.500000000000014 2.5000000000000004 1.0000000180025095e-35 348.21440124511724 -155.41359710693357 1.5000000000000002 75.15427398681642 -4.0424249172210684 3.2915763854980473 -1.5111640095710752 312.58627319335943 -31.164384841918942
decision_type=2 2 2 2 2 2 2 2 2 2 2 2 2 2 2 2 2 2 2 2 2 2 2 2 2 2 2 2 2 2
left_child=2 3 17 5 6 7 12 10 -4 11 -2 22 13 -3 -14 23 -9 -1 25 20 24 -13 -10 -8 -5 29 -27 -6 -21 -19
right_child=1 4 8 19 27 -7 15 16 9 -11 -12 21 14 -15 -16 -17 -18 18 -20 28 -22 -23 -24 -25 -26 26 -28 -29 -30 -31
leaf_value=0.03645041919643318 0.0051739483766368218 -0.011139801016185356 -0.022108610298644891 -0.0055326178981837974 0.0072471694624797432 0.034697881024130892 -0.019105317256857525 -0.010304674647300456 0.015152419040669296 0.018510403884195364 -0.0020669862715257423 -0.0027357177657949959 0.0092130612576595671 0.013574479535751078 -0.016267336430634927 0.023535588095988273 -0.0018072832219071088 0.019028971069208069 0.031401652958939062 -0.023082848023266864 0.019943733255107385 0.019691791589928738 0.0074488453893488491 -0.033715940901139205 -0.011802732361818585 -0.015894818600487956 0.015093478995663302 -0.029784358849615639 0.00015656771332209782 0.037603993759004611
leaf_weight=714.83488167822361 9630.5991358906031 707.06556957215071 177.73768372833729 4154.8860946446657 35.022255107760429 231.22574590146542 1746.0805125460029 2120.8293470591307 1745.0825195610523 1947.779130294919 5159.4542627930641 1652.8673134446144 218.44167425483465 605.30554185062647 1547.6245526187122 46.177899193018675 4229.534862101078 734.60410838574171 702.62774279713631 564.65682807564735 123.61935336887836 181.83586913347244 5532.8562787622213 462.69646006822586 3545.4777999892831 97.590362042188644 335.68194103240967 2644.4050250463188 94.277205273509026 136.49454015493393
leaf_count=5858 27259 2753 555 16894 182 724 15164 6982 6085 7152 16553 4757 714 2519 9926 275 14842 4120 4574 3558 495 543 16190 7615 19870 452 1389 31373 646 755
internal_value=-0.000709488 -0.00546991 0.0122008 -0.00193145 -0.0186442 0.00083347 -0.0132747 0.000454957 0.00880704 0.00931361 0.00264813 0.00733877 -0.00740932 0.000267435 -0.0130986 -0.0212479 -0.00465103 0.0261714 0.0224288 -0.0088937 -0.00796467 -0.000465469 0.00930512 -0.0222352 -0.00842535 0.017494 0.00801196 -0.0292877 -0.0197817 0.0221375
internal_weight=51827.4 37867.4 13960 29854.6 8012.82 21371.6 5333.39 21140.4 11238.2 11060.4 14790.1 9112.64 3078.44 1312.37 1766.07 2254.95 6350.36 2721.83 2007 8482.92 7823.98 1834.7 7277.94 2208.78 7700.36 1304.37 433.272 2679.43 658.934 871.099
internal_count=230774 178344 52430 107823 70521 66360 38966 65636 35282 34727 43812 27575 15912 5272 10640 23054 21824 17148 11290 41463 37259 5300 22275 22779 36764 6716 1841 31555 4204 4875
is_linear=0
shrinkage=0.05


Tree=117
num_leaves=31
num_cat=0
split_feature=2 2 2 0 8 3 4 0 2 7 8 8 8 8 4 6 7 7 0 8 8 8 0 0 4 8 8 0 8 4
split_gain=1218.94 743.342 305.682 212.679 207.167 106.199 96.3642 88.9031 81.4772 76.8032 68.1482 64.5313 60.6766 54.6863 52.3653 45.455 45.3376 42.7106 41.1165 37.586 89.059 46.9963 33.2682 30.9219 28.93 23.7611 37.3108 22.7216 25.3858 19.0573
threshold=-1.0000000180025095e-35 1.0000000180025095e-35 1.5000000000000002 56.500000000000007 -66.618366241455064 -1.0000000180025095e-35 -0.48390856385231013 75.500000000000014 -1.4999999999999998 -0.046344831585884087 -0.54526796936988819 235.95204162597659 -38.559890747070305 39.87672424316407 0.49071961641311651 1.5000000000000002 -0.062005056068301194 0.064962290227413191 20.500000000000004 -254.63584899902341 -113.14067459106444 -322.24613952636713 77.500000000000014 69.500000000000014 0.32175916433334356 -394.88154602050776 -287.51872253417963 70.500000000000014 -23.128694534301754 -0.079464629292488084
decision_type=2 2 2 2 2 2 2 2 2 2 2 2 2 2 2 2 2 2 2 2 2 2 2 2 2 2 2 2 2 2
left_child=3 4 7 8 5 -2 12 11 -1 23 22 16 -6 -14 -11 -13 -3 25 29 21 -21 -7 24 -8 -4 -10 -27 28 -5 -19
right_child=1 2 10 27 6 19 9 -9 17 14 -12 15 13 -15 -16 -17 -18 18 -20 20 -22 -23 -24 -25 -26 26 -28 -29 -30 -31
leaf_value=-0.02996715155028103 0.03904653218111382 0.00072431628607013982 0.026833736861953662 -0.031400176819556452 0.01200226747171297 -0.010549260759593636 -0.0028746022902306372 0.018024954659386305 0.0084882937736909161 0.0034936375629455231 0.03035462004405743 0.030487975774476962 -0.022488121511137535 -0.0013878079683169841 -0.0035302163721655181 0.0078942378008075194 0.0078383181144203017 0.016703395241709353 -0.0085710760634322685 -0.0022866320481741173 -0.016028225270030099 -0.027818241467080784 0.030680402644402412 -0.015190184616648278 0.0052058516366352212 -0.034480830596061461 -0.013585344844987267 -0.033272606633680264 -0.017525537478663537 -0.0045591980971239994
leaf_weight=585.98621063679457 103.77817949652672 4216.8916076421738 197.12727292627096 661.40473319590092 225.79769565165043 1028.8509673774242 6301.488147392869 1743.4341301470995 101.40929541736841 15674.117195889354 2098.1031312420964 418.41340678930283 952.56462304294109 453.04463857412338 3189.9574572145939 479.52405948936939 4774.0046607106924 270.67123664915562 1627.2270519882441 2595.8228700906038 2158.3770671486855 644.6601746827364 256.76350358128548 550.0759571492672 673.43473839014769 238.36805029213428 1958.6146773025393 1690.8489537872374 710.17899467051029 167.73236705362797
leaf_count=5800 377 13061 893 5878 874 4897 18589 8033 652 45583 20810 2472 3768 1438 9576 2853 17521 1008 6468 9823 7398 3222 1667 2193 3238 1591 10303 15859 4389 556
internal_value=-0.000883729 0.00208811 0.0114106 -0.0189502 -0.00200142 -0.00999827 -8.99933e-05 0.0076278 -0.0125222 0.000658534 0.0250201 0.00578656 -0.0118549 -0.0157163 0.00230527 0.0185328 0.00450398 -0.0101482 -0.00491291 -0.0108199 -0.00853551 -0.0172646 0.0150016 -0.00387371 0.0102285 -0.0148323 -0.0159256 -0.0293028 -0.0243059 0.00860869
internal_weight=56748.7 48736.2 14857.7 8012.44 33878.5 6531.49 27347 11632.3 4950.01 25715.6 3225.43 9888.83 1631.41 1405.61 18864.1 897.937 8990.9 4364.02 2065.63 6427.71 4754.2 1673.51 1127.33 6851.56 870.562 2298.39 2196.98 3062.43 1371.58 438.404
internal_count=230790 178286 70548 52504 107738 25717 82021 43940 26378 75941 26608 35907 6080 5206 55159 5325 30582 20578 8032 25340 17221 8119 5798 20782 4131 12546 11894 26126 10267 1564
is_linear=0
shrinkage=0.05


Tree=118
num_leaves=17
num_cat=0
split_feature=2 2 8 8 8 8 8 8 8 8 8 8 6 8 4 7
split_gain=208.121 137.488 84.0331 58.5683 110.135 57.3662 91.1717 170.789 84.5304 53.4532 58.6972 43.3637 48.5938 29.539 20.2169 1.44547
threshold=2.5000000000000004 -2.4999999999999996 247.85845947265628 369.94026184082037 384.61386108398443 -388.37040710449213 -130.9697570800781 -66.618366241455064 -177.2028884887695 352.43107604980474 303.84550476074224 -434.33631896972651 1.0000000180025095e-35 393.63970947265631 0.1072625480592251 -0.23230334371328351
decision_type=2 2 2 2 2 2 2 2 2 2 2 2 2 2 2 2
left_child=1 -1 5 9 14 11 8 -8 -7 10 -4 15 -13 -6 -5 -3
right_child=-2 2 3 4 13 6 7 -9 -10 -11 -12 12 -14 -15 -16 -17
leaf_value=-0.033791518684936621 -0.032428109020406305 -0.0026547439089348798 -0.022405757083152462 0.046369315630769868 -0.035738822831375701 0.00018376758750392598 0.011533124915754671 0.00192230446267295 -0.012626502186139785 -0.036560905544320975 0.00081254541916319495 0.025746035215036562 -0.0016953837623329929 -0.0039519142639637605 0.015819429547889851 -0.011372785030520633
leaf_weight=263.00831080600619 439.57678989320993 97.316355634480715 485.70345444232225 115.39866794645786 84.69987815618515 4954.3947210237384 5288.307139698416 36505.009899314493 1734.9760597608984 216.2544277831912 610.56267607584596 639.97882863879204 214.35003963857889 403.65377299115062 112.65556690096855 96.042743772268295
leaf_count=5753 10109 405 4828 547 715 21279 19391 145645 7599 2026 4686 2745 768 3165 701 428
internal_value=0.00163684 0.0019289 0.00211437 -0.00784706 0.00363638 0.00252317 0.00227219 0.00313964 -0.00314569 -0.014105 -0.0095294 0.0140716 0.0188912 -0.00977135 0.0319413 -0.00716257
internal_weight=52261.9 51822.3 51559.3 2028.93 716.408 49530.4 48482.7 41793.3 6689.37 1312.52 1096.27 1047.69 854.329 488.354 228.054 193.359
internal_count=230790 220681 214928 16668 5128 198260 193914 165036 28878 11540 9514 4346 3513 3880 1248 833
is_linear=0
shrinkage=0.05


Tree=119
num_leaves=31
num_cat=0
split_feature=8 5 4 8 8 8 8 4 8 8 3 8 8 8 8 8 8 5 8 6 8 8 7 4 0 8 8 6 4 5
split_gain=589.067 200.871 180.154 133.621 152.558 135.957 119.079 102.664 101.558 98.4234 86.3639 69.4625 105.297 71.9586 65.2317 88.8883 96.7156 61.1068 55.1947 64.0258 65.9232 47.4214 46.1067 44.3873 44.0217 40.9919 27.063 21.1909 20.8478 14.5578
threshold=19.12481784820557 -3.4999999999999996 0.97636765241622936 -90.108810424804673 -30.148659706115719 -21.224973678588864 17.014272689819339 0.75114825367927562 -36.567935943603509 -76.778827667236314 1.0000000180025095e-35 -245.087776184082 -388.37040710449213 -216.81816101074216 23.550344467163089 42.778856277465827 49.591728210449226 5.5000000000000009 -100.76657485961913 -1.4999999999999998 -144.44563293457028 10.295456886291506 -0.064733181148767457 -0.43237961828708643 67.500000000000014 419.47741699218756 6.2212312221527108 -1.0000000180025095e-35 -1.2260485291481016 6.5000000000000009
decision_type=2 2 2 2 2 2 2 2 2 2 2 2 2 2 2 2 2 2 2 2 2 2 2 2 2 2 2 2 2 2
left_child=1 3 10 18 8 -6 7 11 9 -5 14 12 -3 -13 23 17 -17 -16 19 28 -21 22 -9 -2 -12 -4 -7 -26 -1 -23
right_child=2 6 25 4 5 26 -8 21 -10 -11 24 13 -14 -15 15 16 -18 -19 -20 20 -22 29 -24 -25 27 -27 -28 -29 -30 -31
leaf_value=0.028371160530601972 0.010668967012560142 -0.0062799758307189469 -0.027036268541016362 -0.032665603342514782 0.042544790367540032 0.010521840824290214 0.028652021546123448 -0.01996332195034491 -0.038994348235656111 0.003940682489050348 0.031847254402626486 -0.015109763232687486 0.01260366912258863 0.00085102154672776352 0.0023063154979406516 -0.025218714819314005 -0.0078999950260275759 -0.02579864816401721 0.046732661527887652 0.013130344294647182 -0.015148332839849954 -0.021596845858933782 -0.002834720984396492 -0.029809797713331438 0.013441834741942714 0.023937661533457416 -0.0031586187349566387 -0.020000938514557531 0.017588151367869807 -0.055751096661048674
leaf_weight=676.13077342510223 75.750994272530079 998.32896099984646 1429.0305726006627 222.60886910557747 306.59474486112595 1299.9852814413607 377.62379352375865 569.53767115622759 232.95006410032511 946.15506859868765 201.20601795241237 723.82278301566839 2800.5601606369019 22726.474771428853 2785.3526150844991 886.03405257686973 8624.4734119102359 202.80732025206089 150.02194687724113 829.17197635024786 269.13330396264791 79.106131285429001 1249.1958724670112 495.06924986466765 98.650698997080326 36.893939852714539 497.33642925322056 82.285988543182611 1482.6340724974871 61.597851783037186
leaf_count=4254 281 3255 17767 906 1193 5207 1541 3986 833 3786 803 2405 9306 80866 11997 4396 51240 1132 608 2925 970 651 8176 2754 436 488 1959 479 5845 345
internal_value=-0.000688386 0.00273313 -0.00905797 0.0104036 0.00354221 0.0120445 0.000939492 0.000576368 -0.00921686 -0.00314099 -0.00723808 0.00137198 0.00763941 0.000355256 -0.00792495 -0.00716344 -0.00952587 0.000358914 0.017448 0.0160295 0.00616357 -0.0104632 -0.00823858 -0.024392 0.0160523 -0.0256764 0.00673806 -0.00189605 0.0210232 -0.0379491
internal_weight=51416.5 36499 14917.6 6912.72 3505.63 2103.92 29586.2 29208.6 1401.71 1168.76 13451.6 27249.2 3798.89 23450.3 13069.5 12498.7 9510.51 2988.16 3407.09 3257.07 1098.31 1959.44 1818.73 570.82 382.143 1465.92 1797.32 180.937 2158.76 140.704
internal_count=230790 139017 91773 28486 13884 8359 110531 108990 5525 4692 73518 95832 12561 83271 71800 68765 55636 13129 14602 13994 3895 13158 12162 3035 1718 18255 7166 915 10099 996
is_linear=0
shrinkage=0.05


Tree=120
num_leaves=31
num_cat=0
split_feature=2 2 2 0 8 3 3 5 4 2 0 8 8 4 5 3 0 6 0 0 2 4 4 7 8 8 4 7 5 0
split_gain=1174.96 665.956 293.448 218.849 177.51 105.15 100.333 87.0179 85.8592 83.7475 78.3603 68.7988 64.6097 60.7701 58.3499 54.5785 46.8783 44.1724 43.0606 42.569 34.378 33.2571 45.7125 33.0582 32.7758 32.7667 27.4749 25.4321 18.4686 13.5874
threshold=1.0000000180025095e-35 -1.0000000180025095e-35 1.5000000000000002 54.500000000000007 -66.618366241455064 -1.0000000180025095e-35 1.0000000180025095e-35 -4.4999999999999991 -0.63527449965476979 -1.4999999999999998 81.500000000000014 235.95204162597659 -0.54526796936988819 -1.3821108937263487 8.5000000000000018 1.0000000180025095e-35 57.500000000000007 1.5000000000000002 43.500000000000007 20.500000000000004 2.5000000000000004 0.52287265658378612 0.866277575492859 0.45005542039871221 96.730762481689467 12.074971675872805 0.28522720932960516 -0.03393734619021415 7.5000000000000009 69.500000000000014
decision_type=2 2 2 2 2 2 2 2 2 2 2 2 2 2 2 2 2 2 2 2 2 2 2 2 2 2 2 2 2 2
left_child=1 3 10 9 5 -3 7 13 -9 -1 11 15 20 -6 16 18 -7 -13 -2 27 21 -4 -23 -19 29 -8 -21 -11 -26 -5
right_child=2 4 12 24 6 14 25 8 -10 19 -12 17 -14 -15 -16 -17 -18 23 -20 26 -22 22 -24 -25 28 -27 -28 -29 -30 -31
leaf_value=-0.03050892309731067 0.0018527132403949138 0.038868067153957332 0.02237907358047752 -0.026247157863277144 0.020109287888742621 -0.009378341430551761 -0.01011737093088716 -0.019002186942888175 0.00078344343647379741 -0.010304852474765373 0.020641955229014606 0.030544488886624512 0.029924862252670867 -0.01800508694417156 0.023258158438835844 -0.01826724215721692 -0.021128625951556807 0.01399022942986867 0.0086282872354383235 -0.013995787026681139 0.034681630199050767 -0.012465759669268562 0.015858534983973608 -0.021586846813898823 -0.0051084933719330785 -0.039529849610440149 -0.00094648157031155936 0.0061813768582641634 -0.031482108104809316 -0.03361596799292977
leaf_weight=517.54711402952671 4466.2464974224567 104.31850457191467 372.92270992696285 1287.9822962097824 112.81385795772076 5228.9538799226284 183.80764432251453 555.46872359514236 25275.259641215205 373.92554543912411 1006.7881160825491 435.05592681467533 2018.0718862786889 982.20108145475388 120.04841560125351 244.98342674970627 1014.7149939909577 434.49045372754335 4940.0330042913556 2698.2587294206023 178.66703960299492 253.25265158712864 312.98269312828779 72.103365391492844 224.69328698515892 200.87216225266457 475.00194780528545 606.32394160330296 90.769503653049469 1570.8477744907141
leaf_count=5266 14594 379 1757 10285 478 20019 693 1998 74411 2048 4799 2646 20789 3741 397 739 4874 2678 18184 13402 1465 986 1600 412 1106 695 1811 2302 433 15686
internal_value=-0.00111492 -0.00541039 0.0110163 -0.0185286 -0.00236127 -0.00980585 -0.00059667 -0.000232076 0.000354374 -0.0116245 0.00734145 0.00606818 0.0245761 -0.0140048 -0.0106336 0.00480358 -0.0113034 0.0189357 0.00541383 -0.00923756 0.0148294 0.0108891 0.00319207 0.00876507 -0.0286539 -0.0257861 -0.012047 -0.000127834 -0.0130699 -0.0303477
internal_weight=56359.4 41623.8 14735.6 7845.35 33778.5 6468.04 27310.4 26925.7 25830.7 4671.06 11599.7 10592.9 3135.9 1095.01 6363.72 9651.26 6243.67 941.65 9406.28 4153.51 1117.83 939.158 566.235 506.594 3174.29 384.68 3173.26 980.249 315.463 2858.83
internal_count=230673 160024 70649 52339 107685 25669 82016 80628 76409 24829 44052 39253 26597 4219 25290 33517 24893 5736 32778 19563 5808 4343 2586 3090 27510 1388 15213 4350 1539 25971
is_linear=0
shrinkage=0.05


Tree=121
num_leaves=18
num_cat=0
split_feature=2 2 9 4 2 4 2 4 4 5 7 7 4 6 4 6 6
split_gain=199.86 132.97 62.5468 115.401 60.8278 92.5801 66.7695 42.5637 63.7945 40.7054 46.2566 33.0689 76.682 34.4229 32.9019 25.1465 14.4587
threshold=2.5000000000000004 -2.4999999999999996 1.0000000180025095e-35 -0.020519999787211415 1.5000000000000002 0.93829354643821727 -1.4999999999999998 0.73700830340385448 0.59445485472679149 2.5000000000000004 0.36903084814548498 -0.064733181148767457 -1.1796581745147703 1.0000000180025095e-35 0.27874848246574407 -1.0000000180025095e-35 1.0000000180025095e-35
decision_type=2 2 2 2 2 2 2 2 2 2 2 2 2 2 2 2 2
left_child=1 -1 4 11 5 6 -3 8 -6 14 -11 12 -4 -13 -5 -7 -9
right_child=-2 2 3 9 7 15 -8 16 -10 10 -12 13 -14 -15 -16 -17 -18
leaf_value=-0.033727206787395166 -0.032503583771602361 -0.010901057267783327 -0.038224146409105611 -0.0077547252495126524 -0.0085807512647650235 -0.0045593559329758938 0.0028518581765893097 0.010486878711601212 0.029804893776322623 -0.019136995439558931 0.0066138859948112602 0.0066499086433640282 0.0036637474634170749 0.026659812526460304 0.0076930316344124621 0.013748656931811662 -0.02057073448150791
leaf_weight=253.67473861947656 417.33627125993371 897.07341615110636 115.4423831962049 1439.5065001584589 428.85826748982072 201.26097631454468 41098.731604903936 37.391658931970596 139.2253733612597 1181.6127622239292 201.88211094215512 947.79184113070369 1171.6817936114967 275.16333157941699 448.31873446330428 2375.5666165947914 518.28247989714146
leaf_count=5770 10145 10087 548 5430 5258 841 154583 474 1285 5685 876 3594 4342 956 2003 11017 7779
internal_value=0.00175327 0.00203275 0.00221223 -0.00268594 0.00283216 0.00312214 0.00255682 -0.00863246 0.00100473 -0.00886796 -0.0153691 0.00537253 -0.000226559 0.0112423 -0.00407558 0.0123127 -0.018406
internal_weight=52148.8 51731.5 51477.8 5781.4 45696.4 44572.6 41995.8 1123.76 568.084 3271.32 1383.49 2510.08 1287.12 1222.96 1887.83 2576.83 555.674
internal_count=230673 220528 214758 23434 191324 176528 164670 14796 6543 13994 6561 9440 4890 4550 7433 11858 8253
is_linear=0
shrinkage=0.05


Tree=122
num_leaves=31
num_cat=0
split_feature=2 2 2 0 8 8 8 5 8 3 3 0 8 4 8 8 8 9 8 5 3 2 0 2 0 8 8 0 8 5
split_gain=1099.85 616.736 251.116 190.047 175.126 92.3188 89.1808 81.9157 75.1136 73.3561 64.6187 68.8265 55.0965 60.0294 50.8487 50.5884 39.0475 43.8009 74.2796 38.9718 38.3271 37.6567 35.2391 30.1839 28.7012 26.5186 28.962 22.7491 23.1551 15.9514
threshold=-1.0000000180025095e-35 1.0000000180025095e-35 -1.4999999999999998 59.500000000000007 19.12481784820557 17.014272689819339 11.03136730194092 1.5000000000000002 -46.97898864746093 1.0000000180025095e-35 -1.0000000180025095e-35 75.500000000000014 7.8179750442504892 0.13766863197088244 -155.41359710693357 -177.2028884887695 20.889002799987797 1.0000000180025095e-35 95.022144317626967 6.5000000000000009 1.0000000180025095e-35 -2.4999999999999996 36.500000000000007 1.5000000000000002 68.500000000000014 -4.0424249172210684 2.6203181743621831 74.500000000000014 10.295456886291506 2.5000000000000004
decision_type=2 2 2 2 2 2 2 2 2 2 2 2 2 2 2 2 2 2 2 2 2 2 2 2 2 2 2 2 2 2
left_child=2 4 21 6 5 7 12 9 -9 -2 -4 14 13 -3 15 -12 -6 19 -19 -18 23 -1 -16 -8 25 -23 -27 28 29 -5
right_child=1 3 10 27 16 -7 20 8 -10 -11 11 -13 -14 -15 22 -17 17 18 -20 -21 -22 24 -24 -25 -26 26 -28 -29 -30 -31
leaf_value=0.03612778644345694 0.0016040697162515633 0.0010625869115659446 -0.02114478257482556 -0.011568629483373456 -0.03005439190713512 0.03122602729770145 -0.017669303276505368 -0.012204667352693052 0.00015807559039441091 0.02620028895412585 0.011463036152861285 0.018177557285498382 0.032742015050402938 -0.013579884225632942 0.0010713631926644654 0.036936069310666959 -0.0074729590320020802 0.0074018420002098118 -0.037348949537699787 -0.020258988657188799 0.024757805480078922 0.022674608646962587 0.0080707863549330707 -0.033361003762747692 0.030821979706714228 -0.016421940914486441 0.014239600057975433 -0.03300021577641804 -0.030371177208230644 -0.027010454635092187
leaf_weight=649.42616886645555 15735.865131080151 1217.7103218957782 178.71142664551735 473.98344685509801 188.662428855896 239.73000487685204 1634.7535469159484 2180.8881474435329 2805.3930195719004 304.12677855789661 1554.7878449261189 1653.8258579075336 83.474535774439573 1639.1162546426058 2973.223778873682 219.91693535447121 6585.0770978555083 869.69408961385489 98.745475120842457 652.97487698495388 43.360347285866737 859.89132238179445 4551.8314432650805 385.16342937573791 627.64613033086061 94.933661878108978 336.3466522693634 1319.7294544316828 667.63304767757654 266.93287871778011
leaf_count=5770 46839 4843 558 3402 967 738 14596 7367 10239 917 5544 6328 455 9899 8646 781 32280 3610 524 4204 246 5063 13446 6928 4337 441 1425 17874 9592 2814
internal_value=-0.00055967 -0.00500015 0.0115572 -0.0175723 -0.00172052 0.000693753 -0.0117644 0.0003383 -0.00525592 0.00207845 0.00829863 0.00878844 -0.00615585 -0.00734764 0.00710985 0.0147145 -0.00783297 -0.00730412 0.00267049 -0.00863963 -0.0197228 0.0256381 0.00530779 -0.0207364 0.0220031 0.0176139 0.00737951 -0.0281827 -0.0235682 -0.0172757
internal_weight=51093.6 37393 13700.5 7731.86 29661.2 21266 5003.58 21026.3 4986.28 16040 11132.3 10953.6 2940.3 2856.83 9299.76 1774.7 8395.15 8206.49 968.44 7238.05 2063.28 2568.24 7525.06 2019.92 1918.82 1291.17 431.28 2728.28 1408.55 740.916
internal_count=230673 178334 52339 70649 107685 66100 36967 65362 17606 47756 35303 34745 15197 14742 28417 6325 41585 40618 4134 36484 21770 17036 22092 21524 11266 6929 1866 33682 15808 6216
is_linear=0
shrinkage=0.05


Tree=123
num_leaves=31
num_cat=0
split_feature=2 2 2 0 8 5 4 3 0 2 8 8 8 5 0 3 5 8 0 8 4 5 9 7 8 8 4 8 5 2
split_gain=1020.67 617.312 275.031 208.964 168.568 99.4512 95.5496 91.4757 84.4458 79.7632 67.388 65.4428 65.1042 56.638 52.288 48.736 47.6714 48.2726 46.6875 40.0898 36.2577 33.8241 31.1386 30.5108 26.8514 25.0876 20.0557 17.2304 17.1885 15.9886
threshold=1.0000000180025095e-35 -1.0000000180025095e-35 1.5000000000000002 55.500000000000007 -66.618366241455064 -3.4999999999999996 -0.61825299263000477 -1.0000000180025095e-35 80.500000000000014 -1.4999999999999998 -9.2462801933288556 107.69263076782228 235.95204162597659 7.5000000000000009 55.500000000000007 1.0000000180025095e-35 -3.4999999999999996 179.729362487793 41.500000000000007 -361.24395751953119 -1.3821108937263487 7.5000000000000009 1.0000000180025095e-35 0.307909905910492 96.730762481689467 369.94026184082037 0.75114825367927562 73.35733795166017 7.5000000000000009 2.5000000000000004
decision_type=2 2 2 2 2 2 2 2 2 2 2 2 2 2 2 2 2 2 2 2 2 2 2 2 2 2 2 2 2 2
left_child=1 3 8 9 7 20 27 -3 12 -1 18 -8 15 14 -9 19 -11 -18 -4 -2 -6 25 -22 -23 -5 -14 -12 -7 -26 -20
right_child=2 4 10 24 5 6 11 13 -10 16 26 -13 21 -15 -16 -17 17 -19 29 -21 22 23 -24 -25 28 -27 -28 -29 -30 -31
leaf_value=-0.029778446542253947 -0.016363763798708849 0.035982401932570067 -0.012519844621843822 -0.029885627067964056 0.011864428714213367 -0.025022689745053357 -0.00046278812278843741 -0.0089077107296445628 0.019960395581227083 -0.021683137338343674 0.021755664682703024 0.0059529566677255707 0.028539007388804001 0.017396349167301508 -0.021150262375791925 -0.018209549614739719 -0.0086629868477294345 0.010833241709536704 0.01435060266412313 0.0052582703919643826 -0.010165565252916278 0.018304315355493407 -0.026600538068098041 -0.020901981781651285 -0.0056395167885530222 0.0070675535760850285 0.032526074583593433 -0.0037436240611567273 -0.03174210251593234 0.034064905517005764
leaf_weight=515.93470407277346 214.8490996658802 104.19751185178757 150.45519660413265 2658.8188155442476 143.17784784734249 421.35871590673923 20027.452580884099 5080.2983743995428 1099.0629376769066 625.79742345958948 710.72660388797522 4953.7126862853765 533.84967382252216 176.11269098520279 1053.6205716729164 232.31349430978298 3216.6637712568045 347.94355115294456 692.69862382858992 9017.2376163303852 1234.6138510406017 97.498585268855095 376.7417876124382 91.19873271137476 209.84377141296864 187.37692801654339 1347.6745854392648 124.9810773730278 87.010205924510956 121.03363020718098
leaf_count=5493 653 370 602 25222 611 1590 57473 19551 5330 4010 6394 16005 3382 576 5095 694 15032 975 3352 31536 4508 649 1442 555 1063 1059 15253 379 431 1000
internal_value=-0.00106411 -0.00506564 0.0103504 -0.0178711 -0.00215165 -0.000436284 0.000356133 -0.00944172 0.0068096 -0.011308 0.0237574 0.000810377 0.00540745 -0.0102197 -0.0110261 0.0041737 -0.00900113 -0.00674744 0.0127524 0.0047465 -0.0119338 0.0181472 -0.0140785 -0.000694784 -0.0282848 0.0230477 0.028869 -0.020233 -0.0136894 0.017473
internal_weight=55854.3 41358.3 14496 7662.01 33696.3 27282 25527.5 6414.23 11473.4 4706.34 3022.59 24981.2 10374.3 6310.03 6133.92 9464.4 4190.4 3564.61 964.187 9232.09 1754.53 909.924 1611.36 188.697 2955.67 721.227 2058.4 546.34 296.854 813.732
internal_count=230285 159826 70459 52226 107600 82008 75447 25592 43858 25510 26601 73478 38528 25222 24646 32883 20017 16007 4954 32189 6561 5645 5950 1204 26716 4441 21647 1969 1494 4352
is_linear=0
shrinkage=0.05


Tree=124
num_leaves=31
num_cat=0
split_feature=8 9 4 8 8 8 8 5 8 8 8 8 5 7 8 8 8 8 8 8 8 8 8 7 8 8 8 8 8 8
split_gain=114.111 69.1346 124.406 125.143 85.4972 97.6057 79.8395 67.9886 63.4699 140.688 199.005 137.852 71.5297 63.036 61.8706 144.031 57.6886 69.7168 53.117 51.7022 76.2019 67.8539 72.7813 64.6617 60.8375 47.0644 46.2677 136.847 75.6481 44.5726
threshold=247.85845947265628 1.0000000180025095e-35 -0.020519999787211415 -48.137819290161126 -37.716585159301751 -31.164384841918942 29.183349609375004 -1.4999999999999998 -130.9697570800781 -85.063129425048814 -87.961193084716783 -177.2028884887695 -1.0000000180025095e-35 -0.067201726138591752 11.03136730194092 39.87672424316407 -388.37040710449213 -230.11035156249997 330.51454162597662 369.94026184082037 384.61386108398443 342.64604187011724 303.84550476074224 0.46161034703254705 312.58627319335943 -56.345481872558587 -155.41359710693357 -149.64546966552732 -165.65875244140622 -434.33631896972651
decision_type=2 2 2 2 2 2 2 2 2 2 2 2 2 2 2 2 2 2 2 2 2 2 2 2 2 2 2 2 2 2
left_child=1 8 4 -4 25 -6 -7 18 11 10 13 16 -12 -10 -5 -16 29 -18 -2 21 -21 22 23 -9 -24 -3 28 -28 -13 -1
right_child=7 2 3 14 5 6 -8 19 9 -11 12 26 -14 -15 15 -17 17 -19 -20 20 -22 -23 24 -25 -26 -27 27 -29 -30 -31
leaf_value=-0.0086089127976648108 -0.018423371124900306 -0.00067489014734792752 0.028712014901547667 -0.01863627285180168 0.048471290104481334 0.0011841630004772675 0.025158256555541811 -0.031223422793120778 0.0030112791692458347 0.002890161349476698 0.080786624604747823 -0.0082762838271591491 0.027939011594863134 0.017172010522214249 0.0084918044176846199 -0.022196509809960307 -0.0036084757728128388 0.0094588353835597643 0.040927564939310344 0.023435942396007971 -0.012209854984352108 -0.036383234099783293 0.040162728681135351 0.027213325726679134 -0.0054862929886024007 -0.03476950298148019 0.032786242111579898 -0.015538160032800378 -0.04102752063366865 0.017749869975764918
leaf_weight=193.11348626762629 53.144395973533392 237.96744779497385 200.37936533242464 1558.3561959117651 145.51135624200106 1522.1176160238683 445.13644311949611 407.4949112161994 1600.2132643386722 32939.422710161656 129.608020439744 385.72077396512032 137.68860308453441 1544.2316275760531 897.06965404003859 658.93515187501907 3544.8956937864423 1427.6541259400547 107.42896098271012 213.62960394471884 472.1807169765234 357.39795497991145 85.870356924831867 49.601959951221943 366.64117196947336 171.40011080726981 175.13437860459089 782.2918099462986 324.83778765797615 871.3302901275456
leaf_count=936 519 1032 676 7230 533 6043 1573 4891 6076 136396 403 1822 480 5813 3956 3360 16915 6252 720 1456 4345 3743 756 510 3243 802 857 3415 1815 3717
internal_value=0.00185894 0.0023413 -0.00277034 -0.00913177 0.00559178 0.00964624 0.00665888 -0.00950742 0.00301877 0.00389241 0.0135504 -0.0011028 0.0545769 0.00998181 -0.0116088 -0.00453352 0.00241489 0.000148974 0.0213212 -0.0120903 -0.00101695 -0.0180566 -0.0106963 -0.0246563 0.0035205 -0.0151974 -0.0138036 -0.00657415 -0.0234308 0.0129499
internal_weight=52006.4 49893 5836.87 3314.74 2522.13 2112.77 1967.25 2113.39 44056.1 36351.2 3411.74 7704.98 267.297 3144.44 3114.36 1556 6036.99 4972.55 160.573 1952.82 685.81 1267.01 909.608 457.097 452.512 409.368 1667.98 957.426 710.559 1064.44
internal_count=230285 210102 25205 15222 9983 8149 7616 20183 184897 149168 12772 35729 883 11889 14546 7316 27820 23167 1239 18944 5801 13143 9400 5401 3999 1834 7909 4272 3637 4653
is_linear=0
shrinkage=0.05


Tree=125
num_leaves=31
num_cat=0
split_feature=2 2 2 0 8 8 0 8 3 8 8 0 0 3 2 8 8 8 4 8 0 8 8 8 8 6 2 8 8 4
split_gain=969.919 575.929 215.737 179.352 173.956 75.85 77.3803 64.8225 61.0309 56.5735 54.804 52.9113 47.5372 46.4774 45.9382 41.4062 41.0764 39.4453 37.8746 36.3657 35.5917 34.7359 89.4441 29.4883 28.2954 26.5007 24.8939 17.8611 44.9967 16.4357
threshold=-1.0000000180025095e-35 1.0000000180025095e-35 -1.4999999999999998 47.500000000000007 19.12481784820557 17.014272689819339 23.500000000000004 37.442897796630866 1.0000000180025095e-35 1.6444900035858157 30.79506874084473 82.500000000000014 73.500000000000014 -1.0000000180025095e-35 -2.4999999999999996 -135.04876708984372 -43.726846694946282 -98.393478393554673 0.13766863197088244 20.889002799987797 59.500000000000007 62.377737045288093 56.387886047363288 11.03136730194092 -191.96870422363278 -1.0000000180025095e-35 1.5000000000000002 56.387886047363288 77.415805816650405 -0.39453032612800593
decision_type=2 2 2 2 2 2 2 2 2 2 2 2 2 2 2 2 2 2 2 2 2 2 2 2 2 2 2 2 2 2
left_child=2 4 14 7 5 6 17 10 -8 12 18 13 26 -4 -1 24 -17 -2 -3 -6 -16 22 -21 -22 -15 -23 -5 -9 -29 -25
right_child=1 3 11 9 19 -7 8 27 -10 -11 -12 -13 -14 15 20 16 -18 -19 -20 21 23 25 -24 29 -26 -27 -28 28 -30 -31
leaf_value=0.035917198937572746 0.0080591590654298228 0.0008223916139111255 -0.02191957482076691 -0.0092672281132504097 -0.029499489460920982 0.028328858496373035 -0.0031424015651064252 -0.034443441004165992 0.017971337527225319 -0.030727395399421532 0.031832554574086597 0.019593980032661579 -0.029828993700153541 0.0097092290809103182 0.013367017749018826 -0.00084702793814783446 0.00750742961186294 0.0013085876364199321 -0.011712174101359846 -0.0063246426461083796 0.032773964429372728 -0.018666894074516726 0.019959797281129184 -0.0052750416410755722 0.0227393181906708 -0.0085341357756830803 -0.026464044177055109 0.01198183814275274 -0.020645471531582065 0.021979859022334743
leaf_weight=618.49421164393425 3269.3284059762955 1054.0012176334858 135.00669302046299 1013.9164808541536 185.90142066031694 239.29236567020416 11022.984668955207 166.19223127514124 348.29914774000645 1967.326154217124 92.859186109155416 863.21462482213974 622.50775520130992 1502.057481855154 977.20155242085457 1944.5962265878916 6027.6495330631733 6388.7887358516455 1400.4236951097846 3266.7969264909625 648.40155322104692 782.438441157341 354.32143124938011 87.987920567393303 580.9448517113924 3733.610259771347 264.70031778886914 117.74240546673536 826.17465548962355 136.89908127486706
leaf_count=5814 9152 4192 413 6152 969 727 36007 1455 1101 28849 577 3464 6800 5512 5149 5855 17969 19163 8492 13731 4939 3959 1455 471 1995 21336 3072 1153 9717 645
internal_value=-0.000735421 -0.00491208 0.0107266 -0.0172574 -0.00177001 0.000628504 0.000306644 -0.00930001 -0.00248808 -0.0247589 -0.0048876 0.00773503 -0.0185181 0.00672134 0.024077 0.00711659 0.00547035 0.00359668 -0.00633874 -0.00789586 0.0200336 -0.0073845 -0.00372877 0.0273748 0.013389 -0.0103084 -0.0129165 -0.0193575 -0.0165339 0.0114335
internal_weight=50640.1 37117.6 13522.5 7525.84 29591.8 21268.7 21029.4 3657.39 11371.3 3868.45 2547.28 11053.5 1901.12 10190.3 2468.98 10055.2 7972.25 9658.12 2454.42 8323.07 1850.49 8137.17 3621.12 873.289 2083 4516.05 1278.62 1110.11 943.917 224.887
internal_count=230285 178059 52226 70459 107600 66150 65423 25586 37108 44873 13261 35208 16024 31744 17018 31331 23824 28315 12684 41450 11204 40481 15186 6055 7507 25295 9224 12325 10870 1116
is_linear=0
shrinkage=0.05


Tree=126
num_leaves=31
num_cat=0
split_feature=2 2 2 1 8 5 3 1 8 2 3 1 8 8 8 1 8 5 8 1 4 8 8 2 4 1 4 5 8 7
split_gain=935.484 579.938 266.633 206.414 152.438 84.8113 74.4702 72.3357 68.8939 67.1381 64.7527 61.8762 59.031 101.224 82.502 57.6618 55.3031 46.4301 38.9344 36.2169 34.0075 36.5972 32.4795 31.3352 30.4392 26.3785 23.8809 18.8025 18.255 17.8563
threshold=1.0000000180025095e-35 -1.0000000180025095e-35 1.5000000000000002 39.500000000000007 -25.19881439208984 -4.4999999999999991 -1.0000000180025095e-35 9.5000000000000018 -0.54526796936988819 -1.4999999999999998 1.0000000180025095e-35 25.500000000000004 16.161653518676761 29.880530357360843 46.760663986206062 4.5000000000000009 -254.63584899902341 -3.4999999999999996 179.729362487793 21.500000000000004 -0.8471737504005431 -361.24395751953119 77.415805816650405 2.5000000000000004 0.25814962387084966 11.500000000000002 -1.0991501808166502 9.5000000000000018 64.022247314453139 0.14601160585880282
decision_type=2 2 2 2 2 2 2 2 2 2 2 2 2 2 2 2 2 2 2 2 2 2 2 2 2 2 2 2 2 2
left_child=1 3 7 19 6 28 29 -2 23 -5 15 26 20 -14 -15 -7 -13 -11 -19 -1 -9 -22 27 24 -4 -26 -8 -21 -6 -3
right_child=2 4 8 9 5 10 11 12 -10 17 -12 16 13 14 -16 -17 -18 18 -20 22 21 -23 -24 -25 25 -27 -28 -29 -30 -31
leaf_value=-0.031857228728272402 0.018945373987211966 0.033222095381288688 0.025756332764617796 -0.02957575669664822 -0.011426524510921601 -0.019202534934043024 0.005375470769086124 -0.016885700743670667 0.029325157107102869 -0.021472426951758539 -0.023386820324875057 -0.014997703252277806 0.030091289857477305 -0.010251998926639303 0.0099535187601508656 0.001618034714772499 -0.0043652292946473933 -0.0073925839958695191 0.010774937185149066 -0.025148379025921513 -0.017326151166867698 0.003581037455535212 -0.0040515526394588148 0.03298179072868191 0.026962111866185575 0.00012473584119059559 -0.019347197649912416 0.0059971189623838558 -0.030114328616108993 0.006357780839261958
leaf_weight=1669.2891218140721 1066.6882159858942 122.86522659659386 214.20293016731739 388.04878882318735 673.39354512095451 332.89652827382088 103.90996194630861 223.49455064535141 1854.4235214665532 530.70050869137049 264.20675151050091 1437.5531148761511 529.03390212357044 592.84914761781693 3279.078115016222 21046.288602799177 8098.5595309734344 2911.2368610426784 323.66101896762848 1396.049471411854 212.68528524041176 5498.0608532130718 237.69484415650368 165.94774104654789 103.53548070788383 585.73848796635866 1240.6087571978569 48.398775093257427 161.93709936738014 125.49898003041744
leaf_count=17217 5271 419 1048 4246 2681 1391 588 633 20825 3383 922 7035 2415 2108 15744 61448 26563 13513 897 11734 648 17115 1027 1500 671 2583 5700 256 535 388
internal_value=-0.000965045 -0.00479905 0.0100358 -0.0173607 -0.0019917 0.000377984 -0.00677608 0.00657576 0.0234945 -0.00989378 0.000982861 -0.00739713 0.00529056 0.00967524 0.00685052 0.00128942 -0.00597508 -0.007829 -0.00556105 -0.0265864 0.00203338 0.00278792 -0.0212769 0.0132946 0.00951691 0.00432111 -0.0174237 -0.0240877 -0.015207 0.0200409
internal_weight=55438.5 41112.8 14325.7 7505.08 33607.7 22478.7 11129 11401.9 2923.85 4153.65 21643.4 10880.6 10335.2 4400.96 3871.93 21379.2 9536.11 3765.6 3234.9 3351.43 5934.24 5710.75 1682.14 1069.42 903.477 689.274 1344.52 1444.45 835.331 248.364
internal_count=230504 159943 70561 52273 107670 66977 40693 43934 26627 22039 63761 39886 38663 20267 17852 62839 33598 17793 14410 30234 18396 17763 13017 5802 4302 3254 6288 11990 3216 807
is_linear=0
shrinkage=0.05


Tree=127
num_leaves=19
num_cat=0
split_feature=2 2 8 9 4 8 8 4 2 8 8 2 8 8 8 4 8 8
split_gain=175.102 121.426 71.2034 60.4925 110.88 119.117 66.0722 58.7732 111.109 58.6786 100.696 53.9651 51.6234 51.7103 27.9755 18.9705 0.47573 2.26794
threshold=2.5000000000000004 -2.4999999999999996 247.85845947265628 1.0000000180025095e-35 -0.027575368992984291 -56.345481872558587 -37.716585159301751 0.95650944113731395 1.5000000000000002 369.94026184082037 384.61386108398443 -1.4999999999999998 352.43107604980474 303.84550476074224 393.63970947265631 0.1072625480592251 1.6444900035858157 -12.206459999084471
decision_type=2 2 2 2 2 2 2 2 2 2 2 2 2 2 2 2 2 2
left_child=1 -1 3 7 6 -6 -5 11 -9 12 15 -3 13 -4 -12 -11 17 -2
right_child=16 2 9 4 5 -7 -8 8 -10 10 14 -13 -14 -15 -16 -17 -18 -19
leaf_value=-0.033576361100044839 -0.031485200649600122 -0.0098072009022336197 -0.021670495868576778 -0.013344684036434368 0.03733588394771719 -0.01029259537819264 0.0092871094820433514 0.014524285865450508 -0.017425862769204405 0.043820147242416202 -0.035391550444081994 0.0029502610603444174 -0.03638479687231063 0.00062561812150077926 -0.003467425059746908 0.014848235054038232 -0.033604362814296025 -0.013136077207715017
leaf_weight=234.1461231764406 51.130328483879566 841.57315112277865 456.10339602828026 377.78971561789513 132.1421214863658 3148.9798547700047 2055.3967428542674 2192.0541801676154 306.28623265028 123.39190258085728 78.40079191327095 40317.749737981707 204.13968145474792 595.79189103096724 395.39387021586299 114.59306587651372 291.03336721472442 40.942105479538441
leaf_count=5842 1004 9854 4801 1446 407 13775 7721 9266 4647 559 700 150701 2030 4684 3183 712 8129 1043
internal_value=0.00171892 0.00197052 0.00213589 0.00250787 -0.00232815 -0.00832054 0.00575301 0.00314104 0.0105803 -0.00717964 0.00427172 0.00268825 -0.0136602 -0.00909879 -0.00906447 0.0304624 -0.0317408 -0.0244227
internal_weight=51957 51573.9 51339.8 49372 5714.31 3281.12 2433.19 43657.7 2498.34 1967.81 711.78 41159.3 1256.03 1051.9 473.795 237.985 383.106 92.0724
internal_count=230504 220328 214486 197817 23349 14182 9167 174468 13913 16669 5154 160555 11515 9485 3883 1271 10176 2047
is_linear=0
shrinkage=0.05


Tree=128
num_leaves=31
num_cat=0
split_feature=2 2 2 1 8 2 8 1 8 7 1 3 8 8 2 1 3 8 8 8 8 8 8 6 4 1 4 8 4 8
split_gain=883.229 507.537 235.515 171.655 165.592 98.1469 85.2889 69.9949 67.9732 66.4826 55.6848 46.6365 41.1313 40.0391 39.4472 34.5043 58.7785 32.1665 31.7519 31.5208 26.5359 25.0582 23.1217 25.1151 21.4183 20.7022 27.9274 18.0405 25.5409 14.0366
threshold=-1.0000000180025095e-35 1.0000000180025095e-35 -1.4999999999999998 26.500000000000004 19.12481784820557 1.5000000000000002 17.014272689819339 5.5000000000000009 39.87672424316407 0.064962290227413191 9.5000000000000018 -1.0000000180025095e-35 30.79506874084473 11.760808467864992 -2.4999999999999996 18.500000000000004 1.0000000180025095e-35 24.120081901550297 -3.1082756519317623 348.21440124511724 -4.0424249172210684 56.387886047363288 -27.185948371887203 2.5000000000000004 -1.5111640095710752 34.500000000000007 -1.44338983297348 12.074971675872805 -0.31870716810226435 -177.2028884887695
decision_type=2 2 2 2 2 2 2 2 2 2 2 2 2 2 2 2 2 2 2 2 2 2 2 2 2 2 2 2 2 2
left_child=2 4 14 24 6 8 7 -2 12 -9 -4 -12 -5 18 -1 -6 17 -17 -13 -15 25 -10 23 -7 -3 -16 -27 28 -22 -26
right_child=1 3 10 5 15 22 -8 9 21 -11 11 13 -14 19 20 16 -18 -19 -20 -21 27 -23 -24 -25 29 26 -28 -29 -30 -31
leaf_value=0.035749640855554064 -0.018543329171527772 0.0097720506452900879 0.017968730390800918 -0.0059691246873107449 -0.018384777012833801 -0.025575884159484821 0.029742492254851545 0.0023293575293901014 -0.035528471273611376 -0.0041770034891299617 -0.023090787650546955 0.0070249217137332495 0.022572652639607518 0.00010558124909254063 0.031619086435365366 -0.020997152298738702 0.033577399194066222 -0.0064760635218975545 0.016403654187478568 0.020821702741618105 0.013581626632086705 -0.015480354869626251 -0.033089293845334891 0.01381629560418611 -0.015230786918235463 -0.0070061576416865284 0.022833928521016556 0.018473939884751375 -0.020702525458177804 -0.030165269307655219
leaf_weight=592.9396967291832 480.89086128771305 34.200944148004055 1076.567446783185 3077.7808953225613 698.27164252102375 106.3544534817338 242.41145901381969 15268.428941488266 183.37352886795998 5279.761547781527 131.01338337361813 5834.6717349141836 126.76944180577993 2727.8843689411879 606.37523255497217 399.41175238788128 84.287354663014412 7095.3879768624902 1068.1286654621363 191.87609201669693 139.67720801383257 1063.0494511984289 571.96210345998406 59.574639622122049 188.44224582612514 91.481309145689011 470.41604329645634 401.27829745411873 81.990373194217682 1946.2345230691135
leaf_count=5842 2298 186 4342 15551 4256 876 732 45049 1593 18111 398 18851 746 7896 4815 1946 319 34959 3251 572 790 11154 10408 591 1245 530 2720 1873 393 28211
internal_value=-0.000711619 -0.00470523 0.0102736 -0.0164508 -0.00177825 -0.0114944 0.000557019 0.000213595 -0.00867454 0.000656969 0.00718686 0.00601227 -0.00480663 0.006412 0.0245093 -0.00777623 -0.00678737 -0.0072634 0.008487 0.00150024 0.0206992 -0.01856 -0.0283313 -0.0114422 -0.0282549 0.0251525 0.0179568 0.0122138 0.000723665 -0.0288856
internal_weight=50320.9 36906.6 13414.3 7357.74 29548.9 5188.86 21271.5 21029.1 4450.97 20548.2 11030.1 9953.57 3204.55 9822.56 2384.16 8277.36 7579.09 7494.8 6902.8 2919.76 1791.22 1246.42 737.891 165.929 2168.88 1168.27 561.897 622.946 221.668 2134.68
internal_count=230504 178231 52273 70561 107670 40919 66190 65458 29044 63160 35310 30968 16297 30570 16963 41480 37224 36905 22102 8468 11121 12747 11875 1467 29642 8065 3250 3056 1183 29456
is_linear=0
shrinkage=0.05


Tree=129
num_leaves=31
num_cat=0
split_feature=2 2 2 0 7 2 0 3 0 7 8 8 8 8 8 8 4 2 7 0 3 0 8 0 4 4 4 8 8 6
split_gain=871.022 532.26 226.288 202.035 158.004 77.2569 76.3433 75.9209 94.3587 65.9061 64.8874 58.4891 98.0076 46.7182 43.7272 37.2715 35.4086 30.8438 29.0874 27.854 26.6635 26.1691 27.8484 24.5332 22.4272 20.7406 34.6767 19.9143 18.2177 13.3722
threshold=-1.0000000180025095e-35 1.5000000000000002 1.0000000180025095e-35 56.500000000000007 -0.1646463945508003 -1.4999999999999998 57.500000000000007 -1.0000000180025095e-35 43.500000000000007 0.12228645011782648 -0.54526796936988819 -160.02195739746091 -135.04876708984372 218.49330902099612 95.022144317626967 -268.08998107910151 -0.96003133058547963 2.5000000000000004 0.307909905910492 32.500000000000007 1.0000000180025095e-35 71.500000000000014 -23.128694534301754 77.500000000000014 0.32175916433334356 -0.18283489346504209 0.11763067170977594 -322.24613952636713 -8.0015263557434064 -5.4999999999999991
decision_type=2 2 2 2 2 2 2 2 2 2 2 2 2 2 2 2 2 2 2 2 2 2 2 2 2 2 2 2 2 2
left_child=3 2 4 5 11 29 9 18 -9 13 17 27 -13 -4 16 -8 -7 23 -6 -18 -17 22 -5 24 -3 -16 -27 -2 -11 -1
right_child=1 10 6 21 7 14 15 8 -10 28 -12 12 -14 -15 25 20 19 -19 -20 -21 -22 -23 -24 -25 -26 26 -28 -29 -30 -31
leaf_value=0.0006490176483428861 -0.010598538337975636 0.020458217456275647 -0.00084850265105944562 -0.030333341339897815 0.027483177052120097 -0.028223436600940812 -0.0075699029821414653 0.001460901759207158 -0.0050446990539337946 0.00040133689463326002 0.028547810164963619 0.026501063836127471 -0.0075866653271475896 0.024775481438945465 0.015336025964375489 0.01378352439129699 -0.0045315926892518501 0.032938595607213947 0.0030957555265097685 -0.013785979736250169 -0.0047516740428303304 -0.0326968807401588 -0.015487905482037793 0.025948756526575384 4.4637962568466538e-06 -0.016301037075883925 0.011875306827113205 -0.02187516019365943 0.012704167038209183 -0.03135467082868814
leaf_weight=34.876140132546425 710.91819233447313 171.99163872003555 4823.6353799700737 611.97302114218473 332.4813095331192 258.39339281618595 233.71005719900131 18740.161201804876 7927.4459916129708 363.22101059556007 1764.5096235051751 216.18376755714417 4587.5329148769379 179.6859984472394 231.68552415072918 3797.5619959682226 1654.5288650989532 156.15644950419664 193.92326530814171 1607.7917543202639 202.12382766604424 1374.4481699056923 692.51131464913487 168.72335465252399 552.00555871427059 227.18301090598106 201.3595065176487 916.16346383839846 1758.1747343912721 462.06485664471984
leaf_count=508 3621 794 15303 6310 1012 1881 655 55461 26372 1104 20750 756 15423 1047 716 17004 7983 1478 598 8683 676 15099 4707 1087 2429 662 589 4683 8230 5233
internal_value=-0.000851911 0.00161383 0.00029314 -0.0168617 -0.00176807 -0.0105728 0.00639328 -0.000100779 -0.000473593 0.00322958 0.0226921 -0.008813 -0.00602664 9.55559e-05 -0.00833564 0.0117076 -0.0105477 0.0127525 0.0186127 -0.00910661 0.0128421 -0.027803 -0.0225416 0.00905775 0.00497042 0.00345081 -0.00307753 -0.0169956 0.0106036 -0.0291245
internal_weight=55153.1 47796.3 44982.9 7356.82 33624.8 4677.88 11358.1 27194 26667.6 7124.72 2813.39 6430.8 4803.72 5003.32 4180.94 4233.4 3520.71 1048.88 526.405 3262.32 3999.69 2678.93 1304.48 892.721 723.997 660.228 428.543 1627.08 2121.4 496.941
internal_count=230854 178483 151945 52371 107926 26255 44019 83443 81833 25684 26538 24483 16179 16350 20514 18335 18547 5788 1610 16666 17680 26116 11017 4310 3223 1967 1251 8304 9334 5741
is_linear=0
shrinkage=0.05


Tree=130
num_leaves=19
num_cat=0
split_feature=2 2 1 2 8 2 1 7 1 5 8 5 8 8 6 4 8 8
split_gain=162.556 112.275 64.397 75.824 70.6338 65.5796 133.023 48.4203 42.0976 24.9318 40.657 22.14 18.7096 15.4853 12.2542 0.544809 0.313952 1.93764
threshold=2.5000000000000004 -2.4999999999999996 72.500000000000014 1.0000000180025095e-35 -403.78736877441401 -1.0000000180025095e-35 10.500000000000002 -0.091420657932758317 7.5000000000000009 1.5000000000000002 -3.1082756519317623 -3.4999999999999996 12.074971675872805 -388.37040710449213 1.5000000000000002 -0.37138271331787104 1.6444900035858157 -12.206459999084471
decision_type=2 2 2 2 2 2 2 2 2 2 2 2 2 2 2 2 2 2
left_child=1 -1 3 5 -5 7 -7 -3 -6 11 14 15 -12 -13 -11 -4 17 -2
right_child=16 2 9 4 8 6 -8 -9 -10 10 12 13 -14 -15 -16 -17 -18 -19
leaf_value=-0.033473707506355387 -0.031265425035222026 -0.0058958343399664733 -0.012082278820529715 0.043762141653301792 -0.013275387547651988 0.016941029263849522 0.0041448610534556164 0.0025950455934251803 -0.00068959167887842118 -0.0015363980036158364 -0.027658685701755212 0.013162631332919561 -0.009963029603089802 -0.00028768684816775304 0.013170837509557838 -0.018698598875164771 -0.033520100124887507 -0.013464266223100978
leaf_weight=220.29209014773369 48.429155234247446 2316.5303622856736 113.34343161433935 80.998221769928932 722.81047273054719 2252.5285673141479 20322.913986161351 6062.0260093770921 7635.4791158754379 583.40069900453091 179.72994689643383 213.78957496583462 856.73970311135054 9749.4506190121174 181.69514657557011 111.28719522058964 273.54781067743897 39.34085045941174
leaf_count=5846 1005 14549 476 295 6623 6772 63117 28577 49222 2006 747 809 4048 36555 650 424 8089 1044
internal_value=0.00151194 0.00174738 0.00190162 0.00287806 -0.00132247 0.00402332 0.0054251 0.000245343 -0.00178528 -0.00130649 -0.00671994 -0.000346384 -0.0131496 7.38539e-06 0.00201912 -0.0156959 -0.0316786 -0.0244422
internal_weight=51964.3 51603 51382.7 39393.3 8439.29 30954 22575.4 8378.56 8358.29 11989.4 1801.57 10187.9 1036.47 9963.24 765.096 224.631 361.318 87.77
internal_count=230854 220716 214870 169155 56140 113015 69889 43126 55845 45715 7451 38264 4795 37364 2656 900 10138 2049
is_linear=0
shrinkage=0.05


Tree=131
num_leaves=31
num_cat=0
split_feature=8 5 4 8 8 8 8 4 8 8 8 3 8 6 8 8 8 8 8 8 0 4 4 7 8 8 8 4 8 4
split_gain=439.46 159.331 148.809 110.602 139.094 137.767 102.243 86.4964 82.5075 85.9784 71.8475 74.5221 72.0632 59.8728 59.399 50.8104 93.3214 53.4371 49.17 47.627 41.4546 40.5843 39.7817 38.974 34.6535 41.377 26.4083 24.8593 19.2112 16.8362
threshold=19.12481784820557 -3.4999999999999996 0.97636765241622936 -90.108810424804673 -30.148659706115719 -19.300438880920407 17.014272689819339 0.75114825367927562 -36.567935943603509 -76.778827667236314 402.32070922851568 1.0000000180025095e-35 23.550344467163089 -1.4999999999999998 42.778856277465827 -245.087776184082 -388.37040710449213 -46.97898864746093 419.47741699218756 10.295456886291506 71.500000000000014 -0.27228534221649164 -0.75080534815788258 -0.064733181148767457 -119.05458450317381 -135.04876708984372 -14.519459724426268 -0.45558331906795496 -160.02195739746091 0.040642149746418006
decision_type=2 2 2 2 2 2 2 2 2 2 2 2 2 2 2 2 2 2 2 2 2 2 2 2 2 2 2 2 2 2
left_child=1 3 10 13 8 -6 7 15 9 -5 11 12 21 24 -14 16 -3 -17 -4 23 -13 -2 -15 -9 25 -1 -7 -26 -24 -8
right_child=2 6 18 4 5 26 29 19 -10 -11 -12 20 14 22 -16 17 -18 -19 -20 -21 -22 -23 28 -25 27 -27 -28 -29 -30 -31
leaf_value=0.020195663119942704 0.0051255663750448717 -0.0067404227324750687 -0.025929655113767741 -0.031393908108099784 0.039441529686662827 -0.014310421899925568 0.016327121625928424 -0.018817016018678676 -0.036692610065953236 0.0029470407973332196 -0.034094816902093199 0.02953448571671137 0.00041083151736608867 -0.0085395189469789964 -0.0078009411502937293 -0.002640919563030337 0.011233080572516811 0.0022385172417279764 0.031491432661059908 -0.038054756856887181 -0.0046140378451494336 -0.030528590037780551 0.017897326978908869 -0.0026165315737628064 0.025931412625869028 -0.0094165401353626683 0.0072400723271561261 0.058407711558823544 0.0018309958348264003 0.038039571016589668
leaf_weight=1711.0320415869355 95.228964537382126 975.18222983926535 1247.7715499103069 221.88580346107483 352.79013591259718 151.94574347883463 212.752789799124 538.10358892381191 224.33132811635733 923.37970708310604 225.94352897629142 221.20984441787004 2923.6611110493541 312.47168689221144 8912.2925830632448 9517.4751302227378 2748.4133252799511 13655.296542916447 34.371578823775053 135.65700077265501 144.40767538920045 449.40050945430994 531.88701148331165 1179.5996861495078 201.11083277314901 123.84314502775669 1537.7380466945469 90.466233864426613 286.64108823239803 168.35803434625268
leaf_count=8648 377 3222 17674 930 1425 610 716 3984 828 3784 1889 901 13161 1254 53711 33484 9362 49955 492 1039 772 2684 1830 8100 1052 536 6312 318 974 830
internal_value=-0.000630937 0.00232536 -0.00805405 0.00929346 0.00299489 0.0112506 0.000728695 0.000385376 -0.009313 -0.00381378 -0.00644217 -0.00593881 -0.00659788 0.0158763 -0.00577319 0.00110601 0.00652323 0.000234307 -0.024274 -0.0100475 0.0161666 -0.0243045 0.00654206 -0.00773153 0.0208139 0.0181769 0.00526563 0.0368225 0.0123163 0.0262871
internal_weight=50054.6 35800.4 14254.3 6669.52 3412.07 2042.47 29130.8 28749.7 1369.6 1145.27 12972.1 12746.2 12380.6 3257.45 11836 26896.4 3723.6 23172.8 1282.14 1853.36 365.618 544.629 1131 1717.7 2126.45 1834.88 1689.68 291.577 818.528 381.111
internal_count=230854 139193 91661 28501 13889 8347 110692 109146 5542 4714 73495 71606 69933 14612 66872 96023 12584 83439 18166 13123 1673 3061 4058 12084 10554 9184 6922 1370 2804 1546
is_linear=0
shrinkage=0.05


Tree=132
num_leaves=31
num_cat=0
split_feature=2 2 0 2 7 2 0 3 0 8 8 8 8 8 3 0 4 2 4 7 4 4 8 6 4 4 8 8 0 6
split_gain=813.111 508.166 196.247 193.074 156.308 75.2839 71.4706 68.4147 77.9068 67.4117 60.672 50.7949 86.134 40.7218 36.4674 37.3541 35.5407 30.7692 30.4724 29.684 29.4078 29.0886 27.1429 25.5362 23.3645 29.6138 23.0041 18.1046 17.1879 16.6327
threshold=-1.0000000180025095e-35 1.5000000000000002 55.500000000000007 1.0000000180025095e-35 -0.1646463945508003 -1.4999999999999998 47.500000000000007 -1.0000000180025095e-35 60.500000000000007 120.61153411865236 -0.54526796936988819 -160.02195739746091 -138.78073883056638 95.022144317626967 1.0000000180025095e-35 80.500000000000014 -0.96003133058547963 2.5000000000000004 0.51116424798965465 0.32552005350589758 0.21972054243087771 0.25814962387084966 96.730762481689467 1.0000000180025095e-35 -0.18283489346504209 0.11763067170977594 -49.602500915527337 -322.24613952636713 69.500000000000014 2.5000000000000004
decision_type=2 2 2 2 2 2 2 2 2 2 2 2 2 2 2 2 2 2 2 2 2 2 2 2 2 2 2 2 2 2
left_child=2 3 5 4 11 -1 9 19 -9 23 17 27 -13 16 15 -8 -7 21 -18 -6 -16 -3 28 -5 -15 -26 -23 -2 -4 -11
right_child=1 10 22 6 7 13 14 8 -10 29 -12 12 -14 24 20 -17 18 -19 -20 -21 -22 26 -24 -25 25 -27 -28 -29 -30 -31
leaf_value=-0.029063387346460457 -0.010214625494855441 0.025528205168053132 -0.023893910670785272 0.0050312641467418033 0.025772125626193194 -0.028272480060906137 0.008740132895732642 0.00075338685737209973 -0.0068627953648936566 0.016900537381443741 0.028242548058255032 0.028356274533811981 -0.0074140749841812197 0.015936004426443062 -0.024208432404149591 0.019590867786744754 -0.009872528692425768 0.033607247638851132 0.011095428133607437 0.00050479843310988236 0.0088595492871082586 0.013063333500532445 -0.012271310741011204 -0.0031664896280950237 -0.016340761433415944 0.0096695954189653828 -0.0051803527861459444 -0.021051145694438174 -0.032767212090494512 0.0007125456658912629
leaf_weight=465.98646799847484 696.39534140378237 202.90469682961702 1074.2633482553065 1344.29431822896 358.47943525016308 245.9104697406292 4498.0304086357355 22602.377582401037 3938.3824795410037 786.53907226771116 1697.0268446281552 169.80228111147881 4622.8286673799157 233.97109581530094 134.52199596166611 964.86298783123493 3000.1585852205753 147.0960426107049 179.83841091394424 171.18179757893085 125.93781727552414 346.94005351513624 285.6761662364006 3205.2626767903566 216.9902388304472 211.17977315187454 335.42652969807386 908.95918490737677 1339.0050261169672 199.02953936159611
leaf_count=5521 3600 1036 9616 4107 1090 1824 18089 67046 14499 4196 20719 592 15596 713 433 5011 15532 1446 738 529 415 1689 1506 10475 630 614 1586 4747 15630 1108
internal_value=-0.000881797 0.00150177 -0.0164678 0.000222515 -0.00168291 -0.0101181 0.00588505 -2.11983e-05 -0.000377858 0.0018314 0.0224264 -0.00870824 -0.0061185 -0.00792573 0.00980037 0.0106728 -0.0101173 0.0127756 -0.00867117 0.017687 -0.00835365 0.00914487 -0.0271433 -0.000741369 0.00340427 -0.00354853 0.00412295 -0.0163966 -0.0288748 0.0136516
internal_weight=54709.3 47456.3 7252.98 44726.9 33468.4 4554.04 11258.5 27070.4 26540.8 5535.13 2729.39 6397.99 4792.63 4088.05 5723.35 5462.89 3425.91 1032.37 3180 529.661 260.46 885.271 2698.94 4549.56 662.141 428.17 682.367 1605.35 2413.27 985.569
internal_count=230333 178009 52324 151533 107699 25572 43834 83164 81545 19886 26476 24535 16188 20051 23948 23100 18094 5757 16270 1619 848 4311 26752 14582 1957 1244 3275 8347 25246 5304
is_linear=0
shrinkage=0.05


Tree=133
num_leaves=17
num_cat=0
split_feature=2 2 0 2 2 0 7 0 7 5 2 2 9 7 5 4
split_gain=154.928 108.05 54.7058 59.1017 59.4292 131.919 43.2131 39.9705 34.1785 21.7558 21.7198 20.0793 14.1807 12.0776 12.013 10.6479
threshold=2.5000000000000004 -2.4999999999999996 16.500000000000004 1.0000000180025095e-35 -1.0000000180025095e-35 76.500000000000014 -0.14879922568798062 80.500000000000014 -0.11375826224684714 1.5000000000000002 1.0000000180025095e-35 1.5000000000000002 1.0000000180025095e-35 0.12758422642946246 -3.4999999999999996 0.077509440481662764
decision_type=2 2 2 2 2 2 2 2 2 2 2 2 2 2 2 2
left_child=1 -1 9 4 6 -6 -4 8 -5 10 14 -9 15 -12 -3 -11
right_child=-2 2 3 7 5 -7 -8 11 -10 12 13 -13 -14 -15 -16 -17
leaf_value=-0.033410183000349258 -0.031762882051241392 -0.013172550731512279 -0.006687159114441947 0.0045845305275283776 0.0037366283191978471 0.015061765502180705 0.0021145307286957937 -0.00710203735521124 -0.0023238213181934297 0.0033203025225677536 0.015830975611920425 -0.026150328810003606 -0.0205009671498706 -0.0029834615617942038 -0.00041524485364126997 -0.0070470910983022571
leaf_weight=211.24721354991198 339.91470133513212 183.38450951874256 1755.8339328020811 2911.9783288482577 20144.777553379536 2943.866444259882 6698.3347735926509 722.42515422776341 4630.6958320010453 311.53281342983246 312.08887979760766 168.29759192280471 156.37642919644713 114.75503584370017 9052.2023647353053 1156.6989509090781
leaf_count=5816 10101 733 11333 14091 62936 8718 32118 5259 34001 1150 1369 3021 658 788 33355 4886
internal_value=0.00163655 0.00186017 0.00200875 0.00287658 0.00387053 0.00518356 0.000283649 -0.000841101 0.000344536 -0.00106481 -0.000163427 -0.010827 -0.00640889 0.0107968 -0.000675548 -0.00484351
internal_weight=51814.4 51474.5 51263.2 39976.2 31542.8 23088.6 8454.17 8433.4 7542.67 11287 9662.43 890.723 1624.61 426.844 9235.59 1468.23
internal_count=230333 220232 214416 171477 115105 71654 43451 56372 48092 42939 36245 8280 6694 2157 34088 6036
is_linear=0
shrinkage=0.05


Tree=134
num_leaves=31
num_cat=0
split_feature=2 2 2 0 7 2 0 3 3 6 0 2 7 7 0 5 4 5 0 7 5 0 6 4 4 3 2 3 0 6
split_gain=772.61 454.7 191.724 185.444 121.648 73.9481 70.3381 67.1104 64.171 53.9489 50.9449 45.1581 44.0332 38.5909 35.7103 31.2165 37.5067 29.8894 27.8348 29.9147 26.9559 22.2402 21.9389 21.5036 21.3042 16.834 16.3213 15.1589 12.4959 12.2661
threshold=-1.0000000180025095e-35 1.0000000180025095e-35 -1.4999999999999998 55.500000000000007 0.19435624778270724 1.5000000000000002 78.500000000000014 1.0000000180025095e-35 1.0000000180025095e-35 2.5000000000000004 82.500000000000014 -2.4999999999999996 0.044465936720371253 0.19735383987426761 69.500000000000014 7.5000000000000009 -0.12474700435996054 -1.4999999999999998 73.500000000000014 -0.075198441743850694 5.5000000000000009 49.500000000000007 1.5000000000000002 -0.079464629292488084 -0.96003133058547963 -1.0000000180025095e-35 1.5000000000000002 1.0000000180025095e-35 86.500000000000014 -1.0000000180025095e-35
decision_type=2 2 2 2 2 2 2 2 2 2 2 2 2 2 2 2 2 2 2 2 2 2 2 2 2 2 2 2 2 2
left_child=2 4 11 5 6 7 8 13 9 -2 12 -1 20 -3 -13 16 29 -10 19 26 22 23 -4 -14 -23 -18 -5 28 -8 -6
right_child=1 3 10 18 15 -7 27 -9 17 -11 -12 14 21 -15 -16 -17 25 -19 -20 -21 -22 24 -24 -25 -26 -27 -28 -29 -30 -31
leaf_value=0.035465845885877666 0.0005270675487924583 -0.0055192547572081333 0.0092551478204408438 -0.0096011138849260783 -0.010301744896669062 -0.027403654394843664 -0.010229363684121071 0.041945692338720635 0.033559836125156568 -0.012510703266091558 0.018773959412983335 0.013945656357719442 -0.0046683945876306709 -0.018717428369722049 0.02961156337840852 -0.020442026642889112 -0.02592104519996527 0.0066558882223248699 -0.031730009209161414 -0.027743031031959232 -0.0072650432079459735 -0.007781721221270849 0.02778202749745683 0.0046909918440563797 0.0075542266627115096 -0.0049597353725618614 -0.02809830705101914 0.0065371124297483943 -0.022154328819894417 -0.023577469100932245
leaf_weight=540.21919713169336 21587.055332198739 3114.947519030422 4790.4376803636551 561.60771793872118 327.90512757003307 498.21097506582737 754.15829080343246 63.909234166145325 198.47334590554237 818.71174950152636 827.00865651667118 1208.1906981766224 1474.6677567064762 671.03167688474059 529.30329819768667 491.57006931304932 93.398651018738747 215.8724877089262 1203.4487074129283 847.92142502218485 236.68187107145786 249.1302692592144 161.82095159590244 1043.7216195911169 2139.4609771668911 4147.7168408036232 150.43078722804785 96.730314642190933 317.60087738931179 400.57618729025126
leaf_count=5816 71450 17806 16066 4121 1291 8402 3552 295 571 3611 3454 7102 4207 6398 4149 3120 484 709 18828 12183 702 850 511 3017 6450 19043 2277 407 1673 1788
internal_value=-0.000734587 -0.00447818 0.00963167 -0.0158205 -0.00173702 -0.00936637 -0.000203129 -0.00699966 0.000410683 4.79795e-05 0.00687371 0.0228136 0.00589009 -0.00788012 0.0187893 -0.00846843 -0.0072647 0.0197895 -0.0259406 -0.0213872 0.00909931 0.00249065 0.00988795 -0.00078788 0.00594177 -0.00545133 -0.0136777 -0.0121413 -0.0138496 -0.0177127
internal_weight=49761.9 36561.3 13200.6 7111.51 29449.8 4348.1 23988.6 3849.89 22820.1 22405.8 10922.9 2277.71 10095.9 3785.98 1737.49 5461.17 4969.6 414.346 2763.41 1559.96 5188.94 4906.98 4952.26 2518.39 2388.59 4241.12 712.039 1168.49 1071.76 728.481
internal_count=230333 178009 52324 70310 107699 32901 81973 24499 76341 75061 35257 17067 31803 24204 11251 25726 22606 1280 37409 18581 17279 14524 16577 7224 7300 19527 6398 5632 5225 3079
is_linear=0
shrinkage=0.05


Tree=135
num_leaves=31
num_cat=0
split_feature=2 2 2 0 8 2 4 3 5 8 0 5 8 5 8 8 0 7 3 2 4 4 5 4 0 8 4 8 8 8
split_gain=757.779 443.577 199.315 193.737 155.624 86.9941 84.8561 84.5454 67.4537 67.2296 58.6434 55.9978 55.0196 51.9113 50.6491 40.4361 37.1529 33.9068 32.0273 30.091 29.4787 26.8804 25.746 24.5498 24.2596 18.9467 18.7135 22.1267 46.6812 16.2841
threshold=-1.0000000180025095e-35 1.5000000000000002 1.0000000180025095e-35 61.500000000000007 -66.618366241455064 -1.4999999999999998 -0.48390856385231013 -1.0000000180025095e-35 -5.4999999999999991 -0.54526796936988819 45.500000000000007 7.5000000000000009 158.74826812744143 -3.4999999999999996 -38.559890747070305 -268.08998107910151 19.500000000000004 0.12228645011782648 1.0000000180025095e-35 2.5000000000000004 -0.27228534221649164 0.32175916433334356 6.5000000000000009 -0.15555509924888608 79.500000000000014 -19.300438880920407 0.67575129866600048 45.573215484619148 71.486984252929702 96.730762481689467
decision_type=2 2 2 2 2 2 2 2 2 2 2 2 2 2 2 2 2 2 2 2 2 2 2 2 2 2 2 2 2 2
left_child=3 2 4 5 7 -1 14 -2 -8 19 12 -9 17 -7 -6 23 25 -4 -17 21 -18 -3 -14 -12 -23 -15 27 -11 -29 -5
right_child=1 9 10 29 6 13 8 11 -10 26 15 -13 22 16 -16 18 20 -19 -20 -21 -22 24 -24 -25 -26 -27 -28 28 -30 -31
leaf_value=-0.029032641720958825 0.033360954427225899 0.02242070947360229 -0.0024316689202621266 -0.030376139842526913 0.010739642557815515 -0.021149491627176911 -0.024350801667878046 -0.010428845749494488 0.00089845796911553757 0.03224701434264747 0.0071291046184011808 0.017752951813192037 0.018506425890961086 -0.0047457165601049343 -0.014820699120966061 0.011222214046576716 -0.0015749287818661245 0.0075948334008552349 -0.0064724001905684132 0.032293606732603508 -0.012201948153552626 -0.0013566130145160453 -0.0093128541081418364 -0.019486987121025919 0.025468281713729498 0.010336574184374262 0.031267320517512152 -0.031824752098794283 0.019128405934994736 -0.015283588492233234
leaf_weight=571.42055680975318 111.89578466117382 225.11164331436157 3383.2915766388178 1875.8753586187959 221.86810564994812 669.31424801051617 262.31460516154766 5970.5792021900415 25270.57217399776 198.79008743166924 156.82287099957466 177.24169945716858 628.64600723981857 387.70662668347359 1371.8775563463569 5379.1569019183517 976.27213745564222 1117.5476125180721 265.37682729959488 140.54808184504509 1973.1618220508099 572.96054467558861 92.624798811972141 183.1851082444191 93.73698391020298 439.32689207792282 1112.2492134608328 49.166363641619682 267.09843395277858 215.00558237731457
leaf_count=7146 385 1173 10528 21241 872 4782 1015 24600 74906 1949 443 585 3680 2062 5247 23313 5318 4104 866 1460 8915 2579 535 519 659 1661 15249 474 3070 1213
internal_value=-0.000874838 0.00141533 0.000231153 -0.0160896 -0.00170563 -0.0107423 -6.52409e-05 -0.00880859 0.00063434 0.021232 0.00599933 -0.0096026 0.00212426 -0.00836148 -0.0112399 0.00937612 -0.00607006 6.35528e-05 0.0103853 0.0111727 -0.00869299 0.00768264 0.0148944 -0.00728536 0.00257645 0.00328009 0.0275598 0.0193299 0.0108352 -0.0288643
internal_weight=54360.7 47252.7 44593 7108.08 33386.3 5017.2 27126.6 6259.72 25532.9 2659.66 11206.7 6147.82 5222.11 4445.78 1593.75 5984.54 3776.47 4500.84 5644.53 1032.36 2949.43 891.809 721.271 340.008 666.698 827.034 1627.3 515.055 316.265 2090.88
internal_count=230549 178211 151598 52338 107610 29884 82040 25570 75921 26613 43988 25185 18847 22738 6119 25141 17956 14632 24179 5871 14233 4411 4215 962 3238 3723 20742 5493 3544 22454
is_linear=0
shrinkage=0.05


Tree=136
num_leaves=18
num_cat=0
split_feature=2 2 8 8 7 8 5 0 2 8 2 5 8 7 4 8 8
split_gain=142.125 100.07 61.6722 48.8622 76.0677 64.7734 73.2874 43.1036 58.445 79.3991 47.594 27.9232 44.3377 32.5276 14.5119 0.365851 1.86782
threshold=2.5000000000000004 -2.4999999999999996 247.85845947265628 303.84550476074224 0.46161034703254705 312.58627319335943 -1.4999999999999998 34.500000000000007 1.0000000180025095e-35 196.6261901855469 -1.0000000180025095e-35 1.5000000000000002 -210.06182098388669 -0.28465315699577326 0.0046633104793727407 1.6444900035858157 -12.206459999084471
decision_type=2 2 2 2 2 2 2 2 2 2 2 2 2 2 2 2 2
left_child=1 -1 7 4 14 -5 -7 11 10 -10 -9 13 -13 -3 -4 16 -2
right_child=15 2 3 5 -6 6 -8 8 9 -11 -12 12 -14 -15 -16 -17 -18
leaf_value=-0.033299985240321177 -0.030731238759878762 -0.0037924569744010265 -0.012819329068247415 0.037216130146186938 0.033950876888818808 0.033909065725421281 -0.0084171580678532084 0.0012250497757129303 -0.0017172918007356025 0.030320687122509061 0.0063808926650588934 0.014223574056004407 -0.0038647303702133216 0.0025520009791853322 -0.034830169855417384 -0.033352287582552806 -0.012363358380074324
leaf_weight=196.8914783410728 42.36084846034646 2352.5677308961749 112.81566248089075 91.548140317201614 50.838503498584032 106.0447298400104 1301.083820797503 6361.1897444278002 5944.2824754938483 194.88594853505492 15120.996061235666 359.83601354062557 4758.5849127210677 14130.743124183267 279.36613341234624 241.27336820214987 34.96748954243958
leaf_count=5771 987 9223 1074 701 475 655 10575 34207 37983 1725 43767 1297 18682 51137 3274 7991 1025
internal_value=0.00162585 0.0018338 0.00197224 -0.00675709 -0.021247 -0.00241737 -0.00511858 0.00231723 0.00362553 -0.00067641 0.00485481 0.000643908 -0.00258044 0.00164562 -0.0287396 -0.031407 -0.0236807
internal_weight=51680.3 51361.7 51164.8 1941.7 443.02 1498.68 1407.13 49223.1 27621.4 6139.17 21482.2 21601.7 5118.42 16483.3 392.182 318.602 77.3283
internal_count=230549 220546 214775 16754 4823 11931 11230 198021 117682 39708 77974 80339 19979 60360 4348 10003 2012
is_linear=0
shrinkage=0.05


Tree=137
num_leaves=31
num_cat=0
split_feature=2 2 2 1 8 8 8 5 3 8 3 3 8 4 1 8 8 2 8 8 8 8 1 1 7 8 6 7 3 8
split_gain=706.6 397.224 181.343 166.428 145.144 93.3556 88.6352 87.2636 62.7736 63.2552 60.1123 59.0986 58.0249 53.1678 50.8525 46.8649 66.4106 46.2051 45.4239 44.9785 41.1584 43.5945 40.07 37.1042 26.7747 26.1519 25.9507 22.0477 18.7512 17.8763
threshold=1.0000000180025095e-35 -1.0000000180025095e-35 -1.4999999999999998 37.500000000000007 42.778856277465827 49.591728210449226 62.377737045288093 3.5000000000000004 1.0000000180025095e-35 -160.02195739746091 1.0000000180025095e-35 -1.0000000180025095e-35 37.442897796630866 -0.39453032612800593 6.5000000000000009 26.798501014709476 -46.97898864746093 -2.4999999999999996 -46.227739334106438 1.6444900035858157 32.219675064086921 -310.69364929199213 17.500000000000004 20.500000000000004 -0.053878191858530038 -4.0424249172210684 -1.0000000180025095e-35 -0.075198441743850694 1.0000000180025095e-35 45.573215484619148
decision_type=2 2 2 2 2 2 2 2 2 2 2 2 2 2 2 2 2 2 2 2 2 2 2 2 2 2 2 2 2 2
left_child=1 2 17 19 7 29 13 8 9 -3 12 -4 20 -7 -13 16 -9 -1 -10 22 21 -5 28 -19 -16 -25 -8 -24 -2 -6
right_child=3 4 11 10 5 6 26 15 18 -11 -12 14 -14 -15 24 -17 -18 23 -20 -21 -22 -23 27 25 -26 -27 -28 -29 -30 -31
leaf_value=0.035288090965961083 -0.030715312657897637 0.006374811264900155 -0.021626691552210021 0.011813608341324163 -0.018440422850049491 -0.025024395541531547 -0.01786374555387479 -0.016671716908239636 0.00071405813780067912 -0.00049926277424536269 0.038937798852256185 0.019973983552985713 -0.019057230538721864 0.011940934147736899 0.0093835399600641009 -0.031864746041147966 0.00014303953837551837 0.029185840550478681 0.034678675500573825 -0.030623280946935418 0.027837386789583425 -0.0089062477742592652 -0.0054038192205854707 0.018357289211769448 0.003961456025105641 0.0026733924050768225 -0.0076752564081665215 -0.02145011560798956 0.0042449932866842786 -0.036795059301551331
leaf_weight=506.03482788056135 549.62922377511859 4213.1489375829697 181.70944708585739 278.84105375409126 285.46148330718279 105.64113965630531 755.81718420982361 958.46407623589039 167.20088659226894 16194.821269825101 60.091036342084408 678.25012589991093 1140.6471846289933 814.76667684316635 3508.1622846722603 190.97132104635239 1503.4632997214794 511.63150158524513 235.11646822094917 1478.784275777638 83.852323945611715 2447.1986024565995 568.63309819251299 773.83963754028082 6512.315607175231 406.40528256446123 3634.7815320119262 343.09348764643073 39.985420543700457 280.6238361671567
leaf_count=5771 6785 11958 575 823 1306 424 3939 3644 489 51818 291 2920 14390 3370 12255 1096 6206 4165 746 25976 545 14059 3979 5178 19574 1900 21365 3358 395 1249
internal_value=-0.000738073 0.00168985 0.0089352 -0.015461 -0.00154071 -0.00856379 -0.0064912 0.00021989 0.00130922 0.000921078 -0.00879355 0.00628301 -0.00956789 0.0075859 0.00676691 -0.00831161 -0.00642371 0.0220204 0.0207452 -0.0244041 -0.00568877 -0.00676911 -0.0181971 0.0179598 0.00586346 0.0129908 -0.00944747 -0.0115263 -0.0283287 -0.0277818
internal_weight=49409.4 42418.6 13078.3 6990.76 29340.3 5877.09 5311.01 23463.2 20810.3 20408 4010.63 10880.4 3950.54 920.408 10698.7 2652.9 2461.93 2197.91 402.317 2980.13 2809.89 2726.04 1501.34 1691.88 10020.5 1180.24 4390.6 911.727 589.615 566.085
internal_count=230549 159948 52338 70601 107610 31653 29098 75957 65011 63776 30108 35324 29817 3794 34749 10946 9850 17014 1235 40493 15427 14882 14517 11243 31829 7078 25304 7337 7180 2555
is_linear=0
shrinkage=0.05


Tree=138
num_leaves=31
num_cat=0
split_feature=8 5 6 8 3 8 5 9 5 4 5 3 8 4 5 4 8 8 8 8 8 8 4 8 8 8 4 8 8 8
split_gain=317.276 176.13 169.743 136.193 133.978 140.853 108.484 85.4563 65.6702 65.2765 55.123 52.5606 83.2217 61.1917 51.0422 88.4757 52.06 50.051 63.7601 61.6773 106.519 90.4199 50.0286 45.3612 94.1729 40.0109 34.7406 29.4281 28.0585 25.1628
threshold=-18.398090362548825 -1.4999999999999998 5.5000000000000009 -14.519459724426268 1.0000000180025095e-35 158.74826812744143 1.5000000000000002 1.0000000180025095e-35 11.500000000000002 0.60499006509780895 8.5000000000000018 -1.0000000180025095e-35 -40.003139495849602 1.6188133358955386 -1.0000000180025095e-35 -0.16286793351173398 -16.122902870178219 -160.02195739746091 -198.72866058349607 -46.97898864746093 -66.618366241455064 -113.14067459106444 1.3063258528709414 -222.32796478271482 -216.81816101074216 -328.50596618652338 -1.0991501808166502 87.607540130615249 -50.632411956787102 19.12481784820557
decision_type=2 2 2 2 2 2 2 2 2 2 2 2 2 2 2 2 2 2 2 2 2 2 2 2 2 2 2 2 2 2
left_child=1 17 3 7 5 6 -5 14 11 27 -7 12 -3 22 15 -2 -16 18 23 20 21 -19 -13 25 -25 -1 -21 -6 -22 -4
right_child=2 8 29 4 9 10 -8 -9 -10 -11 -12 13 -14 -15 16 -17 -18 19 -20 26 28 -23 -24 24 -26 -27 -28 -29 -30 -31
leaf_value=-0.010101004759963278 0.0035339777878123308 0.030191343481248214 0.004909425116534874 -0.0028303548892216574 -0.019669390218562469 0.010497678406899885 0.0037679104404763249 0.046995895716269109 0.02366686317233066 0.010836795727494566 -0.0049854534638571896 -0.0038390417843106742 -0.017959412152258266 0.033057189413381226 -0.0066054842705596615 0.057847285060314703 0.02498508147881217 0.0014932111301427455 -0.039888603695130781 0.0099177131586546396 0.0057633943841349546 -0.020769974890648621 -0.032995760159391915 0.047270213641241392 -0.019340396131017106 -0.026883604802073819 -0.020993327992714687 -0.044910228650332326 0.029255268979389484 0.029643006533690099
leaf_weight=694.19377049431205 163.95502207055688 268.11743899062276 125.70871507376432 15457.267944086343 311.438591722399 4819.4829115346074 10427.34357464686 210.95388060063124 223.77358770370483 120.38995941355824 649.62431781366467 13553.065190065652 129.64076997339725 106.41401793807745 411.77857042476535 134.26155430078506 184.92491067945957 787.84734793752432 323.41392159461975 95.419683124870062 488.15253692865372 1075.924316778779 143.84108535200357 79.530526794493198 137.77644647657871 743.14387493208051 1204.0759258531034 194.45016352087259 168.59060302749276 620.86226418241858
leaf_count=5349 836 1158 1130 55244 1662 23331 41807 708 1062 520 3979 53100 470 550 1476 470 632 4270 2542 897 2397 5954 637 455 984 5836 5599 760 651 6277
internal_value=-0.000919664 -0.00587355 0.00204189 0.00150791 0.000909927 0.00136889 -0.000172099 0.0187188 -0.00291313 -0.0218963 0.00865571 -0.00334014 0.0144695 -0.0038584 0.0118291 0.0285373 0.00331104 -0.0132298 -0.0196872 -0.00986476 -0.00528455 -0.0113801 -0.00415717 -0.0156304 0.00555279 -0.0188412 -0.0186943 -0.0297159 0.0119694 0.0255387
internal_weight=54055.4 20222.9 33832.4 33085.9 31980 31353.7 25884.6 1105.87 14424.9 626.279 5469.11 14201.1 397.758 13803.3 894.92 298.217 596.703 5798.07 1978.06 3820.01 2520.51 1863.77 13696.9 1654.64 217.307 1437.34 1299.5 505.889 656.743 746.571
internal_count=230743 91911 138832 131425 127303 124361 97051 4122 56977 2942 27310 55915 1628 54287 3414 1306 2108 34934 15166 19768 13272 10224 53737 12624 1439 11185 6496 2422 3048 7407
is_linear=0
shrinkage=0.05


Tree=139
num_leaves=18
num_cat=0
split_feature=2 2 0 2 6 9 2 0 5 0 5 9 7 6 5 4 2
split_gain=130.19 94.578 55.7242 63.5392 50.4438 81.7386 49.3034 35.7448 35.42 25.5233 32.344 24.4279 23.9812 23.3002 18.1656 11.8713 9.74193
threshold=2.5000000000000004 -2.4999999999999996 28.500000000000004 1.0000000180025095e-35 2.5000000000000004 1.0000000180025095e-35 -1.4999999999999998 84.500000000000014 1.5000000000000002 8.5000000000000018 -3.4999999999999996 1.0000000180025095e-35 -0.22460715472698209 6.5000000000000009 2.5000000000000004 0.082730781286954894 1.5000000000000002
decision_type=2 2 2 2 2 2 2 2 2 2 2 2 2 2 2 2 2
left_child=1 -1 8 4 6 -6 -4 13 9 15 -11 12 -10 -5 -13 -3 -9
right_child=-2 2 3 7 5 -7 -8 16 11 10 -12 14 -14 -15 -16 -17 -18
leaf_value=-0.033204764766967411 -0.030608731336411427 -0.0022337569531574544 -0.0083121435709348785 0.00043530563145611958 0.013583355559543063 -0.014397547441613513 0.0041015963241839079 -0.010025794968973954 0.011091911642787292 -0.007182058347896138 0.0035215789747882042 -0.0026924692392197493 -0.0041299510355215065 -0.0251590577701961 -0.024287865528688213 0.0073411257971797766 -0.027662490626762782
leaf_weight=186.62031346559525 305.647620908916 5340.6965698339045 826.33086889982224 6607.9177076034248 2540.995873875916 286.72562037408352 21424.51191419363 416.04664842411876 275.10176604613662 766.47945059463382 8324.3403484299779 161.82050511240959 3422.2283959798515 85.134256860241294 244.87169394642115 339.75705743953586 95.638738373294473
leaf_count=5824 10153 19746 10302 43804 8072 905 72274 3126 990 3131 31584 662 14620 1226 1128 1370 1826
internal_value=0.00166329 0.00185836 0.0019895 0.00325114 0.00443988 0.0107257 0.00363882 -0.000886898 -0.000168636 0.000973286 0.00261567 -0.00427484 -0.00298391 9.12127e-05 -0.0158322 -0.00165512 -0.013558
internal_weight=51650.9 51345.2 51158.6 32283.3 25078.6 2827.72 22250.8 7204.74 18875.3 14771.3 9090.82 4104.02 3697.33 6693.05 406.692 5680.45 511.685
internal_count=230743 220590 214766 141535 91553 8977 82576 49982 73231 55831 34715 17400 15610 45030 1790 21116 4952
is_linear=0
shrinkage=0.05


Tree=140
num_leaves=31
num_cat=0
split_feature=8 5 4 8 8 8 8 8 8 3 8 8 8 3 8 8 6 8 3 3 0 4 4 7 4 5 5 5 7 4
split_gain=361.123 123.264 117.537 104.75 131.731 116.346 79.5954 79.5515 89.0686 70.8369 65.2161 62.0315 117.729 57.9336 56.5837 56.2639 60.492 44.9585 42.6089 41.6367 39.9389 33.2695 30.2155 25.0333 24.5423 22.8397 22.2923 16.8909 15.5654 14.0323
threshold=19.12481784820557 -3.4999999999999996 0.97636765241622936 -90.108810424804673 -30.148659706115719 -19.300438880920407 17.014272689819339 -36.567935943603509 -76.778827667236314 1.0000000180025095e-35 16.161653518676761 24.120081901550297 25.564900398254398 -1.0000000180025095e-35 402.32070922851568 -100.76657485961913 1.0000000180025095e-35 419.47741699218756 1.0000000180025095e-35 1.0000000180025095e-35 49.500000000000007 -0.43237961828708643 0.0046633104793727407 0.29070965945720678 1.0000000180025095e-35 2.5000000000000004 -1.0000000180025095e-35 1.0000000180025095e-35 -0.041303358972072594 1.6188133358955386
decision_type=2 2 2 2 2 2 2 2 2 2 2 2 2 2 2 2 2 2 2 2 2 2 2 2 2 2 2 2 2 2
left_child=1 3 9 15 7 28 10 8 -5 11 13 21 -13 25 -14 16 19 29 -15 -1 -11 -2 -7 -23 -12 -3 -22 -8 -6 -4
right_child=2 6 17 4 5 22 27 -9 -10 20 24 12 14 18 -16 -17 -18 -19 -20 -21 26 23 -24 -25 -26 -27 -28 -29 -30 -31
leaf_value=0.013381014990251121 0.0067400915524379688 -0.0012590592895819434 -0.020422917463360855 -0.033166065736685894 0.027006648321817997 0.0064634297690500447 0.011211017543197295 -0.037117566797662156 0.0023164961611536416 0.04267179911242288 -0.0094156627722989886 0.032221458348709729 -0.0061304480634719188 0.00045695216272110574 -0.032695381574410001 0.044888663501852444 -0.017510494697903653 0.03356597542756181 0.01521095697038272 0.040394611187949014 0.020655850930614381 -0.029719383404553681 -0.018659854399216549 0.00028120338011416605 -0.045913109184439867 -0.026147681408497811 -0.0075074456167550999 0.03272834541778142 0.05017013171858456 -0.032913773961709546
leaf_weight=2699.1615457758307 89.074072472751141 137.72931123524904 793.14397086203098 214.5559437610209 227.06717002391815 1502.4491944946349 174.41459711268544 221.31312642991543 906.7329622618854 93.432304073125124 90.918290603905916 193.72703462094069 11272.49914162606 27310.673267483711 199.40157068893313 143.32680462300777 148.07191147655249 30.340205512940884 493.28945327177644 147.26794995367527 124.35629593208432 511.91815939173102 125.18648787215352 80.233739040791988 95.60026066377759 276.96359298378229 149.68098147213459 205.73079658299685 127.6041020527482 345.92758824676275
leaf_count=12518 339 888 10620 929 893 6175 620 820 3818 343 366 794 65188 103385 1801 616 560 460 2169 830 614 3168 692 453 548 1814 751 936 561 7074
internal_value=-0.000736746 0.00195366 -0.0075654 0.008191 0.00200131 0.0101817 0.000552106 -0.0100697 -0.0045901 -0.00616458 0.000245933 -0.00681034 -0.00594791 0.00044321 -0.00660624 0.0147361 0.0132205 -0.0227046 0.000721401 0.014847 0.0153328 -0.021428 0.00447989 -0.0256861 -0.0288327 -0.0179951 0.00541399 0.0231297 0.035922 -0.0243436
internal_weight=49131.8 35248.1 13883.7 6462.74 3324.91 1982.31 28785.3 1342.6 1121.29 12714.3 28405.2 12346.9 11665.6 28218.7 11471.9 3137.83 2994.5 1169.41 27804 2846.43 367.47 681.226 1627.64 592.152 186.519 414.693 274.037 380.145 354.671 1139.07
internal_count=230743 139138 91605 28412 13888 8321 110726 5567 4747 73451 109170 71743 67783 108256 66989 14524 13908 18154 105554 13348 1708 3960 6867 3621 914 2702 1365 1556 1454 17694
is_linear=0
shrinkage=0.05


Tree=141
num_leaves=31
num_cat=0
split_feature=2 2 0 8 2 5 2 0 8 0 8 8 4 8 4 7 0 0 8 8 8 2 4 8 4 3 8 4 4 8
split_gain=670.122 427.914 189.063 157.778 129.159 86.9088 70.9385 69.6673 62.7156 55.2235 53.5032 79.1485 66.6731 62.0343 51.7457 45.8093 36.1565 30.1663 28.1068 27.488 27.4799 26.5518 24.4038 31.5924 28.7865 23.3331 21.5916 20.3068 53.4916 20.6736
threshold=-1.0000000180025095e-35 1.5000000000000002 54.500000000000007 -170.74105834960935 1.0000000180025095e-35 -2.4999999999999996 -1.4999999999999998 71.500000000000014 -0.54526796936988819 68.500000000000014 -216.81816101074216 -254.63584899902341 0.28522720932960516 -322.24613952636713 0.065213490277528777 0.018903659656643871 24.500000000000004 70.500000000000014 -23.128694534301754 -222.32796478271482 191.76314544677737 2.5000000000000004 0.24487247318029406 -31.164384841918942 -0.13682280480861661 1.0000000180025095e-35 -198.72866058349607 0.60499006509780895 0.866277575492859 -30.148659706115719
decision_type=2 2 2 2 2 2 2 2 2 2 2 2 2 2 2 2 2 2 2 2 2 2 2 2 2 2 2 2 2 2
left_child=2 3 6 10 5 14 -1 -7 21 15 11 13 26 -2 -5 -6 20 18 -4 -13 -8 27 24 -24 -18 -11 -12 29 -29 -3
right_child=1 8 17 4 9 7 16 -9 -10 25 12 19 -14 -15 -16 -17 22 -19 -20 -21 -22 -23 23 -25 -26 -27 -28 28 -30 -31
leaf_value=-0.028664171532435286 -0.0051014750786990814 0.023700726306603786 -0.028454954270706587 -0.0062564963108191294 0.00029719057407363457 0.0010152684746553909 -0.0023492929815330534 -0.008497495534415981 0.027484483993233264 0.014066219133933947 -0.016942416583532609 0.0030018467394756867 0.0093169248535268298 -0.022644921993992224 -0.028135781441390374 0.0079657899015822872 -0.0083725137477079371 -0.031458728545775166 -0.013676873866639808 0.028064127370657162 0.022512233463109502 0.031926178225682923 -0.020559459672022672 0.0074055721802272802 -0.02069142491841329 -0.0057679675277912306 -0.037930742581260543 -0.018372267280878908 0.014962284579473581 -0.001232501983139611
leaf_weight=408.53774943202734 1399.5176947712898 281.69465444236994 605.57232557237148 3111.9818320348859 4183.6952062398195 25389.797603949904 1169.5209092199802 2077.5050432980061 1538.3950980715454 2130.2032518535852 210.02282699197531 461.04798854142427 129.78028540313244 786.00619734823704 291.72770580649376 3638.9850144833326 1426.5250775516033 1295.0357346720994 719.52990084514022 139.06055621057749 117.76510348916054 132.19449391961098 133.99923256784678 364.36774142086506 715.74374572187662 156.70976108312607 342.13946375250816 199.06017583608627 288.4056565836072 116.42173163592815
leaf_count=5291 6227 1438 6747 11572 13820 74761 5642 7931 20838 10786 951 1862 397 3800 1117 15972 8311 15832 5042 590 332 1458 664 1327 3288 542 1645 768 1606 603
internal_value=-0.000899553 0.00124455 -0.0153774 9.94304e-05 0.000966436 -0.000640095 -0.00895329 0.00029435 0.0211176 0.00587009 -0.0101337 -0.0070362 -0.0226431 -0.0114481 -0.00817026 0.00386731 -0.00686935 -0.0259722 -0.020512 0.00899333 3.42257e-06 0.0114065 -0.0102134 -0.000243102 -0.0125269 0.0126975 -0.0301712 0.00818138 0.00130155 0.0164846
internal_weight=53960.9 47004.4 6956.6 44448.2 40980.6 30871 4336.46 27467.3 2556.17 10109.6 3467.58 2785.63 681.943 2185.52 3403.71 7822.68 3927.92 2620.14 1325.1 600.109 1287.29 1017.78 2640.64 498.367 2142.27 2286.91 552.162 885.582 487.466 398.116
internal_count=231160 178684 52476 151973 136501 95381 24855 82692 26711 41120 15472 12479 2993 10027 12689 29792 19564 27621 11789 2452 5974 5873 13590 1991 11599 11328 2596 4415 2374 2041
is_linear=0
shrinkage=0.05


Tree=142
num_leaves=20
num_cat=0
split_feature=2 2 0 9 4 8 8 8 5 4 8 4 4 2 8 8 8 8 8
split_gain=125.494 90.7408 52.7701 40.045 122.91 131.314 66.5541 41.1677 55.7582 50.7784 16.6901 12.2707 13.9692 12.8772 6.06657 6.59464 2.87263 1.23761 2.9142
threshold=2.5000000000000004 -2.4999999999999996 13.500000000000002 1.0000000180025095e-35 -0.027575368992984291 -56.345481872558587 -37.716585159301751 247.85845947265628 1.0000000180025095e-35 0.93829354643821727 247.85845947265628 -0.094630509614944444 -0.34014736115932459 1.0000000180025095e-35 369.94026184082037 342.64604187011724 393.63970947265631 1.6444900035858157 -12.206459999084471
decision_type=2 2 2 2 2 2 2 2 2 2 2 2 2 2 2 2 2 2 2
left_child=1 -1 10 7 6 -6 -5 9 -9 -4 11 12 -3 -13 15 -12 -16 18 -2
right_child=17 2 3 4 5 -7 -8 8 -10 -11 14 13 -14 -15 16 -17 -18 -19 -20
leaf_value=-0.033147555988401703 -0.030355914690220771 0.00290465429431086 0.0030314427026699314 -0.013088382984543734 0.047098322415839541 -0.011698009851090827 0.01060457320573335 0.014297097128711623 -0.0095182096693621505 0.010327801305270015 -0.010531598017689688 -0.00080769474714422395 -0.0091558433938988184 0.0081715642907523294 0.0042674942268495714 -0.028868256683511964 -0.0095720313567056164 -0.033221926933705341 -0.008839463908707719
leaf_weight=180.31901205331087 38.832809818908572 330.92016483098269 33082.790115393698 347.8801556751132 94.053127102553844 2370.894399119541 1863.2343224696815 302.04646963812411 1231.7098562736064 2566.1284452732652 170.91812181845307 7417.3252490460873 850.88516036421061 416.99084839969873 65.437941692769527 70.732954733073711 76.40918330103159 220.6159309707582 33.431462062522769
leaf_count=5842 992 1317 132056 1326 290 10961 7051 2390 11165 14388 1542 26008 3101 2005 384 628 580 8081 1053
internal_value=0.00159091 0.00177814 0.00190422 0.0026644 -0.00169509 -0.00936376 0.00685578 0.0032128 -0.00479698 0.00355803 -0.00148064 -0.0010428 -0.00578074 -0.000324856 -0.0116285 -0.0163753 -0.00325956 -0.0307697 -0.021618
internal_weight=51731.6 51438.7 51258.4 41858.7 4676.06 2464.95 2211.11 37182.7 1533.76 35648.9 9399.62 9016.12 1181.81 7834.32 383.498 241.651 141.847 292.88 72.2643
internal_count=231160 221034 215192 179627 19628 11251 8377 159999 13555 146444 35565 32431 4418 28013 3134 2170 964 10126 2045
is_linear=0
shrinkage=0.05


Tree=143
num_leaves=31
num_cat=0
split_feature=2 2 0 2 8 8 5 8 2 7 7 2 8 0 7 0 6 4 5 0 7 8 8 6 8 8 8 8 2 4
split_gain=618.871 359.981 170.538 169.587 132.748 93.5124 91.9946 85.7459 78.3895 65.1126 45.6473 43.944 41.5762 39.1337 31.8955 31.1924 31.1528 44.417 28.6353 26.027 26.6734 23.111 22.8846 19.1655 19.0966 18.5363 17.8205 17.6123 15.7542 15.723
threshold=1.0000000180025095e-35 -1.4999999999999998 58.500000000000007 -1.0000000180025095e-35 42.778856277465827 49.591728210449226 2.5000000000000004 62.377737045288093 1.5000000000000002 -0.20562063902616498 0.14355833828449252 -2.4999999999999996 -46.97898864746093 82.500000000000014 0.047000905498862273 70.500000000000014 1.0000000180025095e-35 0.14314249902963641 4.5000000000000009 73.500000000000014 -0.080513980239629732 -27.185948371887203 -4.0424249172210684 -1.4999999999999998 2.6203181743621831 45.573215484619148 -361.24395751953119 -31.164384841918942 1.5000000000000002 1.2742908000946047
decision_type=2 2 2 2 2 2 2 2 2 2 2 2 2 2 2 2 2 2 2 2 2 2 2 2 2 2 2 2 2 2
left_child=1 11 8 13 6 25 9 -7 10 -5 16 -1 -8 14 18 22 26 -18 -3 20 28 -10 27 -16 -24 -6 -2 -13 -4 -12
right_child=2 3 19 4 5 7 12 -9 21 -11 29 15 -14 -15 23 -17 17 -19 -20 -21 -22 -23 24 -25 -26 -27 -28 -29 -30 -31
leaf_value=0.035079828021703431 0.011845205094878256 0.0087427860699358546 -0.0075659334696433003 0.006000522189437244 -0.018288296885002015 0.0077135904287959998 -0.013700889286321575 -0.0090749167147858786 -0.0084063154909363152 -0.00028767696633958084 -0.018122550353157685 0.014913238793281406 -0.0028969505759290251 0.016502439686172224 0.00730753693614908 0.028644521063327006 0.010589968151156608 -0.0052455557646858371 -0.0059382719126741448 -0.031287157036588756 -0.027272393532790418 -0.033026224320679323 -0.015932640379500703 0.00021206450165140272 0.0094321455379480692 -0.037027750952429765 -0.012054562956862712 0.035969419494294226 -0.027831217949707755 0.0088192085514647613
leaf_weight=473.33839789032936 80.38186252117157 4814.9831097871065 433.29300929605961 5860.7817227616906 291.87055072933435 917.90752535313368 1406.7068981453776 4340.0429132655263 130.67393711954355 13804.829573303461 844.47715870290995 645.21087110042572 2421.6518752872944 794.55980932712555 1290.6511417925358 464.17342714220285 666.77143513038754 1294.2686195410788 353.32577979564667 1107.0959998890758 653.40716213919222 394.75866696611047 91.040465049445629 3586.1144256591797 323.46707051992416 269.64421064406633 1037.6347074918449 117.51773281395435 120.71876578405499 54.956610478460789
leaf_count=5842 223 16394 3401 16919 1350 3805 5146 25403 1192 44081 8079 4517 10093 3434 4039 3951 3270 8591 1050 18981 10398 8507 467 10450 1508 1233 5406 824 1988 618
internal_value=-0.000687759 0.00156768 -0.0146602 0.000507476 -0.00146861 -0.00822577 0.000206539 -0.00613952 -0.00897497 0.00158739 -0.00655817 0.0216492 -0.00687948 0.00584957 0.00499915 0.0176814 -0.00365055 0.000151905 0.00773436 -0.0256802 -0.0204313 -0.0270403 0.0132559 0.00209546 0.00373765 -0.0275345 -0.0102912 0.0183706 -0.0121912 -0.0164367
internal_weight=49086.3 42267.8 6818.44 40153.1 29313.4 5819.47 23494 5257.95 4503.92 19665.6 3978.49 2114.75 3828.36 10839.6 10045.1 1641.41 3079.06 1961.04 5168.31 2314.51 1207.42 525.433 1177.24 4876.77 414.508 561.515 1118.02 762.729 554.012 899.434
internal_count=231160 160506 70654 143397 108030 31791 76239 29208 35886 61000 26187 17109 15239 35367 31933 11267 17490 11861 17444 34768 15787 9699 7316 14489 1975 2583 5629 5341 5389 8697
is_linear=0
shrinkage=0.05


Tree=144
num_leaves=31
num_cat=0
split_feature=2 2 0 2 7 2 8 0 5 0 5 8 8 4 8 0 4 6 0 9 8 4 4 4 4 8 7 5 0 6
split_gain=609.598 371.831 186.729 155.672 120.552 67.1677 65.7046 65.0355 54.4483 52.1057 44.7191 42.942 39.7087 35.7387 33.269 32.9272 34.8365 31.4294 30.9406 29.8519 27.201 26.5272 26.2098 33.6818 21.9393 19.366 46.7975 18.8333 18.0263 16.9917
threshold=-1.0000000180025095e-35 1.5000000000000002 57.500000000000007 1.0000000180025095e-35 -0.1646463945508003 -1.4999999999999998 -9.2462801933288556 74.500000000000014 3.5000000000000004 44.500000000000007 -1.4999999999999998 120.61153411865236 95.022144317626967 -0.93012794852256764 42.778856277465827 52.500000000000007 0.52287265658378612 1.0000000180025095e-35 83.500000000000014 1.0000000180025095e-35 96.730762481689467 0.52287265658378612 -0.18283489346504209 0.11763067170977594 0.75114825367927562 -30.148659706115719 -0.11090264841914176 7.5000000000000009 87.500000000000014 1.5000000000000002
decision_type=2 2 2 2 2 2 2 2 2 2 2 2 2 2 2 2 2 2 2 2 2 2 2 2 2 2 2 2 2 2
left_child=2 3 5 4 10 -1 15 8 -6 11 -2 17 13 -7 -12 16 -3 -5 19 -11 -4 -15 -14 -24 29 -17 -27 -13 -9 -8
right_child=1 6 20 9 7 12 24 28 -10 18 14 27 22 21 -16 25 -18 -19 -20 -21 -22 -23 23 -25 -26 26 -28 -29 -30 -31
leaf_value=-0.027163578087136705 -0.013896961316226326 0.016678353936727161 -0.028377600860824734 0.0062605954635496942 -0.00056781991534675445 -0.026469880815164076 0.028759912371250824 -0.0070005621800565401 0.0052453237778873098 0.0059362271472722106 -0.0064520256227250262 0.014011020807884212 0.017316685950683218 -0.0086335553540054354 0.0073331979446299286 0.021623664214654694 -0.018114429787368217 -0.0033847910886936373 0.018457341908899954 0.018510306329669109 -0.010824497759185397 0.010826321630609604 -0.017142226872837302 0.010712349338865005 0.030622658923999346 -0.027195913039465794 0.023010193704250712 -0.010655266203340702 -0.020666458822748979 0.011049798379480958
leaf_weight=447.19783207401633 2014.7470703050494 113.27851168811321 2020.6882151067257 1183.5437717884779 20103.284332990646 265.63090002536774 225.45255818217993 1528.0570627003908 5032.2498088032007 4837.4844279289246 3731.446198374033 784.67849923670292 240.80427196621895 2965.6659293919802 491.53483779728413 419.14593611657619 179.21097794175148 2913.5362648665905 683.60749148577452 519.99384265393019 257.02558961510658 181.93293879926205 210.94515605270863 213.43813808262348 1012.0032926537097 74.930606685578823 105.73329267650843 82.152383759617805 284.57222083210945 355.72822755202651
leaf_count=6056 9261 518 23965 3640 60987 2104 2249 6274 14618 19822 13609 4450 744 15980 1424 2626 725 9563 3701 2255 1443 773 622 629 15294 471 708 450 1352 4177
internal_value=-0.000784023 0.00125453 -0.0147608 0.000195138 -0.00151389 -0.00886762 0.0200518 -6.35388e-05 0.00059681 0.00534711 -0.00777461 0.00154922 -0.00683067 -0.00900676 -0.00484072 0.00911804 -0.00458566 -0.000594246 0.00846395 0.00717278 -0.0264249 -0.00749338 0.00431927 -0.00317151 0.0261279 0.0157831 0.00201552 0.0116256 -0.00919698 0.0181066
internal_weight=53479.7 46676.4 6803.33 44190.9 33185.9 4525.62 2485.48 26948.2 25135.5 11005 6237.73 4963.91 4078.42 3413.23 4222.98 892.299 292.489 4097.08 6041.09 5357.48 2277.71 3147.6 665.188 424.383 1593.18 599.81 180.664 866.831 1812.63 581.181
internal_count=230490 178174 52316 151406 107525 26908 26768 83231 75605 43881 24294 18103 20852 18857 15033 5048 1243 13203 25778 22077 25408 16753 1995 1251 21720 3805 1179 4900 7626 6426
is_linear=0
shrinkage=0.05


Tree=145
num_leaves=20
num_cat=0
split_feature=2 2 0 2 8 0 2 8 6 8 8 8 4 4 8 7 8 8 8
split_gain=118.543 84.1955 49.8719 48.4662 53.3382 53.0915 108.182 37.4849 31.4725 18.5251 37.4697 25.5911 16.5845 14.0456 11.1101 5.72088 0.964506 2.4181 0.36177
threshold=2.5000000000000004 -2.4999999999999996 16.500000000000004 1.0000000180025095e-35 -403.78736877441401 71.500000000000014 -1.0000000180025095e-35 -130.9697570800781 6.5000000000000009 -1.2817159891128538 -8.6262278556823713 1.0000000180025095e-35 -0.15555509924888608 -0.047534052282571786 -130.9697570800781 -0.067201726138591752 1.6444900035858157 -12.206459999084471 -1.9814713001251218
decision_type=2 2 2 2 2 2 2 2 2 2 2 2 2 2 2 2 2 2 2
left_child=1 -1 9 5 -5 7 -7 -4 -6 10 14 13 -13 -11 -3 -12 17 -2 -19
right_child=16 2 3 4 8 6 -8 -9 -10 11 15 12 -14 -15 -16 -17 -18 18 -20
leaf_value=-0.033042563225150007 -0.030152204957188122 -0.0035743660707296802 -0.0019631846002930121 0.037615935878962593 -0.00082244687563572659 -0.0024332853840314762 0.012251429255977851 0.0033499655381096409 -0.028043730947848775 -0.029035657677938032 0.0068078140069760124 -0.01146233430698765 -0.001227442006108132 -0.0091606943958554878 0.0013572099627665213 0.020539513832823875 -0.033142999787634873 -0.0020259915229426167 -0.013312619462055876
leaf_weight=169.05968797206879 37.135457552969456 1663.5156367793679 3919.7373273298144 84.568839572370052 8158.4376216158271 1800.0123655237257 4120.0938085317612 21574.888857584447 102.59160525724292 112.54450644552708 118.16271205246449 427.59152732789516 4677.9018346443772 403.08628159761429 3614.6420867443085 247.2806106954813 208.53087118640542 12.788493644446133 20.092958018183708
leaf_count=5837 1003 6664 17197 302 54792 12012 12011 73616 1631 418 422 1612 19080 1539 12296 892 8094 397 675
internal_value=0.00149605 0.00167446 0.00179271 0.00262467 -0.000761867 0.00352432 0.00778825 0.00253286 -0.00117726 -0.00114368 0.000879672 -0.00317409 -0.002095 -0.0137359 -0.000198985 0.0162513 -0.0307448 -0.0218693 -0.00976975
internal_weight=51472.7 51194.1 51025.1 39760.3 8345.6 31414.7 5920.11 25494.6 8261.03 11264.7 5643.6 5621.12 5105.49 515.631 5278.16 365.443 278.548 70.0169 32.8815
internal_count=230490 220321 214484 171561 56725 114836 24023 90813 56423 42923 20274 22649 20692 1957 18960 1314 10169 2075 1072
is_linear=0
shrinkage=0.05


Tree=146
num_leaves=31
num_cat=0
split_feature=2 2 0 2 8 8 2 8 5 3 4 3 8 8 8 8 2 8 8 0 8 8 0 8 3 0 8 6 4 4
split_gain=583.372 340.267 167.067 158.595 110.982 89.0603 77.9724 77.5554 72.5431 66.9127 60.0118 56.0545 55.8504 46.7025 59.6228 45.0723 44.2343 43.7052 59.134 42.1301 42.0624 36.3356 32.9009 27.6995 26.8975 25.8766 23.6987 21.9227 19.6384 19.0889
threshold=1.0000000180025095e-35 -1.0000000180025095e-35 63.500000000000007 -1.4999999999999998 42.778856277465827 49.591728210449226 1.5000000000000002 62.377737045288093 3.5000000000000004 1.0000000180025095e-35 -0.39453032612800593 -1.0000000180025095e-35 -160.02195739746091 11.03136730194092 7.8179750442504892 -46.227739334106438 -2.4999999999999996 26.798501014709476 -46.97898864746093 74.500000000000014 3.2915763854980473 -155.41359710693357 62.500000000000007 -27.185948371887203 1.0000000180025095e-35 43.500000000000007 11.03136730194092 2.5000000000000004 -1.5111640095710752 0.7058808207511903
decision_type=2 2 2 2 2 2 2 2 2 2 2 2 2 2 2 2 2 2 2 2 2 2 2 2 2 2 2 2 2 2
left_child=1 3 6 16 8 -6 13 10 9 12 -7 -5 -3 14 20 -11 -1 18 -10 21 -2 -13 -18 27 -9 29 -24 -8 -4 -15
right_child=2 4 28 11 5 7 23 24 17 15 -12 19 -14 25 -16 -17 22 -19 -20 -21 -22 -23 26 -25 -26 -27 -28 -29 -30 -31
leaf_value=0.034923796634479615 -0.0031363125036201244 0.0057641328643816365 0.01014254305246076 -0.021472376928490088 -0.026725815107656665 -0.027380390241073665 -0.021611936127392845 -0.0090499114956485976 -0.015864432714452658 0.0010892518776081644 0.011932140608458966 0.011702749137013857 -0.00072707397339343179 -0.012627645689461854 0.037437091368231083 0.035074687424345961 0.011020709016941504 -0.031021828528617085 0.00014450675961155096 0.01367788825032747 -0.034301180509387706 0.0034409240833672174 0.03155756731246525 -0.032481191922711157 0.021165163519526704 -0.022643531665174188 0.009795897429698705 0.015494398888072256 -0.028007661526724195 0.0043861622907997782
leaf_weight=445.82447189465165 2494.8722758740187 4163.1876372843981 32.035516157746315 180.11170819401741 552.72178114205599 105.15588726103306 102.94240469485521 4217.5506877526641 932.24562178552151 165.7021839171648 825.1446181461215 1623.7014568299055 16160.592650085688 795.78596982359886 82.647073417901993 233.37956230342388 953.01655738055706 183.73609355837107 1499.8270706608891 1631.85575504601 108.28377724438906 7325.3407503962517 469.92978526651859 451.65795893780887 70.375242441892624 556.0332144536078 177.86444832384586 58.639120493084192 1794.2607497982681 204.88264727592468
leaf_count=5837 12005 11854 185 569 2600 430 934 24938 3630 487 3394 6126 51807 7488 434 729 5741 1102 6243 6708 626 21838 4490 10441 311 6201 1007 621 29506 2208
internal_value=-0.000721745 0.00146598 -0.0144365 0.00825582 -0.00152231 -0.00772768 -0.00957049 -0.00569171 1.34118e-05 0.00100442 0.00736586 0.00582364 0.000603696 -0.00714305 -0.00313843 0.0211517 0.0209986 -0.00782444 -0.00601189 0.00629821 -0.00449595 0.00494564 0.0170238 -0.0261704 -0.00852994 -0.0140201 0.0257033 -0.0080849 -0.0273126 -0.00913965
internal_weight=48599.3 41917.3 6682.04 12807.6 29109.6 5770.95 4855.74 5218.23 23338.7 20722.9 930.301 10761 20323.8 4242.5 2685.8 399.082 2046.64 2615.81 2432.07 10580.9 2603.16 8949.04 1600.81 613.239 4287.93 1556.7 647.794 161.582 1826.3 1000.67
internal_count=230490 159841 70649 52316 107525 31673 40958 29073 75852 64877 3824 35241 63661 28962 13065 1216 17075 10975 9873 34672 12631 27964 11238 11996 25249 15897 5497 1555 29691 9696
is_linear=0
shrinkage=0.05


Tree=147
num_leaves=31
num_cat=0
split_feature=2 2 0 5 8 2 3 8 2 8 8 8 8 8 8 5 8 6 8 8 0 2 8 0 8 6 8 5 5 8
split_gain=582.083 358.36 172.172 140.978 88.2389 79.4055 66.4022 72.1577 59.3391 59.1142 88.0474 58.735 64.1652 57.6042 55.3397 44.2592 43.2927 39.9448 71.766 36.0872 32.8472 28.8074 27.1446 22.007 22.1849 17.7378 16.7184 16.0018 29.1962 15.5118
threshold=-1.0000000180025095e-35 1.5000000000000002 61.500000000000007 1.0000000180025095e-35 90.639205932617202 -1.4999999999999998 -1.0000000180025095e-35 -24.00040245056152 2.5000000000000004 -160.02195739746091 -198.72866058349607 -40.003139495849602 -18.398090362548825 -16.918650627136227 -40.924243927001946 -3.4999999999999996 -0.54526796936988819 1.0000000180025095e-35 113.39955902099611 -130.9697570800781 31.500000000000004 1.0000000180025095e-35 191.76314544677737 79.500000000000014 -49.602500915527337 -5.4999999999999991 153.43129730224612 10.500000000000002 12.500000000000002 96.730762481689467
decision_type=2 2 2 2 2 2 2 2 2 2 2 2 2 2 2 2 2 2 2 2 2 2 2 2 2 2 2 2 2 2
left_child=2 3 5 4 9 25 11 14 16 10 -2 -5 -13 -9 -8 -7 23 21 -19 -11 22 -6 -17 24 -3 -1 -4 -18 -29 -22
right_child=1 8 26 6 17 15 7 13 -10 19 -12 12 -14 -15 -16 20 27 18 -20 -21 29 -23 -24 -25 -26 -27 -28 28 -30 -31
leaf_value=0.0039363079538907294 -0.0070494887115382134 0.01181888725565183 -0.028809226977842189 0.040575350203052335 0.0061100920263057771 -0.0196543448352062 0.00018272342606073702 0.01741900841368969 0.033518981437528468 0.0090182018162454965 -0.032700475628547901 -0.023351859632197408 0.017943822811797797 0.0034489559784504522 -0.011496250969112687 -0.0023215915840302998 0.025146424184363799 -0.032120445293314176 0.0062281139778327943 -0.0034584160944870616 -0.011784357533458151 0.023184298035934803 0.018758766541270622 0.02577852090426995 -0.005585202672907753 -0.030976302470223954 -0.009715662422991992 -0.025040449465274114 0.02559449181261127 -0.00018862926970966362
leaf_weight=38.278345230966806 1950.4164050295949 385.75605052709579 1740.4183114282787 197.42515125870705 2044.2061571478844 626.55164055526257 4887.3544913977385 771.44864003360271 603.19392851740122 597.2453607916832 400.04161886870861 116.31067845225334 418.35799969732761 15037.865374095738 1274.8842414915562 1552.7580402716994 819.24288470670581 180.50026203691959 352.77904300391674 15587.680483058095 1613.6140575408936 277.38808112591505 164.30872824788094 128.89224980026484 340.34365733712912 466.19539256766438 129.64493485540152 44.42952961102128 62.330137711018324 351.13714061677456
leaf_count=711 9363 1849 21724 679 6642 4758 16428 2342 10145 2001 1880 386 1613 52578 3994 7306 10460 610 1558 50031 9079 1411 462 953 1572 6436 717 617 1005 1103
internal_value=-0.000863248 0.00112121 -0.0146552 9.92706e-05 -0.00281309 -0.00963506 0.00284317 0.00234738 0.0199814 -0.00407352 -0.0114754 0.017606 0.00882733 0.00413595 -0.00224086 -0.00741756 0.0153155 0.00536309 -0.0069296 -0.00299537 -0.00531134 0.00819559 -0.000255771 0.0071408 0.00367869 -0.0283146 -0.027515 0.0227844 0.00434453 -0.00971773
internal_weight=53161 46478.1 6682.91 44093.9 21390.3 4812.84 22703.6 21971.6 2384.19 18535.4 2350.46 732.094 534.669 15809.3 6162.24 4308.37 1780.99 2854.87 533.279 16184.9 3681.82 2321.59 1717.07 854.992 726.1 504.474 1870.06 926.003 106.76 1964.75
internal_count=230413 178117 52296 151516 73496 29855 78020 75342 26601 63275 11243 2678 1999 54920 20422 22708 16456 10221 2168 52032 17950 8053 7768 4374 3421 7147 22441 12082 1622 10182
is_linear=0
shrinkage=0.05


Tree=148
num_leaves=19
num_cat=0
split_feature=2 2 9 4 8 8 8 0 8 8 2 6 8 5 8 8 8 8
split_gain=113.371 78.1706 50.0529 84.9914 101.778 65.4592 92.2139 51.8793 45.7765 45.3471 39.0285 59.1003 52.4126 20.1344 20.3573 6.88808 0.407434 2.61428
threshold=2.5000000000000004 -2.4999999999999996 1.0000000180025095e-35 -0.020519999787211415 -56.345481872558587 -37.716585159301751 -27.185948371887203 21.500000000000004 -56.345481872558587 11.03136730194092 1.0000000180025095e-35 2.5000000000000004 -403.78736877441401 -3.4999999999999996 139.82307434082034 -90.108810424804673 1.6444900035858157 -1.0000000180025095e-35
decision_type=2 2 2 2 2 2 2 2 2 2 2 2 2 2 2 2 2 2
left_child=1 -1 7 5 -5 8 -7 13 -4 -6 11 -9 -12 15 -15 -3 17 -2
right_child=16 2 3 4 9 6 -8 10 -10 -11 12 -13 -14 14 -16 -17 -18 -19
leaf_value=-0.03293433415544756 -0.027616639981854769 -0.021731515040077892 0.00057849456380077411 0.032844271098193011 -0.015978812087177576 0.036799957968649676 0.003935367900931297 0.0034616199786145657 -0.033818165923183575 -0.0037838152553709295 0.037755305604511319 0.011406017562641443 -0.00039225935221097875 0.0006216772959633162 -0.0058952313073276415 -0.00653268927470741 -0.033066019072034845 -0.0030382702025238181
leaf_weight=158.06624594889581 51.783295268192887 124.31582311540842 219.43528040871024 140.33954382687807 1554.3019745200872 236.00868314877152 1882.0696516111493 22697.315484670922 167.74318653345108 1499.3318077065051 86.205853894352913 2607.0018440932035 7047.2416381277144 11195.852433338761 1336.8983012605458 191.64855620265007 197.27009280584753 15.020326688885687
leaf_count=5815 1517 586 794 425 6903 809 7143 84556 700 6779 306 8362 48156 39930 8284 720 8097 531
internal_value=0.00146025 0.0016304 0.00174077 -0.00267362 -0.00807582 0.00421606 0.00767538 0.00229655 -0.0145649 -0.0100071 0.00336151 0.00428219 9.48662e-05 -0.000392288 -7.55706e-05 -0.012758 -0.0309107 -0.0226868
internal_weight=51407.9 51143.8 50985.7 5699.23 3193.97 2505.26 2118.08 45286.5 387.178 3053.63 32437.8 25304.3 7133.45 12848.7 12532.8 315.964 264.074 66.8036
internal_count=230413 220268 214453 23553 14107 9446 7952 190900 1494 13682 141380 92918 48462 49520 48214 1306 10145 2048
is_linear=0
shrinkage=0.05


Tree=149
num_leaves=31
num_cat=0
split_feature=8 5 6 8 8 8 8 8 8 3 8 8 8 8 8 8 8 6 3 8 3 0 4 4 8 4 8 5 8 8
split_gain=293.874 117.623 112.585 94.1125 82.7863 127.528 109.409 86.0503 97.897 73.408 60.7608 66.9994 60.4485 57.0721 54.4476 52.0472 47.9984 45.6748 44.1944 42.3808 36.0814 31.6602 31.0088 29.6361 29.4079 28.6042 24.6481 17.719 14.1668 60.6652
threshold=19.12481784820557 -3.4999999999999996 2.5000000000000004 17.014272689819339 -90.108810424804673 -30.148659706115719 -21.224973678588864 -36.567935943603509 -76.778827667236314 1.0000000180025095e-35 23.550344467163089 75.15427398681642 71.486984252929702 16.161653518676761 -100.76657485961913 447.06620788574224 402.32070922851568 1.0000000180025095e-35 -1.0000000180025095e-35 -434.33631896972651 1.0000000180025095e-35 70.500000000000014 -0.43237961828708643 1.0914610624313357 6.2212312221527108 1.0000000180025095e-35 -1.2817159891128538 1.5000000000000002 330.51454162597662 284.62689208984381
decision_type=2 2 2 2 2 2 2 2 2 2 2 2 2 2 2 2 2 2 2 2 2 2 2 2 2 2 2 2 2 2
left_child=1 4 9 13 14 7 -7 8 -6 10 22 12 -12 18 17 23 -13 20 26 -20 -1 -11 -2 28 -8 -15 -3 -5 29 -4
right_child=2 3 15 27 5 6 24 -9 -10 21 11 16 -14 25 -16 -17 -18 -19 19 -21 -22 -23 -24 -25 -26 -27 -28 -29 -30 -31
leaf_value=0.012570506658361577 0.0059610186211548118 -0.021050642223467347 -0.016677946588311558 0.016554202305060019 -0.033839488289184975 0.038677804224459836 0.0096874920806098892 -0.037921446977094125 0.0035553413776858549 0.028994793927809084 -0.0025569511407449834 -0.0082844560180314209 0.020853093906896547 -0.00653748910377191 0.045234135963334907 0.041628923326092859 -0.034976967063535133 -0.014487116457532097 0.022272489881541745 0.00036582844715814217 0.038700830048024305 -0.0012100048639816943 -0.028847916357654747 -0.029655294274396195 -0.0049396612682658424 -0.045751512224526579 0.012676002942502341 0.039547481388352901 -0.030403353438991518 0.030910829346045957
leaf_weight=2620.5749036073685 74.251134719699621 346.95509508624673 814.72728741914034 253.78925076499581 212.72162803635001 288.74854293838143 1222.3386617079377 217.17742216587067 888.68394973129034 213.38076215609908 5464.0643842667341 5125.4722077865154 285.41442664340138 91.082891684025526 128.66406125947833 29.922274908050895 169.76459942944348 145.16494650021195 217.57761890813708 27356.416344173253 135.68141856044531 143.29705830663443 397.31148459389806 569.95226123556495 473.65159533917904 94.339175304397941 60.57532967440784 131.91360055655241 131.85913191363215 68.355840073898435
leaf_count=12515 285 2270 8857 899 927 1215 5196 826 3833 848 25569 34922 1370 365 562 369 1515 556 771 104683 810 781 2316 11735 1995 563 456 691 1967 746
internal_value=-0.000603157 0.00182013 -0.00686934 0.000452239 0.00798174 0.0025002 0.0104974 -0.00953135 -0.00378725 -0.00517976 -0.00587413 -0.00511724 -0.00137773 0.000114164 0.0139436 -0.0192376 -0.0091724 0.0124806 0.000299762 0.000542694 0.0139246 0.0170109 -0.0233619 -0.0205141 0.00559995 -0.0271663 -0.0159446 0.0248236 -0.0152605 -0.012841
internal_weight=48373.8 34886.1 13487.8 28552.6 6333.41 3303.32 1984.74 1318.58 1101.41 11873 11516.3 11044.7 5749.48 28166.9 3030.09 1614.82 5295.24 2901.42 27981.5 27574 2756.26 356.678 471.563 1584.89 1695.99 185.422 407.53 385.703 1014.94 883.083
internal_count=230413 139133 91280 110698 28435 13992 8406 5586 4760 67606 65977 63376 26939 109108 14443 23674 36437 13881 108180 105454 13325 1629 2601 23305 7191 928 2726 1590 11570 9603
is_linear=0
shrinkage=0.05


Tree=150
num_leaves=31
num_cat=0
split_feature=2 2 0 5 8 8 2 8 8 8 5 8 2 7 0 4 8 8 8 8 5 8 7 4 5 4 4 8 8 8
split_gain=544.49 327.743 171.474 125.504 88.8874 161.155 73.0222 70.2912 64.3954 68.7949 92.2565 68.9157 59.2429 46.0026 40.9956 43.8971 40.6736 34.1708 32.15 199.048 29.2626 31.6018 27.4619 25.5958 25.1282 22.2078 43.2839 21.301 22.9084 18.4163
threshold=-1.0000000180025095e-35 1.5000000000000002 61.500000000000007 1.0000000180025095e-35 -66.618366241455064 -58.058500289916985 -1.4999999999999998 90.639205932617202 -191.96870422363278 -127.30684280395506 4.5000000000000009 -98.393478393554673 2.5000000000000004 -0.0036968702916055913 34.500000000000007 0.22598905861377719 -0.54526796936988819 25.564900398254398 -113.14067459106444 -117.65232849121092 2.5000000000000004 -297.32894897460932 0.13819234073162082 0.28522720932960516 -1.4999999999999998 0.60499006509780895 0.866277575492859 96.730762481689467 -388.37040710449213 96.730762481689467
decision_type=2 2 2 2 2 2 2 2 2 2 2 2 2 2 2 2 2 2 2 2 2 2 2 2 2 2 2 2 2 2
left_child=2 3 6 4 18 13 -1 -7 20 10 -10 -11 16 -6 15 22 25 -17 19 -2 23 -22 -8 -5 -20 -3 -27 28 -16 -4
right_child=1 12 29 8 5 7 14 -9 9 11 -12 -13 -14 -15 27 17 -18 -19 24 -21 21 -23 -24 -25 -26 26 -28 -29 -30 -31
leaf_value=-0.027360931607471495 -0.0082966932643257652 0.01571907286599758 -0.028982627438041888 -0.0085403399739346752 0.037167725541267599 -0.003245442730899448 -0.0087528319692889347 0.0054390805133942418 0.0079424657296930448 -0.013510344961053373 0.049590684268154675 0.0033655573468914048 0.033295500547099427 0.0061165688785822349 0.014458018448384791 -0.0011931252705647429 0.022074673761894065 0.037505099237901671 -0.021143831325950498 0.049405043351834939 -0.030505904016762411 -0.0040706411182134181 0.0038508015648166037 0.013226320054139895 -0.0083237970753523328 -0.018701518985525183 0.012024915825566546 -0.00035250874240626127 -0.015288666924107408 -0.012660327528439368
leaf_weight=490.63749542832375 3292.8697881251574 376.533396884799 1621.4223116077483 448.80759663134813 339.37536197900772 12951.033241346478 1324.4500050246716 2836.1291456595063 511.21576434373856 618.65584428608418 175.95706044137478 20332.984966240823 577.09588173031807 185.96221026778221 63.477647915482521 111.45909608900547 910.09153552353382 111.20719715952873 724.93609330058098 151.6063609868288 248.12676030397415 207.47642178833485 636.8739101588726 187.3777839243412 825.49531145393848 189.05159002542496 274.99801155179739 329.75892126560211 1716.1540551930666 205.83967582881451
leaf_count=7129 14583 2015 21195 1936 1108 40794 7238 10193 1679 2051 600 69645 10209 569 495 471 12182 335 2812 514 962 731 2378 632 2772 733 1582 1057 10825 1236
internal_value=-0.0007523 0.00116231 -0.0141705 0.000194824 -0.0025618 -0.000773847 -0.00917694 -0.00168406 0.00277884 0.00337725 0.0188881 0.00286414 0.0194262 0.0263373 -0.0070695 -0.00225917 0.0147724 0.0185333 -0.00839431 -0.00568906 -0.00904276 -0.0186425 -0.00466084 -0.00207619 -0.0143668 0.00678259 -0.000558804 -0.0120328 -0.0141901 -0.0271835
internal_weight=52977.1 46365.8 6611.28 44038 21307.4 16312.5 4784.02 15787.2 22730.6 21638.8 687.173 20951.6 2327.77 525.338 4293.38 2183.99 1750.67 222.666 4994.91 3444.48 1091.79 455.603 1961.32 636.185 1550.43 840.583 464.05 2109.39 1779.63 1827.26
internal_count=230661 178302 52359 151581 73345 52664 29928 50987 78236 73975 2279 71696 26721 1677 22799 10422 16512 806 20681 15097 4261 1693 9616 2568 5584 4330 2315 12377 11320 22431
is_linear=0
shrinkage=0.05


Tree=151
num_leaves=17
num_cat=0
split_feature=2 2 8 8 8 8 8 8 8 6 8 6 4 8 8 5
split_gain=104.583 74.9531 54.785 51.8112 154.168 81.7123 69.8202 59.6182 46.455 50.549 49.8396 45.4984 43.1645 0.930544 2.34477 0.690618
threshold=2.5000000000000004 -2.4999999999999996 -388.37040710449213 -130.9697570800781 -66.618366241455064 -177.2028884887695 -198.72866058349607 -155.41359710693357 -434.33631896972651 1.0000000180025095e-35 -419.80076599121088 -2.4999999999999996 -1.3821108937263487 1.6444900035858157 -12.206459999084471 1.5000000000000002
decision_type=2 2 2 2 2 2 2 2 2 2 2 2 2 2 2 2
left_child=1 -1 8 5 12 6 -4 -7 15 10 -10 -6 -5 14 -2 -3
right_child=13 2 3 4 11 7 -8 -9 9 -11 -12 -13 -14 -15 -16 -17
leaf_value=-0.03287643483983279 -0.029698563900550708 -0.0059646847554027157 -0.0016691736691740481 0.040260502952601307 0.0084687535283507458 -0.023530580827634501 0.016518123704890465 -0.0042924202067073777 0.046886570213362011 -0.0029642742993761942 0.015900920184274771 0.00057507927539918321 0.0093812425275164035 -0.032986096895405173 -0.0087675245767278205 -0.012567651793580338
leaf_weight=152.22806650213897 33.515284810215235 97.270104166120291 4256.9083403684199 111.24309490248561 1917.4542749114335 682.97808205150068 597.27492603287101 978.04523504525423 179.49143381044269 218.44386033341289 470.77266332507133 36214.343752479181 5194.8375566452742 186.97951907664537 29.468544380739331 90.816023133695126
leaf_count=5788 996 479 18775 797 8722 3424 2430 4069 780 764 1978 153541 18550 8175 1038 355
internal_value=0.00143509 0.00159413 0.00170021 0.00146117 0.00208482 -0.00269525 0.000583346 -0.0122496 0.0129393 0.0178012 0.0247463 0.00097307 0.0100659 -0.0305091 -0.0212705 -0.00939576
internal_weight=51412.1 51162.1 51009.9 49953.1 43437.9 6515.21 4854.18 1661.02 1056.79 868.708 650.264 38131.8 5306.08 249.963 62.9838 188.086
internal_count=230661 220452 214664 210308 181610 28698 21205 7493 4356 3522 2758 162263 19347 10209 2034 834
is_linear=0
shrinkage=0.05


Tree=152
num_leaves=31
num_cat=0
split_feature=2 2 0 2 8 2 3 8 0 3 2 8 8 0 0 8 9 8 6 8 8 8 8 8 8 6 6 0 8 8
split_gain=533.951 291.889 145.307 128.562 103.253 67.8288 67.3218 66.2393 52.5314 49.1396 47.6955 42.5494 41.6877 39.726 37.0422 29.8311 42.5377 71.9548 31.5901 29.4967 29.0935 30.9271 25.3897 24.3038 21.1706 17.9083 16.2638 13.9958 11.0819 10.7668
threshold=1.0000000180025095e-35 -1.0000000180025095e-35 62.500000000000007 -1.4999999999999998 19.12481784820557 1.5000000000000002 -1.0000000180025095e-35 17.014272689819339 83.500000000000014 -1.0000000180025095e-35 -2.4999999999999996 39.87672424316407 33.875438690185554 81.500000000000014 69.500000000000014 20.889002799987797 1.0000000180025095e-35 95.022144317626967 -2.4999999999999996 -310.69364929199213 56.387886047363288 77.415805816650405 -155.41359710693357 -27.185948371887203 -4.0424249172210684 -1.4999999999999998 2.5000000000000004 71.500000000000014 11.03136730194092 10.295456886291506
decision_type=2 2 2 2 2 2 2 2 2 2 2 2 2 2 2 2 2 2 2 2 2 2 2 2 2 2 2 2 2 2
left_child=1 3 5 10 6 11 -3 8 -8 -5 -1 12 19 22 24 -6 18 -18 -17 -2 -13 -22 -11 26 -12 27 -7 -4 -16 -27
right_child=2 4 25 9 15 23 7 -9 -10 13 14 20 -14 -15 28 16 17 -19 -20 -21 21 -23 -24 -25 -26 29 -28 -29 -30 -31
leaf_value=0.034717231082415936 0.0092569438465110992 -0.026178375133440093 0.0050647461900715004 -0.020395532823011656 -0.027103078275799376 -0.020266942787384251 0.00082710240657498041 0.026182531334479869 -0.015399688937368006 0.010528236249380495 0.015614450295441543 -0.035062176506874106 0.030522367482230958 0.016415609019797561 0.032354073687227002 -0.028012841787779741 0.0087997461294944887 -0.036646943953546056 -0.0066132039004939318 -0.0068251406408088317 0.010991541833557404 -0.015727706072918218 0.0038815542786508105 -0.032052183079729901 0.0011870894519274975 -0.02340060748395166 0.013272705405947993 -0.021398823300818444 0.013871143734481575 -0.032144427037703045
leaf_weight=405.996347412467 314.4564091861248 229.93432732671499 76.004859413951635 174.62111142277718 163.36053221672773 91.805672064423561 20158.688427433372 247.67276652157307 506.41592256724834 1752.9002367407084 696.60978224128485 161.02242939546704 79.355289041996002 837.6004440933466 324.16183131933212 172.64930920302868 845.51704972982407 92.083545103669167 6631.8142544254661 2692.3413195982575 121.71278732270002 791.70344512909651 7948.6721487492323 404.32569577731192 400.17778768390417 803.39429812133312 53.369526077061892 132.25951349362731 122.7571132183075 797.04522646032274
leaf_count=5788 907 1089 516 551 945 855 61926 721 2479 6823 5114 1558 489 3763 3388 762 3600 530 35608 14683 1160 9690 24242 10128 1946 10644 559 1240 744 18213
internal_value=-0.00070342 0.00137688 -0.0140054 0.00771009 -0.00138493 -0.00936217 0.000438213 0.000737048 0.000425822 0.00555553 0.0195051 -0.0071626 -0.00416602 0.00599497 0.0154052 -0.00625803 -0.00580098 0.00416562 -0.00717635 -0.00513067 -0.0157106 -0.0121269 0.0050873 -0.0258016 0.0103797 -0.0260379 -0.00790566 -0.0118488 0.0274869 -0.0278417
internal_weight=48230.4 41711.6 6518.8 12663.5 29048.1 4710.09 21142.7 20912.8 20665.1 10713.8 1949.7 4160.59 3086.15 10539.2 1543.71 7905.42 7742.06 937.601 6804.46 3006.8 1074.44 913.416 9701.57 549.501 1096.79 1808.7 145.175 208.264 446.919 1600.44
internal_count=230661 160019 70642 52359 107660 40029 66215 65126 64405 35379 16980 28487 16079 34828 11192 41445 40500 4130 36370 15590 12408 10850 31065 11542 7060 30613 1414 1756 4132 28857
is_linear=0
shrinkage=0.05


Tree=153
num_leaves=31
num_cat=0
split_feature=2 2 0 2 7 2 2 0 0 5 8 0 5 8 6 4 4 8 0 5 8 4 5 4 5 8 6 7 4 8
split_gain=495.612 306.944 169.883 120.836 101.335 69.0564 56.5947 55.5767 51.2406 51.1894 39.3337 37.6358 35.268 33.9548 51.1382 37.928 25.5897 24.532 29.3317 22.0581 21.2571 19.6912 18.4188 23.5842 18.3897 17.6582 17.7674 16.9011 15.1292 14.8832
threshold=-1.0000000180025095e-35 1.5000000000000002 58.500000000000007 1.0000000180025095e-35 -0.17457431554794309 -1.4999999999999998 2.5000000000000004 82.500000000000014 75.500000000000014 1.5000000000000002 -0.54526796936988819 21.500000000000004 -1.0000000180025095e-35 235.95204162597659 1.5000000000000002 0.93829354643821727 0.32175916433334356 -23.128694534301754 72.500000000000014 1.5000000000000002 -222.32796478271482 0.75114825367927562 -4.4999999999999991 -0.27228534221649164 6.5000000000000009 -11.102644443511961 2.5000000000000004 0.070014007389545455 0.84939640760421764 196.6261901855469
decision_type=2 2 2 2 2 2 2 2 2 2 2 2 2 2 2 2 2 2 2 2 2 2 2 2 2 2 2 2 2 2
left_child=2 3 5 4 12 -1 10 9 13 -6 16 19 20 15 -15 -5 -3 -4 28 27 -2 -14 -13 -24 -18 26 -10 -7 -19 -27
right_child=1 6 17 8 7 11 -8 -9 25 -11 -12 22 21 14 -16 -17 24 18 -20 -21 -22 -23 23 -25 -26 29 -28 -29 -30 -31
leaf_value=-0.027285770202416557 -0.020609054854620813 0.021593281129401651 -0.031818212678777359 0.0036914360499547905 -0.0014042391145215247 -0.0060002958894823412 0.033113505814321702 -0.013125132830264716 0.011747814994032057 0.0031256947484541268 0.021942780811307901 -0.019884480730048445 -0.0046186373234571483 0.027843649508892954 0.00153112671941759 -0.0062987531100361545 -0.0031703494170302114 -0.015067298645588307 -0.028997049494661371 0.025260743603942017 -0.0093078328432886232 0.013625988867798873 -0.001375221142961241 -0.011068579591760408 0.016644648915262843 0.020842811498693672 -0.0066999054748351859 0.0077166046195020436 0.011228756405021009 0.0035640564772437553
leaf_weight=426.99283311516047 517.50995241105556 211.01654081791639 930.0148960724473 7566.7727479785681 16303.365893110633 525.79621433466673 541.79711781442165 785.66797726601362 495.92015495896339 10093.038325607777 871.51350101828575 340.94752649217844 3033.4482266753912 335.55720208585262 404.71712462604046 1081.7661224231124 479.57344070076942 491.1147521622479 513.8922127597034 88.846887841820717 2169.4749225452542 150.68915341794491 981.56700539588928 1742.3678084760904 149.45940329879522 717.62875951826572 172.80939401686192 384.24641934037209 57.831655345857143 153.40592978894711
leaf_count=6400 3329 1192 14261 26058 50728 2943 10148 3720 2018 29914 12039 2792 10764 2457 2853 4538 2317 4104 5969 334 8694 500 5686 8160 851 4138 820 1438 298 1183
internal_value=-0.000735964 0.00107997 -0.0136764 0.000156854 -0.0013502 -0.00826878 0.0190575 -6.30845e-05 0.00471344 0.000328109 0.0145246 -0.00623954 -0.00730416 0.00332295 0.0135651 0.00243894 0.00674418 -0.0258109 -0.02043 0.00218089 -0.0115187 -0.0037352 -0.00898295 -0.00758451 0.00163186 0.0131538 0.00696631 -0.000198104 -0.0122207 0.0178374
internal_weight=52718.8 46235.1 6483.62 43981.8 33053.2 4490.76 2253.36 27182.1 10928.6 26396.4 1711.56 4063.77 5871.12 9388.81 740.274 8648.54 840.049 1992.85 1062.84 998.89 2686.98 3184.14 3064.88 2723.93 629.033 1539.76 668.73 910.043 548.946 871.035
internal_count=230646 178261 52385 151714 107649 27753 26547 84362 44065 80642 16399 21353 23287 35906 5310 30596 4360 24632 10371 4715 12023 11264 16638 13846 3168 8159 2838 4381 4402 5321
is_linear=0
shrinkage=0.05


Tree=154
num_leaves=20
num_cat=0
split_feature=2 2 9 4 8 8 8 8 8 8 8 8 3 8 8 7 8 8 8
split_gain=96.8451 71.1161 46.0663 85.4178 113.755 70.8307 63.7927 81.6226 51.5308 141.866 114.232 106.299 50.784 49.0767 42.2619 23.5533 1.02831 2.32236 0.24987
threshold=2.5000000000000004 -2.4999999999999996 1.0000000180025095e-35 -0.027575368992984291 -48.137819290161126 -12.206459999084471 -37.716585159301751 -27.185948371887203 139.82307434082034 130.77565765380862 148.38324737548831 127.00802230834962 1.0000000180025095e-35 133.46868133544925 -56.345481872558587 0.26324561238288885 1.6444900035858157 -12.206459999084471 -1.9814713001251218
decision_type=2 2 2 2 2 2 2 2 2 2 2 2 2 2 2 2 2 2 2
left_child=1 -1 8 6 -5 -6 14 -8 9 11 15 -3 -12 -11 -4 -10 17 -2 -19
right_child=16 2 3 4 5 -7 7 -9 10 13 12 -13 -14 -15 -16 -17 -18 18 -20
leaf_value=-0.032783299812336082 -0.0294255684082982 0.0026631330834559004 -0.0002724168437088699 0.027775163630718053 -0.028220512461708144 -0.0070395207214215584 0.035251099429438125 0.0043660570558665636 -0.039443901829748114 0.046402701439561357 -0.0016034335113502775 -0.041243436032685765 0.030415518066267324 0.011106593479921252 -0.033565125790531662 -0.0068316226296846029 -0.032889117057809468 -0.0014336718555462229 -0.011369044586797586
leaf_weight=144.79850255511701 31.609622808173299 40262.185746379197 231.87406897172332 204.63345454633236 463.34987632930279 2553.8578443285078 237.58631971478462 1829.5774234123528 235.91238066367805 237.94077103585005 4085.7811549119651 133.34104812890291 122.7055798061192 172.3558977227658 156.95959033444524 74.983233023434877 173.8633700106293 10.963688047602774 18.00398800522089
leaf_count=5877 998 159155 841 672 1936 11587 798 6944 1318 829 27526 697 564 731 673 350 8091 382 677
internal_value=0.00147017 0.00161853 0.0017194 -0.00252462 -0.00787383 -0.0103336 0.00449435 0.00799228 0.00225126 0.00281235 -0.00281232 0.00251312 -0.000634881 0.0318879 -0.0139671 -0.0318109 -0.0302553 -0.0207645 -0.00837326
internal_weight=51382.3 51147.8 51003 5677.84 3221.84 3017.21 2456 2067.16 45325.2 40805.8 4519.38 40395.5 4208.49 410.297 388.834 310.896 234.441 60.5773 28.9677
internal_count=230646 220498 214621 23451 14195 13523 9256 7742 191170 161412 29758 159852 28090 1560 1514 1668 10148 2057 1059
is_linear=0
shrinkage=0.05


Tree=155
num_leaves=31
num_cat=0
split_feature=2 2 0 2 8 2 8 5 8 8 2 4 0 8 8 8 8 8 8 8 0 8 7 4 8 6 7 8 4 0
split_gain=499.007 274.935 149.294 126.108 99.3058 69.3485 60.9256 56.7899 45.6425 48.3686 43.214 39.8168 35.1052 31.7047 46.9584 30.7828 88.6123 28.8541 27.3723 25.1194 24.5324 23.6936 23.5318 21.313 17.9753 17.5004 15.27 12.5428 9.62711 8.30802
threshold=1.0000000180025095e-35 -1.4999999999999998 64.500000000000014 -1.0000000180025095e-35 19.12481784820557 1.5000000000000002 17.014272689819339 1.5000000000000002 11.03136730194092 7.8179750442504892 -2.4999999999999996 0.13766863197088244 70.500000000000014 348.21440124511724 191.76314544677737 24.120081901550297 25.564900398254398 -4.0424249172210684 11.760808467864992 -27.185948371887203 41.500000000000007 12.684393882751467 0.16839202493429187 -1.5111640095710752 -31.164384841918942 2.5000000000000004 0.28262987732887274 -287.51872253417963 -0.11783890053629874 73.500000000000014
decision_type=2 2 2 2 2 2 2 2 2 2 2 2 2 2 2 2 2 2 2 2 2 2 2 2 2 2 2 2 2 2
left_child=1 10 5 13 6 8 7 -5 9 11 -1 -2 17 14 18 26 -17 24 -3 25 22 -19 -10 -4 -12 -7 -6 -25 -22 -29
right_child=2 3 23 4 15 19 -8 -9 20 -11 12 -13 -14 -15 -16 16 -18 21 -20 -21 28 -23 -24 27 -26 -27 -28 29 -30 -31
leaf_value=0.034579127304221788 0.0020699788608582763 0.0066904684962244112 0.0123128574833886 0.0015778860327261791 -0.023077724463989868 -0.021053411748668795 0.024462829570168369 -0.0045648881773218816 -0.0024810990775782139 0.032439604750120019 0.01352951257572866 -0.010212475029822903 0.028166811521601366 0.024262134763729834 -0.019119541291051 0.032090787272684676 -0.006168412872645611 -0.013616191048225907 0.00091041689438356259 -0.032241873144996235 -0.0061392449164710955 0.010627857534739566 -0.018953117024109633 -0.01029768716121628 0.035446000633435296 0.012265722204253079 0.0013445783041395347 -0.023662801660114467 -0.024361909068974924 -0.032051546914625438
leaf_weight=387.85153617337346 1242.1532418802381 7379.984840080142 31.378072880208492 15914.533030793071 366.61105260252953 97.692543026059866 255.3813631683588 4922.0423943027854 571.22226885333657 87.021003738045692 601.49843992292881 1399.0933703780174 416.42292097210884 204.7813221514225 199.54701882600784 149.65131375938654 7292.0564659759402 169.21113707870245 2836.8412375748158 405.71222291514277 88.79016438126564 234.08522413671017 346.25996496528387 104.50603992491961 109.89082056283951 59.7708725258708 76.678572587668896 576.35417637974024 519.35101732611656 901.32723464816809
leaf_count=5877 5077 25423 180 47623 1922 951 748 17748 4954 450 4513 7914 3968 627 726 617 38559 880 8420 10771 835 1106 4209 646 845 638 432 9303 6227 18457
internal_value=-0.000766278 0.00124174 -0.0137212 0.000344876 -0.0013635 -0.00929464 0.000426482 0.000126085 -0.00709332 -0.00320955 0.0196997 -0.00444316 0.0158303 0.00500418 0.00461412 -0.00614886 -0.005378 0.0111164 0.00508679 -0.0257133 -0.0140055 0.0004136 -0.00876671 -0.0268666 0.0171388 -0.00841769 -0.0188854 -0.02768 -0.0217731 -0.0288704
internal_weight=47947.7 41517.1 6430.63 39598.1 28977 4817.07 21092 20836.6 4253.89 2728.27 1918.96 2641.25 1531.11 10621.2 10416.4 7885 7441.71 1114.69 10216.8 563.176 1525.62 403.296 917.482 1613.57 711.389 157.463 443.29 1582.19 608.141 1477.68
internal_count=230646 160034 70612 142845 107649 42026 66119 65371 29666 13441 17189 12991 11312 35196 34569 41530 39176 7344 33843 12360 16225 1986 9163 28586 5358 1589 2354 28406 7062 27760
is_linear=0
shrinkage=0.05


Tree=156
num_leaves=31
num_cat=0
split_feature=2 2 0 2 7 2 4 3 4 6 3 0 7 0 4 8 8 8 8 0 8 8 4 4 4 4 8 4 8 8
split_gain=426.518 266.695 173.386 112.224 102.404 61.2835 60.9591 53.4173 54.1426 53.3461 53.4175 45.3028 47.4587 39.8472 39.5477 38.2683 35.6975 70.5284 35.1443 31.81 33.0155 29.2001 26.7323 38.643 23.2194 19.9411 17.6051 16.1122 35.4623 14.2869
threshold=-1.0000000180025095e-35 1.5000000000000002 54.500000000000007 1.0000000180025095e-35 -0.1646463945508003 2.5000000000000004 -0.96003133058547963 1.0000000180025095e-35 0.082730781286954894 -2.4999999999999996 -1.0000000180025095e-35 68.500000000000014 -0.013875137548893688 33.500000000000007 0.22598905861377719 -0.54526796936988819 -160.02195739746091 -135.04876708984372 12.074971675872805 73.500000000000014 77.415805816650405 48.307966232299812 0.59445485472679149 0.866277575492859 -0.21303790062665937 1.4746136069297793 -30.148659706115719 0.64601618051528942 45.573215484619148 -322.24613952636713
decision_type=2 2 2 2 2 2 2 2 2 2 2 2 2 2 2 2 2 2 2 2 2 2 2 2 2 2 2 2 2 2
left_child=2 3 6 4 16 15 21 11 -9 18 -11 12 -5 14 24 22 29 -18 -6 20 -4 -1 26 -24 -8 -13 -3 28 -17 -2
right_child=1 5 19 7 9 -7 13 8 -10 10 -12 25 -14 -15 -16 27 17 -19 -20 -21 -22 -23 23 -25 -26 -27 -28 -29 -30 -31
leaf_value=-0.032082728853067503 -0.0084766759273797315 0.022762558951611309 -0.022501126826919921 -0.00039228679810104119 -0.0053541250281750651 0.033017871169601823 0.0027701272479313307 -0.040228705528485648 0.00084450662564748095 0.016191196062140908 -0.00015181433305262433 0.012750017111526429 0.0071772359138877534 -0.010601937164702655 0.020922822059685455 0.031086320884273468 0.022697746713474635 -0.0065126636589835016 -0.029947193840337401 -0.031474565219325824 -0.00094752332003730203 0.014608131488340937 -0.018253045386727559 0.010206864821365933 -0.008404175958438875 -0.0037137191158292146 -0.0013697131029098621 0.026188986834031397 -0.0018080136536812498 -0.018464389316263711
leaf_weight=302.18548766896129 656.72114010155201 252.52105025947094 1141.7731896918267 4292.2501125484705 390.01684182882309 506.21065297722816 965.5341363362968 127.09763553738594 203.85202124714851 504.9290955811739 25641.985952295363 2037.3594124317169 3994.9397580325603 1749.0113241635263 192.82741120457649 134.39006054401398 211.78173811733723 4487.8780976310372 229.18195085227489 901.11921901442111 210.77911923825741 34.69136793538928 207.49235994368792 267.05062390863895 888.29591067135334 199.95194916427135 106.19763319939375 512.26778217032552 197.53157625347376 823.82398069649935
leaf_count=3752 3601 1386 12885 13810 1710 10063 5421 397 666 1524 79051 10123 17686 10695 708 1557 740 15473 802 13488 1071 226 805 1563 4118 1279 580 7982 2523 4643
internal_value=-0.000896068 0.000785948 -0.0129989 -6.51578e-05 -0.00151795 0.0178193 -0.00690053 0.00434273 -0.0152932 -0.000178001 0.000166825 0.00496716 0.00325882 -0.00507167 -0.000331344 0.0131483 -0.00731634 -0.00517363 -0.0146236 -0.0241416 -0.0191581 -0.0271312 0.00549671 -0.00229771 -0.00259244 0.0112736 0.0156977 0.020624 0.0117741 -0.0140776
internal_weight=52371.6 45985.4 6386.22 43801.8 32946.3 2183.66 4132.55 10855.5 330.95 26766.1 26146.9 10524.5 8287.19 3795.67 2046.66 1677.45 6180.2 4699.66 619.199 2253.67 1352.55 336.877 833.262 474.543 1853.83 2237.31 358.719 844.189 331.922 1480.55
internal_count=230328 177964 52364 151505 107544 26459 24920 43961 1063 83087 80575 42898 31496 20942 10247 16396 24457 16213 2512 27444 13956 3978 4334 2368 9539 11402 1966 12062 4080 8244
is_linear=0
shrinkage=0.05


Tree=157
num_leaves=20
num_cat=0
split_feature=2 2 9 4 0 6 2 6 6 6 6 5 7 6 2 5 7 0 0
split_gain=90.4244 66.3186 44.9084 70.6055 44.7153 35.1124 30.4567 63.7567 29.9074 28.3999 27.8873 24.9699 22.0489 21.7461 20.8663 20.6018 7.15464 0.0633728 0.532583
threshold=2.5000000000000004 -2.4999999999999996 1.0000000180025095e-35 -0.020519999787211415 25.500000000000004 1.5000000000000002 1.0000000180025095e-35 2.5000000000000004 -1.0000000180025095e-35 6.5000000000000009 -1.0000000180025095e-35 -3.4999999999999996 0.38838604092597967 -1.4999999999999998 -1.0000000180025095e-35 1.0000000180025095e-35 -0.3168428093194961 51.500000000000007 44.500000000000007
decision_type=2 2 2 2 2 2 2 2 2 2 2 2 2 2 2 2 2 2 2
left_child=1 -1 4 10 11 8 7 -6 -5 -8 13 16 -7 -4 -12 -13 -3 18 -2
right_child=17 2 3 5 6 12 9 -9 -10 -11 14 15 -14 -15 -16 -17 -18 -19 -20
leaf_value=-0.032672431822155096 -0.025141186305640481 -0.022393082245156726 0.0051549195997827191 -0.017273876998259372 0.003321861692067123 -0.018271913229453981 0.00079733819931698607 0.011694918665559401 -0.0014905827758101243 -0.027587625235360198 -0.0091120587641802375 0.0019070535161589673 0.007367515873346513 -0.0073863246254295932 0.012002633227591545 -0.001948213437381284 -0.0076585496379620865 -0.03162419966849439 -0.0086119221135555375
leaf_weight=135.35436542332172 20.151795675978065 103.10984740406275 698.57374649494886 353.40047449991107 20846.569688023999 822.46380209736526 6660.5470979698002 2548.3491313792765 1853.8481037057936 84.303021803498268 128.6778822094202 9031.7403817400336 90.62155588157475 674.58252492919564 1003.4143691509962 5615.6852549146861 394.76317006722093 183.17402444034815 15.566551083698867
leaf_count=5845 911 509 2983 1524 77809 4494 45050 8130 7452 1407 592 33742 463 2454 3386 22856 1569 8444 708
internal_value=0.00151257 0.00165148 0.00174593 -0.00246578 0.00226935 -0.00747971 0.00338295 0.00423622 -0.00405096 0.000422385 0.00378162 5.28527e-05 -0.015701 -0.00101059 0.00957314 0.00042882 -0.0109024 -0.0301945 -0.0198796
internal_weight=51264.9 51046 50910.7 5625.58 45285.1 3120.33 30139.8 23394.9 2207.25 6744.85 2505.25 15145.3 913.085 1373.16 1132.09 14647.4 497.873 218.892 35.7183
internal_count=230328 220265 214420 23348 191072 13933 132396 85939 8976 46457 9415 58676 4957 5437 3978 56598 2078 10063 1619
is_linear=0
shrinkage=0.05


Tree=158
num_leaves=31
num_cat=0
split_feature=2 2 0 2 8 8 8 2 3 3 7 3 2 0 3 0 6 8 7 8 8 8 6 8 8 8 8 0 6 0
split_gain=441.808 237.937 149.074 117.513 93.1253 85.2716 86.2937 71.9931 62.6515 57.4686 51.043 52.3441 45.0389 44.4571 44.0632 32.0145 25.7646 27.0194 25.1173 24.7623 23.2329 16.7741 15.7073 15.5511 28.845 20.7527 14.3434 12.726 16.9396 6.88882
threshold=1.0000000180025095e-35 -1.4999999999999998 65.500000000000014 -1.0000000180025095e-35 42.778856277465827 49.591728210449226 62.377737045288093 1.5000000000000002 -1.0000000180025095e-35 1.0000000180025095e-35 0.044465936720371253 1.0000000180025095e-35 -2.4999999999999996 83.500000000000014 -1.0000000180025095e-35 67.500000000000014 1.0000000180025095e-35 3.2915763854980473 0.047000905498862273 -310.69364929199213 -27.185948371887203 45.573215484619148 2.5000000000000004 -4.0424249172210684 2.6203181743621831 -31.164384841918942 11.03136730194092 76.500000000000014 -2.4999999999999996 77.500000000000014
decision_type=2 2 2 2 2 2 2 2 2 2 2 2 2 2 2 2 2 2 2 2 2 2 2 2 2 2 2 2 2 2
left_child=1 12 7 13 8 21 -7 10 -5 -10 11 19 -1 14 -3 23 -12 -18 -16 -2 22 -6 -9 25 -25 -14 -17 28 -4 -28
right_child=2 3 27 4 5 6 -8 20 9 -11 16 -13 15 -15 18 26 17 -19 -20 -21 -22 -23 -24 24 -26 -27 29 -29 -30 -31
leaf_value=0.034450486417373825 0.0093711679200166407 -0.022858843519447829 0.0059527098733472119 -0.025226349194880395 -0.016962840541686303 0.0088064046333528028 -0.0080692136697359026 -0.021049267583667822 6.7000396320087373e-05 0.01795388175407903 -0.026978186490201152 0.038474741362761002 0.010407255975255103 0.017496464838123317 0.0069304902004283866 0.031203387431195734 0.00022933673208481596 -0.016052730134891249 0.0018703494179129082 -0.0053980992545602756 -0.031915932486695463 -0.035269692278842586 0.010255921272116574 -0.023749021907410937 0.0090776154601372623 0.035133921282608734 -0.00063203966026535415 -0.03160606611804001 -0.023879628652760526 0.02155253083039264
leaf_weight=364.26741893589497 316.38206738233566 144.67485423386097 49.243152767419815 235.57430582493544 276.80714056640863 921.34650576859713 4165.0581423714757 98.106769874691963 22608.432357847691 453.15782235562801 304.24021455645561 70.62961608171463 557.11726469546556 653.76251031458378 5075.2659123241901 330.313162535429 383.49878685176373 753.42499301582575 4750.6726544499397 2444.914806060493 399.02943640016019 254.52328164130449 61.625092174857855 82.3605952039361 281.18184807896614 97.260871924459934 64.560334235429764 746.34375142678618 676.39516792632639 70.698482677340508
leaf_count=5845 923 444 328 1184 1344 3810 25243 978 73305 1428 2698 329 4156 2998 17549 3683 2458 9045 14312 14823 11138 1230 670 419 1353 766 376 15541 11489 463
internal_value=-0.000641904 0.00123679 -0.0129674 0.000416123 -0.00123627 -0.00701169 -0.00500673 -0.00870685 0.000157582 0.000422291 -0.00648228 -0.00257438 0.0187493 0.00491168 0.00407816 0.0147911 -0.0141259 -0.0105836 0.00448619 -0.003692 -0.0255108 -0.0259794 -0.00902691 0.00974273 0.00141943 0.014321 0.0256081 -0.0268761 -0.0218283 0.0113186
internal_weight=47690.9 41387 6303.83 39539.3 28914.9 5617.74 5086.4 4831.85 23297.2 23061.6 4273.09 2831.93 1847.76 10624.4 9970.61 1483.49 1441.16 1136.92 9825.94 2761.3 558.761 531.33 159.732 1017.92 363.542 654.378 465.572 1471.98 725.638 135.259
internal_count=230328 159908 70420 142847 107544 31627 29053 43062 75917 74733 30276 16075 17061 35303 32305 11216 14201 11503 31861 15746 12786 2574 1648 6694 1772 4922 4522 27358 11817 839
is_linear=0
shrinkage=0.05


Tree=159
num_leaves=31
num_cat=0
split_feature=2 2 0 8 2 8 0 3 2 2 8 8 8 8 5 8 0 8 0 8 8 3 5 6 5 6 8 8 8 0
split_gain=400.49 267.312 155.646 107.589 83.2047 80.9131 71.0353 75.6811 67.3473 53.5407 52.421 50.7027 88.948 59.4326 59.0683 48.2648 44.1109 40.145 35.1671 28.424 25.2747 23.3425 20.5543 17.0274 15.8786 15.3773 20.6071 13.69 13.044 9.2223
threshold=-1.0000000180025095e-35 1.5000000000000002 65.500000000000014 -170.74105834960935 1.0000000180025095e-35 384.61386108398443 76.500000000000014 -1.0000000180025095e-35 -1.4999999999999998 2.5000000000000004 348.21440124511724 -216.81816101074216 -254.63584899902341 -322.24613952636713 1.5000000000000002 95.022144317626967 43.500000000000007 158.74826812744143 75.500000000000014 -9.2462801933288556 -49.602500915527337 1.0000000180025095e-35 10.500000000000002 1.5000000000000002 4.5000000000000009 -5.4999999999999991 -104.6011276245117 -198.72866058349607 153.43129730224612 74.500000000000014
decision_type=2 2 2 2 2 2 2 2 2 2 2 2 2 2 2 2 2 2 2 2 2 2 2 2 2 2 2 2 2 2
left_child=2 3 5 11 6 8 7 -5 25 18 15 12 13 -2 27 -10 17 -6 19 20 -3 -18 -21 -14 -8 26 -1 -13 29 -4
right_child=1 9 28 4 16 -7 24 -9 10 -11 -12 14 23 -15 -16 -17 21 -19 -20 22 -22 -23 -24 -25 -26 -27 -28 -29 -30 -31
leaf_value=-0.027715761753477813 -0.0040852381414152881 0.010200499735948259 -0.023201321639276174 0.02161387399761025 -0.0010479630464566743 0.041720227901621838 -0.014637472145626641 -0.0003092709664440828 -0.0084955364305752002 0.032750018993893425 -0.04288046151856087 -0.018687907325172805 0.01555882924508027 -0.02158248099153956 0.0039677700465750127 0.0070148363526086124 0.008403621759957746 0.012612278443871174 0.027104384815886298 0.019076217497877863 -0.010759961511270469 -0.0068033183865211094 -0.012209663411647156 -0.005400919977506885 -0.0048728110681862608 -0.028934077977898476 0.037076589568770274 -0.036609849691169934 -0.0091322562480083882 -0.032548721803616947
leaf_weight=20.987257063388824 1359.2490650266409 343.31731190532446 522.43632853962481 394.17136651277542 3717.9450912922621 74.214134722948074 977.4973131865263 28507.431757390499 3665.7899005413055 480.40810848027468 95.905393868684769 195.433554276824 480.52500955015421 752.51210854947567 174.8347355723381 577.07599167525768 5221.7043017148972 623.69417521357536 376.05778675153852 633.38379403203726 240.05147077143192 261.55662676692009 53.856492105871439 118.35912379622459 734.92742335796356 467.65223962068558 18.292259506881237 295.13100944459438 96.151849783957005 754.37753624841571
leaf_count=522 6193 1650 6559 1117 12390 233 4917 86371 22169 10136 288 907 2031 3790 574 1824 23948 3990 4578 8356 1074 856 864 437 2806 7468 347 1544 596 12320
internal_value=-0.000804503 0.000816312 -0.0126287 -2.49638e-05 0.000691335 -0.00845834 -0.000593658 -6.58769e-06 -0.00926906 0.0181049 -0.00723543 -0.00859327 -0.00553619 -0.0103565 -0.0209127 -0.00638018 0.00469359 0.000926637 0.0137461 0.00970172 0.0015573 0.0076727 0.016554 0.0114061 -0.0104731 -0.026434 0.00323718 -0.0297306 -0.0274882 -0.0288294
internal_weight=52234.9 45942 6292.88 43815 40438.9 4919.92 30614 28901.6 4845.7 2127.07 4338.77 3376.04 2710.65 2111.76 665.399 4242.87 9824.9 4341.64 1646.67 1270.61 583.369 5483.26 687.24 598.884 1712.42 506.932 39.2795 490.565 1372.97 1276.81
internal_count=230855 178529 52326 151871 136395 32851 95211 87488 32618 26658 24281 15476 12451 9983 3025 23993 41184 16380 16522 11944 2724 24804 9220 2468 7723 8337 869 2451 19475 18879
is_linear=0
shrinkage=0.05


Tree=160
num_leaves=20
num_cat=0
split_feature=2 2 1 9 4 8 8 8 8 8 5 8 2 8 8 6 4 8 1
split_gain=82.881 60.9904 46.9099 39.9405 81.4895 115.608 50.0783 40.5017 112.194 99.9608 12.6684 36.612 17.7748 29.2143 19.2543 17.2798 14.6556 1.46004 5.05088
threshold=2.5000000000000004 -2.4999999999999996 74.500000000000014 1.0000000180025095e-35 -0.027575368992984291 -56.345481872558587 29.183349609375004 139.82307434082034 130.77565765380862 148.38324737548831 1.5000000000000002 -3.1082756519317623 1.0000000180025095e-35 -72.363105773925767 -388.37040710449213 1.5000000000000002 0.072953686118125929 1.6444900035858157 32.500000000000007
decision_type=2 2 2 2 2 2 2 2 2 2 2 2 2 2 2 2 2 2 2
left_child=1 -1 3 7 6 -6 -5 8 -3 -9 12 15 14 -14 -4 -12 -13 18 -2
right_child=17 2 10 4 5 -7 -8 9 -10 -11 11 16 13 -15 -16 -17 -18 -19 -20
leaf_value=-0.03254868437039584 -0.026927935240079717 0.0032547161143841197 0.014321182211601191 0.0015281477343893762 0.045299449457178162 -0.010707385486868379 0.021677391574533147 -0.032950997196836251 0.032708882212110456 0.00020424032785817188 -0.0011770962609346219 0.001114051536086651 -0.011413351724477759 0.018627213297308313 -0.0014161026572637636 0.018330477144449766 -0.015920855533158501 -0.032711966419648866 0.0065146426274803482
leaf_weight=125.5952236931771 40.562988067045808 32067.810411049053 193.84552007168531 1757.6653356999159 91.185606598854065 2251.3655491676182 369.22037538513541 239.33805476501584 321.67320712469518 3265.9095834512264 474.13761851191521 155.57205494493246 110.57069773972034 271.07347020506859 8656.9024533517659 144.03750376403332 651.06867230311036 153.96395289897919 12.770587865263222
leaf_count=5781 1563 130295 730 6817 276 10711 1298 1346 1250 22409 1624 603 387 1543 31926 512 3211 8118 455
internal_value=0.00144935 0.00157861 0.0016658 0.00244476 -0.00201073 -0.00843544 0.00506863 0.00299974 0.00355224 -0.00210331 -0.00128429 -0.00566391 -0.000605691 0.00988876 -0.00106354 0.00347886 -0.0126488 -0.029728 -0.0190482
internal_weight=51354.3 51147 51021.4 40364.2 4469.44 2342.55 2126.89 35894.7 32389.5 3505.25 10657.2 1424.82 9232.39 381.644 8850.75 618.175 806.641 207.298 53.3336
internal_count=230855 220719 214938 174402 19102 10987 8115 155300 131545 23755 40536 5950 34586 1930 32656 2136 3814 10136 2018
is_linear=0
shrinkage=0.05


Tree=161
num_leaves=31
num_cat=0
split_feature=2 2 1 2 8 8 8 5 8 8 7 6 8 4 1 8 8 3 8 1 4 6 7 1 6 7 4 6 8 4
split_gain=391.914 220.71 140.567 111.65 88.1277 78.6273 71.5274 66.8672 65.5613 55.0098 45.9516 67.9671 52.0649 45.012 45.3242 43.7199 79.3278 42.2366 40.68 38.3756 38.038 36.5597 33.2321 31.9686 25.4487 24.5824 21.6775 21.1837 19.1094 18.7178
threshold=1.0000000180025095e-35 -1.0000000180025095e-35 24.500000000000004 -1.4999999999999998 42.778856277465827 49.591728210449226 62.377737045288093 5.5000000000000009 11.03136730194092 7.8179750442504892 -0.20562063902616498 -1.4999999999999998 -372.31275939941401 1.0470361113548281 38.500000000000007 11.03136730194092 -43.726846694946282 -1.0000000180025095e-35 3.2915763854980473 54.500000000000007 -0.38262838125228876 1.0000000180025095e-35 0.11967461928725244 8.5000000000000018 -1.4999999999999998 -0.15193545073270795 -1.5111640095710752 -1.4999999999999998 -340.70903015136713 0.36300443112850195
decision_type=2 2 2 2 2 2 2 2 2 2 2 2 2 2 2 2 2 2 2 2 2 2 2 2 2 2 2 2 2 2
left_child=1 3 26 13 7 -6 20 10 9 18 12 -12 -3 14 -1 16 -9 -5 21 27 -7 -4 29 -19 -8 -25 -2 -10 -16 -21
right_child=2 4 8 17 5 6 24 15 19 -11 11 -13 -14 -15 28 -17 -18 23 -20 22 -22 -23 -24 25 -26 -27 -28 -29 -30 -31
leaf_value=0.025525486746074535 0.015601479465395102 -0.0094263260289078298 -0.011139572790506591 -0.018983010021927274 -0.025348700740785674 -0.021091430750339524 -0.02472535165999758 -0.02305744924618025 0.017147750167521465 0.033801469210765066 -0.010108564788489665 0.00039415762806634396 0.0058643740912022891 -0.029785288341569984 -0.015252282294865244 -0.032832775894728522 0.0045004358311504363 0.014602532524377263 -0.033084518365906625 -0.0054007316501521845 0.010958446715913173 0.00067521218785561573 -0.01817537896967274 0.0090829785085680976 -0.0069299136848012853 0.0029626373673846797 -0.026996082724804624 -0.023498438364471255 0.011784194635274492 0.016955094899687002
leaf_weight=1111.7789287641644 27.472928859293461 614.12675054371357 1037.0473677925766 180.24463751912117 521.34998711198568 99.413488402962685 207.79500187933445 446.19229076057673 29.721586206927896 89.532557183876634 1722.5119386836886 14219.386114917696 5557.1399169787765 43.457059398293495 69.297237794846296 191.91863588988781 616.83441761136055 814.16683459281921 118.25234636105597 254.39634688198566 833.05837165564299 1760.400394031778 360.01353636570275 2098.3816750496626 3929.2039318978786 7503.8143181502819 1402.0920819435269 983.56564125418663 576.5484072715044 141.69233786314726
leaf_count=12241 163 1788 4868 569 2566 413 1109 2000 293 521 5512 46837 16174 220 564 1224 2696 3777 1003 2115 3433 11277 5167 7772 24080 23229 27390 16191 3954 1709
internal_value=-0.000681383 0.00107707 -0.0123945 0.00665817 -0.001313 -0.00694908 -0.00503373 3.66301e-05 -0.00826022 -0.00375331 0.000674846 -0.000743468 0.00433634 0.0181514 0.0194177 -0.0111673 -0.00712044 0.00469705 -0.0049624 -0.0158828 0.00744725 -0.00371673 -0.00728944 0.00511572 -0.00785252 0.00430416 -0.0261259 -0.0222279 0.00878838 0.00270826
internal_weight=47560.8 41356.6 6204.19 12397.7 28958.9 5590.82 5069.47 23368.1 4774.62 3005.23 22113.2 15941.9 6171.27 1801.08 1757.62 1254.95 1063.03 10596.6 2915.7 1769.39 932.472 2797.45 756.102 10416.4 4137 9602.2 1429.57 1013.29 645.846 396.089
internal_count=230855 160158 70697 52326 107832 31601 29035 76231 43144 17669 70311 52349 17962 16979 16759 5920 4696 35347 17148 25475 3846 16145 8991 34778 25189 31001 27553 16484 4518 3824
is_linear=0
shrinkage=0.05


Tree=162
num_leaves=31
num_cat=0
split_feature=2 2 0 8 3 2 0 2 8 2 0 4 4 8 8 8 5 8 4 4 8 0 8 4 0 6 5 4 4 5
split_gain=370.025 242.272 162.009 100.623 83.9954 87.2598 63.1483 61.8099 51.4526 50.8045 45.0672 43.947 42.8646 66.4229 49.5977 47.5572 37.201 32.4903 29.1442 48.2542 29.1719 24.5042 24.3864 22.5109 18.3048 15.1886 19.0581 14.6198 13.0454 14.4661
threshold=-1.0000000180025095e-35 1.5000000000000002 56.500000000000007 -170.74105834960935 1.0000000180025095e-35 1.0000000180025095e-35 69.500000000000014 -1.4999999999999998 87.607540130615249 2.5000000000000004 54.500000000000007 0.092304568737745299 0.52287265658378612 -198.72866058349607 -254.63584899902341 -287.51872253417963 -3.4999999999999996 -0.54526796936988819 -0.1692661568522453 0.23193357884883883 -66.618366241455064 73.500000000000014 -23.128694534301754 0.092304568737745299 62.500000000000007 1.0000000180025095e-35 2.5000000000000004 0.60499006509780895 -0.26304748654365534 10.500000000000002
decision_type=2 2 2 2 2 2 2 2 2 2 2 2 2 2 2 2 2 2 2 2 2 2 2 2 2 2 2 2 2 2
left_child=2 3 7 12 5 6 -5 -1 11 17 -7 -6 13 14 -2 -14 -9 24 20 -20 -18 22 -4 -15 27 26 -24 -3 -19 -30
right_child=1 9 21 4 8 10 -8 16 -10 -11 -12 -13 15 23 -16 -17 18 28 19 -21 -22 -23 25 -25 -26 -27 -28 -29 29 -31
leaf_value=-0.026635606892865551 -0.011928527188490093 0.010124358381574293 -0.027363463699162045 0.00046251278005660502 -0.022495089067660894 0.002478283634109419 -0.007493509315906326 -0.01703308149571733 -0.038965928730623572 0.032268132856778431 0.0095551511830315045 0.0066746449664798028 -0.0084612615036743152 -0.037950201521309138 0.0030552231122246785 0.027703929074297147 -0.0080991173365911138 -0.0040731023535852829 -0.012720375638067395 0.0044407031919919846 0.0070832516400813035 -0.03062139154618761 -0.014187746832331436 -0.0081689722100264737 0.014445837102949206 -0.023799134767514642 0.0078438442265186103 -0.008120273500941879 0.024613304762817586 0.0033411128725416984
leaf_weight=348.57111652381718 1857.4758865088224 181.04018941521645 500.15874797105789 27364.954388514161 256.85137639194727 5767.7580648213625 2739.1397159546614 528.24914930015802 181.61740072071552 455.3325210288167 3688.5640877410769 251.24747094511986 196.60207979381084 259.33999095857143 782.60555502772331 161.34916260838509 451.8849823102355 49.538156993687153 1221.8770405501127 611.80731126666069 1025.2585731446743 828.67004771716893 301.53752018138766 87.77261658012867 360.85920405387878 199.22540665790439 140.53433605283499 262.9843735396862 661.19408852979541 92.763116158545017
leaf_count=5736 9182 861 7190 82173 1064 22061 11242 4129 598 10115 18113 860 669 1442 3331 507 3055 515 5780 2543 4922 13461 3095 303 2353 1272 1028 1081 10002 1612
internal_value=-0.000700385 0.00085175 -0.0122006 5.83919e-05 0.000751285 0.00105382 -0.000262521 -0.00662362 -0.016484 0.0175705 0.0052423 -0.0081466 -0.00826746 -0.0102266 -0.00748948 0.00799754 -0.00477434 0.0133225 -0.0027957 -0.00699809 0.00242704 -0.0240081 -0.0190943 -0.0306425 0.00616456 -0.0124833 -0.00717452 -0.000651565 0.0204104 0.0220353
internal_weight=51816.8 45659 6157.77 43595.3 40250.1 39560.4 30104.1 4187.65 689.716 2063.71 9456.32 508.099 3345.15 2987.19 2640.08 357.951 3839.08 1608.38 3310.83 1833.68 1477.14 1970.13 1141.46 347.113 804.884 641.297 442.072 444.025 803.495 753.957
internal_count=230295 178084 52211 151545 136111 133589 93415 26165 2522 26539 40174 1924 15434 14258 12513 1176 20429 16424 16300 8323 7977 26046 12585 1745 4295 5395 4123 1942 12129 11614
is_linear=0
shrinkage=0.05


Tree=163
num_leaves=19
num_cat=0
split_feature=2 2 0 9 4 8 8 8 5 4 8 8 4 8 5 8 0 0
split_gain=72.4338 57.2673 46.6406 34.0825 75.2231 102.285 68.6413 30.1738 57.4552 44.9649 13.7292 18.3598 12.602 12.2973 12.5392 2.86505 4.40062 0.46566
threshold=2.5000000000000004 -2.4999999999999996 15.500000000000002 1.0000000180025095e-35 -0.027575368992984291 -56.345481872558587 29.183349609375004 247.85845947265628 1.0000000180025095e-35 0.93829354643821727 113.39955902099611 104.30294799804689 -0.1437711417675018 120.61153411865236 1.5000000000000002 1.6444900035858157 54.500000000000007 73.500000000000014
decision_type=2 2 2 2 2 2 2 2 2 2 2 2 2 2 2 2 2 2
left_child=1 -1 10 7 6 -6 -5 9 -9 -4 11 12 -3 -12 -15 16 -2 -18
right_child=15 2 3 4 5 -7 -8 8 -10 -11 13 -13 -14 14 -16 -17 17 -19
leaf_value=-0.032460018031356196 0.009588692758946275 -0.0060972610452694137 0.0025684660419567642 0.00076147022095377479 0.041797145117924726 -0.010284598729134611 0.02432108695215408 0.015544964145825461 -0.0092699758502457642 0.0095286728502955251 -0.024616696755897272 0.017915990886731195 -0.000377207827121242 -0.0023993783555006048 -0.01517934553735973 -0.032607385956563706 -0.011466239047055874 -0.028035783359952177
leaf_weight=119.56105717644095 10.37455404922366 1086.5923120193183 31767.743258718401 1744.8801836371422 93.574133843183517 2219.9086850918829 370.83101435005665 287.17443247511983 1155.5163779500872 2499.3893996104598 80.913381163030863 124.37491010129452 8174.2022345270962 959.96055165305734 235.76462640240788 143.07074220106006 18.133749444037676 23.888172004371881
leaf_count=5805 379 4158 127446 6742 283 10652 1293 2293 10798 14256 310 451 28794 5348 1551 8032 718 986
internal_value=0.00128438 0.00140233 0.00148521 0.00226598 -0.00186935 -0.00809244 0.00493848 0.00277909 -0.00429382 0.00307745 -0.00145385 -0.000790518 -0.00105128 -0.00630822 -0.00497196 -0.0287126 -0.0161637 -0.0228651
internal_weight=51115.9 50920.4 50800.8 40139 4429.19 2313.48 2115.71 35709.8 1442.69 34267.1 10661.8 9385.17 9260.79 1276.64 1195.73 195.467 52.3965 42.0219
internal_count=230295 220180 214375 173763 18970 10935 8035 154793 13091 141702 40612 33403 32952 7209 6899 10115 2083 1704
is_linear=0
shrinkage=0.05


Tree=164
num_leaves=31
num_cat=0
split_feature=2 2 0 3 2 7 2 4 0 2 7 3 0 0 6 7 5 0 6 3 6 6 4 4 6 4 0 7 0 6
split_gain=378.963 217.201 140.884 116.399 92.1513 77.1359 60.2015 43.8027 41.8893 40.7965 39.0998 36.7849 34.5944 28.8623 23.4124 20.8187 20.7745 21.7055 20.6952 16.4337 16.0065 18.3512 12.9005 18.0158 16.023 10.1394 6.05319 6.0094 4.97466 9.64406
threshold=1.0000000180025095e-35 -1.4999999999999998 61.500000000000007 -1.0000000180025095e-35 -1.0000000180025095e-35 0.14355833828449252 1.5000000000000002 -0.12474700435996054 81.500000000000014 -2.4999999999999996 0.12758422642946246 1.0000000180025095e-35 80.500000000000014 70.500000000000014 1.0000000180025095e-35 -0.053878191858530038 2.5000000000000004 72.500000000000014 1.0000000180025095e-35 1.0000000180025095e-35 2.5000000000000004 -1.4999999999999998 -0.13067968934774396 -1.44338983297348 -1.0000000180025095e-35 1.2742908000946047 87.500000000000014 0.2671313881874085 69.500000000000014 -1.0000000180025095e-35
decision_type=2 2 2 2 2 2 2 2 2 2 2 2 2 2 2 2 2 2 2 2 2 2 2 2 2 2 2 2 2 2
left_child=1 9 6 28 12 8 10 -7 -6 -1 11 14 15 22 -2 -5 17 20 -12 -19 21 -4 23 -11 -24 -20 -14 -15 -3 -30
right_child=2 3 16 4 5 7 -8 -9 -10 13 18 -13 26 27 -16 -17 -18 19 25 -21 -22 -23 24 -25 -26 -27 -28 -29 29 -31
leaf_value=0.034229796379090113 -0.0094677776235490424 -0.028769824919613787 0.0057470057407596371 0.0069986808687134642 0.0010301567582720521 -0.015102710698683429 -0.024756336535494694 -0.0037982492461986206 -0.011308115110391941 -0.0029719685862312668 -0.03009489846176765 0.032020345204676594 0.011278046708296796 0.028980969485750692 -0.00033147135240792577 0.0020719616133604928 -0.030604593079498567 -0.029263595561160535 -0.012535884246215746 0.0041978347606914735 0.014183725537523867 -0.020594959171896392 -0.014022190395764137 0.016384643746960154 0.01261460593625958 0.009186065858764669 0.020572750565286149 0.0095595150258502293 -0.030423675489406582 -0.0089279398420904592
leaf_weight=325.52925573289394 1111.816652238369 261.66991456598043 84.525578094646335 3290.9274519830942 21040.282936915755 1002.9769054949284 452.92478054016829 5765.9344502612948 706.1741343960166 143.75253913924098 171.96215809509158 68.750412672758102 634.35965359210968 322.57605527341366 1885.2811455540359 6155.9044892638922 788.1765697132796 428.01553661376238 687.79363115876913 38.814484616741538 52.898479191586375 270.6238462831825 107.37698213756084 687.98112963140011 108.46949118375778 54.706673447042704 258.42192423343658 52.567804358899593 85.586993865668774 138.11007062345743
leaf_count=5805 5859 1198 583 11887 70091 4261 10932 27787 3629 1136 1711 305 2917 3499 12018 18611 19457 7133 7373 439 893 3160 684 4866 570 685 1238 444 350 774
internal_value=-0.000622235 0.00110424 -0.01225 0.00033681 0.000642245 -0.000824138 -0.00757899 -0.00548319 0.000626988 0.0183234 -0.00559575 -0.0028783 0.00468479 0.0145767 -0.00373084 0.00379104 -0.0246414 -0.0191258 -0.0146411 -0.0264664 -0.0105091 -0.0143328 0.0102299 0.0130414 -0.000653841 -0.0108847 0.0140681 0.026421 -0.0238713 -0.0176376
internal_weight=47184.9 41088.6 6096.29 39340.3 38855 28515.4 4433.24 6768.91 21746.5 1748.25 3980.31 3065.85 10339.6 1422.72 2997.1 9446.83 1663.05 874.878 914.462 466.83 408.048 355.149 1047.58 831.734 215.846 742.5 892.782 375.144 485.367 223.697
internal_count=230295 159747 70548 142743 140421 105768 38883 32048 73720 17004 27951 18182 34653 11199 17877 30498 31665 12208 9769 7572 4636 3743 7256 6002 1254 8058 4155 3943 2322 1124
is_linear=0
shrinkage=0.05


Tree=165
num_leaves=31
num_cat=0
split_feature=2 2 0 8 3 2 8 8 4 0 8 8 8 4 0 8 4 8 8 4 4 4 4 4 5 4 8 0 8 8
split_gain=330.599 218.626 147.833 97.486 89.6376 82.6274 67.649 59.6706 52.4682 50.0833 48.8201 84.959 66.7184 52.7095 44.1066 38.9726 40.3427 35.3625 40.3284 26.858 25.8311 30.3361 26.7539 25.392 31.983 29.8009 39.9122 29.3998 22.891 20.3082
threshold=-1.0000000180025095e-35 1.5000000000000002 44.500000000000007 -170.74105834960935 1.0000000180025095e-35 1.0000000180025095e-35 -135.04876708984372 -0.54526796936988819 -0.96003133058547963 71.500000000000014 -216.81816101074216 -254.63584899902341 -322.24613952636713 0.30641973018646246 69.500000000000014 87.607540130615249 0.092304568737745299 -23.128694534301754 -394.88154602050776 -0.1120820641517639 1.6188133358955386 0.60499006509780895 0.78247964382171642 -0.65439215302467335 -4.4999999999999991 0.23193357884883883 36.320486068725593 14.500000000000002 -198.72866058349607 -14.519459724426268
decision_type=2 2 2 2 2 2 2 2 2 2 2 2 2 2 2 2 2 2 2 2 2 2 2 2 2 2 2 2 2 2
left_child=2 3 8 10 5 6 -5 20 -1 17 11 12 -2 28 -7 16 -6 18 -4 -13 21 -3 -23 24 -10 27 -27 -25 -12 -19
right_child=1 7 9 4 15 14 -8 -9 23 -11 13 19 -14 -15 -16 -17 -18 29 -20 -21 -22 22 -24 25 -26 26 -28 -29 -30 -31
leaf_value=-0.028421415951977405 -0.0034396711105368046 0.014895999474998837 0.020319854984961007 0.014076736355456726 -0.024096292259589147 0.0032925622929559015 -0.00076895913311733686 0.02440709700441138 -0.020649131464470366 -0.029529906243961554 -0.013994403823877732 -0.0038512881221970763 -0.022115165486901255 0.0084251416295268947 0.011917295975799543 -0.037125350469448419 0.0041350333377859925 0.013701671663513477 -0.025486300481276803 0.018631935090932861 0.034550570037948897 -0.021488482624603646 0.0041368471877605726 0.0055618373591566741 0.016680294993939946 -0.0052871771021729113 0.026837731975121001 -0.0092388186562475834 -0.035909030743354733 -0.011374772904541587
leaf_weight=204.45103982836008 1351.9360369369388 379.03039919957519 47.395252328366041 782.96059334278107 248.12233417481184 7570.5221782624722 29354.324504718184 1116.8588532730937 66.217582806944847 914.21955630369484 204.71159149706364 195.47871607542038 736.97651697695255 123.98876133561134 1840.5666630938649 178.63307824730873 250.55620856583118 83.180583111941814 827.85565837100148 399.81073798239231 73.622601632028818 145.10532004758716 313.12295240163803 408.40341195836663 299.40707263723016 223.46089279279113 163.65792011469603 1803.452115483582 316.83099548518658 1062.6678282991052
leaf_count=2313 6240 2331 687 2651 1045 29938 90937 20768 652 15117 952 906 3774 386 10234 590 856 769 10329 1544 829 616 2099 1982 1893 1006 503 9766 1669 7465
internal_value=-0.000810323 0.000653478 -0.0117326 -9.45331e-05 0.000586438 0.000896329 -0.000381 0.0166813 -0.0042331 -0.0198082 -0.00830973 -0.00531981 -0.0100655 -0.0206057 0.00498477 -0.0173821 -0.0100115 -0.0153487 -0.0229045 0.0112784 0.00712697 0.00452475 -0.00412218 -0.00251993 0.00973227 -0.00425895 0.00846295 -0.0064996 -0.0275219 -0.00950278
internal_weight=51687.5 45583.2 6104.37 43555.4 40225.7 39548.4 30137.3 2027.74 3169.05 2935.32 3329.73 2684.2 2088.91 645.531 9411.09 677.312 498.679 2021.1 875.251 595.289 910.881 837.259 458.228 2964.6 365.625 2598.97 387.119 2211.86 521.543 1145.85
internal_count=230847 178365 52482 151722 136251 133760 93588 26643 18115 34367 15471 12464 10014 3007 40172 2491 1901 19250 11016 2450 5875 5046 2715 15802 2545 13257 1509 11748 2621 8234
is_linear=0
shrinkage=0.05


Tree=166
num_leaves=20
num_cat=0
split_feature=2 2 0 8 8 8 2 2 5 4 5 8 5 0 8 8 8 8 0
split_gain=69.8442 54.0918 48.4646 33.6509 56.6456 63.0658 40.969 29.8399 66.1504 42.6055 24.3634 37.4821 21.9949 26.7594 19.4082 18.9166 15.2738 2.12837 5.07008
threshold=2.5000000000000004 -2.4999999999999996 28.500000000000004 -372.31275939941401 -349.79296874999994 -340.70903015136713 -1.0000000180025095e-35 -1.0000000180025095e-35 -5.4999999999999991 -0.2908474057912826 1.5000000000000002 -6.1366157531738272 -3.4999999999999996 9.5000000000000018 35.245143890380866 -10.111172676086424 36.320486068725593 1.6444900035858157 59.500000000000007
decision_type=2 2 2 2 2 2 2 2 2 2 2 2 2 2 2 2 2 2 2
left_child=1 -1 10 7 6 -6 -5 8 -4 -9 12 15 16 -14 -13 -12 -3 18 -2
right_child=17 2 3 4 5 -7 -8 9 -10 -11 11 14 13 -15 -16 -17 -18 -19 -20
leaf_value=-0.032356712102629734 0.0069428323762313997 -0.010675894448974868 0.041645081718462928 0.0066198683967432772 0.040339655288080298 0.0025208735488825109 -0.030845769759614686 5.1329322812987478e-06 -0.014563156439416861 0.028290072040712839 0.00030782183817292712 -0.014311361395910252 -0.0015286582361845307 0.0028649989555115376 -0.0047253722233738266 0.020742800568189116 0.0084856286213871295 -0.032519773590964154 -0.026042872935463937
leaf_weight=113.07411528192461 13.818992210552095 658.49322773516178 63.829600673168898 107.57036673277617 105.65632818266749 30736.405080106109 212.22916702926159 201.25037386268377 213.58871072158217 388.37151547521353 1573.5316089689732 793.92477138899267 6232.328403301537 7794.2866722978652 1582.4262300934643 117.04586382955313 119.45902907475829 135.33970578014851 35.748922612518072
leaf_count=5847 521 2769 633 879 483 135645 695 608 1383 1201 5445 3396 23252 29465 8127 436 442 8087 1533
internal_value=0.0013352 0.00144774 0.001526 0.00271014 0.0024386 0.00265695 -0.0183356 0.0123992 -0.00112219 0.018717 -0.000483907 -0.00390906 0.00045801 0.000912953 -0.00795132 0.00177962 -0.00769813 -0.0289318 -0.0170533
internal_weight=51198.4 51013.5 50900.4 32028.9 31161.9 30842.1 319.8 867.04 277.418 589.622 18871.5 4066.93 14804.6 14026.6 2376.35 1690.58 777.952 184.908 49.5679
internal_count=230847 220706 214859 141527 137702 136128 1574 3825 2016 1809 73332 17404 55928 52717 11523 5881 3211 10141 2054
is_linear=0
shrinkage=0.05


Tree=167
num_leaves=31
num_cat=0
split_feature=2 2 0 3 8 2 2 0 8 2 8 3 6 8 0 0 8 5 8 0 8 8 6 5 8 6 8 0 8 3
split_gain=339.581 184.646 141.785 95.5997 80.6879 61.1469 53.8566 48.067 45.8188 44.0808 40.9392 38.9288 35.3587 35.0491 30.4173 26.6275 24.1556 22.6685 22.4088 21.4567 21.4177 19.7739 18.1882 16.199 14.955 28.8734 14.2447 18.1775 10.1584 6.53222
threshold=1.0000000180025095e-35 -1.4999999999999998 61.500000000000007 -1.0000000180025095e-35 32.945169448852546 1.5000000000000002 -1.0000000180025095e-35 83.500000000000014 29.183349609375004 -2.4999999999999996 33.875438690185554 1.0000000180025095e-35 1.5000000000000002 -310.69364929199213 71.500000000000014 30.500000000000004 -27.185948371887203 2.5000000000000004 -4.0424249172210684 77.500000000000014 12.684393882751467 -31.164384841918942 2.5000000000000004 1.0000000180025095e-35 16.161653518676761 2.5000000000000004 -100.76657485961913 70.500000000000014 11.03136730194092 1.0000000180025095e-35
decision_type=2 2 2 2 2 2 2 2 2 2 2 2 2 2 2 2 2 2 2 2 2 2 2 2 2 2 2 2 2 2
left_child=1 9 5 26 6 11 8 -8 -5 -1 -6 13 -12 23 18 -15 22 19 21 24 -20 -11 -7 -2 25 -4 -3 -28 -16 -21
right_child=2 3 17 4 10 16 7 -9 -10 14 12 -13 -14 15 28 -17 -18 -19 20 29 -22 -23 -24 -25 -26 -27 27 -29 -30 -31
leaf_value=0.034115738193983093 -0.0011626872341620193 -0.039971434085810602 -0.012058706263201494 0.0046790123206573598 -0.032113578717222292 -0.020502767707406611 0.0009344009519186117 -0.014163467186216961 0.027465743073720218 0.010742836190373434 -0.0046191456783989488 0.027834352870849285 0.0042371876729134514 -0.0018168854658583797 0.031538347258136597 -0.010655051110370739 -0.032104972902156068 -0.030716386194566216 -0.014079649951064846 -0.031204458004194115 0.0093110304339344835 0.034781302956695383 0.01599187361791762 0.021415637043326913 -0.025982859227310213 0.028890000879837809 -0.026650794017238258 -0.0045864617432785108 0.011896838630317144 -0.0039790278977072024
leaf_weight=309.1363970041275 157.03882387280464 86.998702868819237 355.65982519090176 7946.0914457142353 119.49609550833702 82.764670312404633 21627.626859605312 535.35103582590818 222.19052846729755 565.52794098109007 7134.001385293901 83.329935483634472 1334.2167731672525 1411.6948572993279 244.83521497994661 2154.5812366567552 309.28819100931287 755.58041528239846 163.76029517501593 282.71870964020491 227.9733280390501 98.159866493195295 51.283901140093803 154.76393866539001 143.44824214652181 44.082422468811274 218.86812997609377 164.31885951757431 101.15146393328905 25.56947916932404
leaf_count=5847 446 340 3329 27556 468 855 68267 2731 651 4601 33235 377 7957 9975 3077 16738 9651 19467 882 5127 1135 856 541 449 2792 573 1044 871 695 314
internal_value=-0.000561996 0.001062 -0.0116561 0.000362586 0.000634671 -0.0070032 0.00184609 0.000566597 0.00531527 0.0171196 -0.00364257 -0.00501531 -0.0032221 -0.0057561 0.0132625 -0.00716394 -0.0245118 -0.0243479 0.00896838 -0.0185503 -0.000521418 0.0145316 -0.00646777 0.0102052 -0.0123829 -0.00724189 -0.0219286 -0.0173701 0.0260473 -0.0290459
internal_weight=47111.5 41099.7 6011.8 39389.2 38919 4404.75 30331.3 22163 8168.28 1710.54 8587.71 3961.41 8468.22 3878.08 1401.41 3566.28 443.337 1607.06 1055.42 851.479 391.734 663.688 134.049 311.803 543.19 399.742 470.186 383.187 345.987 308.288
internal_count=230847 160213 70634 143120 140865 39032 99205 70998 28207 17093 41660 27985 41192 27608 11246 26713 11047 31602 7474 12135 2017 5457 1396 895 6694 3902 2255 1915 3772 5441
is_linear=0
shrinkage=0.05


Tree=168
num_leaves=31
num_cat=0
split_feature=2 2 0 5 8 8 8 2 8 8 2 3 9 7 4 4 8 0 8 8 5 4 8 4 8 4 8 8 8 8
split_gain=324.466 200.852 138.418 93.6391 74.4861 68.8015 133.396 64.3938 57.3484 56.6366 54.8747 54.4306 57.142 50.0318 46.7173 43.1823 37.7842 37.446 36.6778 189.518 29.8946 25.3846 22.8031 16.9945 26.0749 18.5068 15.1098 12.3628 8.99378 24.4821
threshold=-1.0000000180025095e-35 1.5000000000000002 66.500000000000014 1.0000000180025095e-35 384.61386108398443 -66.618366241455064 -58.058500289916985 -1.4999999999999998 201.82788085937503 348.21440124511724 2.5000000000000004 -1.0000000180025095e-35 1.0000000180025095e-35 -1.0000000180025095e-35 -0.16286793351173398 1.4302512407302859 95.022144317626967 75.500000000000014 -113.14067459106444 -117.65232849121092 2.5000000000000004 0.27874848246574407 -31.164384841918942 0.866277575492859 -26.139101028442379 0.59445485472679149 153.43129730224612 -170.74105834960935 -4.0424249172210684 4.9183819293975839
decision_type=2 2 2 2 2 2 2 2 2 2 2 2 2 2 2 2 2 2 2 2 2 2 2 2 2 2 2 2 2 2
left_child=2 3 4 5 7 18 13 28 -8 16 17 15 14 -7 -13 22 -9 23 19 -2 -14 -20 -5 25 -25 -3 -4 -19 -1 -30
right_child=1 10 26 11 -6 6 8 9 -10 -11 -12 12 20 -15 -16 -17 -18 27 21 -21 -22 -23 -24 24 -26 -27 -28 -29 29 -31
leaf_value=-0.031029853197310827 -0.0072806980001332402 0.0089381891711802428 -0.02852064977571972 0.035263176994715838 0.041959826751919269 0.035366241446130861 -0.0024839679003341325 -0.0076512294964466562 0.0094443683138755088 -0.043263404505152647 0.032413981539229836 0.0108653399969828 0.002641392417453019 0.0031375379370627448 0.0002720156642210277 -0.011203241539900367 0.0061162340590016871 -0.0032051867031945656 -0.012027199846912435 0.049174309251939802 0.01377765765696486 -0.035517817570533176 0.014204236583519046 -0.0028715785409478226 0.022920473841999977 -0.0072572295252234581 -0.0067470482224785801 0.029334251699915537 0.01480545944832808 -0.027124408838659367
leaf_weight=311.99372081644833 3191.4401930421591 481.47907255589962 1095.3166674505919 191.75282467156649 69.021810576319695 334.48478592932224 14558.939623706043 3639.7013881728053 1077.6392260715365 98.365645065903664 413.41697967238724 1099.0547342225909 1064.4061755165458 188.24022045731544 18161.218769192696 121.00112348794937 573.47361870110035 31.115772776305676 1401.4691973999143 150.94519829750061 1392.7790606692433 122.35716141760349 410.69895359873772 138.21378845721483 323.36525982245803 272.18360340222716 89.800906248390675 312.94545552507043 44.409709952771664 121.10407024435699
leaf_count=6513 14540 4265 18224 651 219 1096 46180 22695 4796 301 10178 3964 3278 577 63435 530 1832 199 5146 518 4869 431 1516 714 4895 2057 597 4335 606 1586
internal_value=-0.000737393 0.000710643 -0.0116169 1.59635e-06 -0.00786326 -0.00239566 -0.000825208 -0.00862435 -0.00165914 -0.00667672 0.0162941 0.00224769 0.00179631 0.0238999 0.000879169 0.0156924 -0.00577225 0.0119303 -0.0076045 -0.00466149 0.0089688 -0.0140234 0.0211421 0.00774576 0.0152494 0.00307997 -0.0269061 0.0263877 -0.0259586 -0.0157698
internal_weight=51482.3 45439.1 6043.19 43466.4 4858.07 21025.5 16159.3 4789.05 15636.6 4311.54 1972.72 22440.9 21717.5 522.725 19260.3 723.453 4213.18 1559.3 4866.21 3342.39 2457.19 1523.83 602.452 1215.24 461.579 753.663 1185.12 344.061 477.508 165.514
internal_count=230743 178170 52573 151527 33752 73284 52649 33533 50976 24828 26643 78243 75546 1673 67399 2697 24527 16465 20635 15058 8147 5577 2167 11931 5609 6322 18821 4534 8705 2192
is_linear=0
shrinkage=0.05


Tree=169
num_leaves=20
num_cat=0
split_feature=2 2 0 7 9 5 6 8 8 6 5 8 5 0 8 8 8 8 0
split_gain=68.0963 50.1293 45.8704 32.4124 42.1743 74.0734 40.3053 36.7129 32.9431 22.0551 21.1098 37.7845 21.5236 25.7565 20.478 19.8716 17.6792 1.2811 4.91555
threshold=2.5000000000000004 -2.4999999999999996 26.500000000000004 0.35730876028537756 1.0000000180025095e-35 1.5000000000000002 2.5000000000000004 247.85845947265628 -62.530506134033196 5.5000000000000009 1.5000000000000002 -3.1082756519317623 -3.4999999999999996 9.5000000000000018 12.074971675872805 36.320486068725593 -10.111172676086424 1.6444900035858157 58.500000000000007
decision_type=2 2 2 2 2 2 2 2 2 2 2 2 2 2 2 2 2 2 2
left_child=1 -1 10 4 7 -6 8 -4 -5 -8 12 16 15 -14 -13 -3 -12 18 -2
right_child=17 2 3 6 5 -7 9 -9 -10 -11 11 14 13 -15 -16 -17 -18 -19 -20
leaf_value=-0.032233292773965964 0.006193911242020473 -0.012322799603568163 0.0031103361542970417 0.032054506385963723 0.0025977434277531328 -0.012683561832359781 0.024121360051814908 -0.0078889618332007843 0.0019502054129353968 -0.0049629845958307798 0.0002159487659649757 -0.019382707109138284 -0.001651406022540837 0.0027505194957192034 -0.0061344419166426377 0.01156138991902996 0.018649190922060799 -0.032439627103360812 -0.027207894214856455
leaf_weight=105.65946365427226 12.92537024617195 547.64935277029872 27218.171662583947 93.166723366826773 2122.902819044888 1259.6447464562953 477.40999510325491 775.71890757232904 1236.0918497890234 73.588351374492049 1399.1054279208183 348.56297321431339 6197.4646542016417 7153.8452165406197 1729.1601938195527 99.283836122602224 138.42388525605202 128.61067131627351 35.480356318876147
leaf_count=5823 490 2332 114816 343 8525 6268 2820 7494 5567 681 4845 1561 23114 26952 8555 358 511 8105 1583
internal_value=0.00127553 0.00138441 0.00145739 0.00254993 0.00216694 -0.00310326 0.00891837 0.00280419 0.00417241 0.0202273 -0.000605609 -0.00400888 0.000274453 0.000707363 -0.00839819 -0.00859677 0.00193057 -0.0292536 -0.018544
internal_weight=51152.9 50975.9 50870.2 33256.7 31376.4 3382.55 1880.26 27993.9 1329.26 550.998 17613.5 3615.25 13998.2 13351.3 2077.72 646.933 1537.53 177.016 48.4057
internal_count=230743 220565 214742 146514 137103 14793 9411 122310 5910 3501 68228 15472 52756 50066 10116 2690 5356 10178 2073
is_linear=0
shrinkage=0.05


Tree=170
num_leaves=31
num_cat=0
split_feature=2 2 0 3 8 8 2 8 8 4 2 5 6 8 4 8 0 4 0 0 8 4 4 0 8 4 0 4 8 5
split_gain=344.18 164.662 131.176 91.6235 85.4336 72.7442 57.3398 48.9907 65.6308 46.8874 44.511 43.534 32.7386 44.7271 59.7857 38.4053 30.9022 34.1223 29.9504 23.9036 22.4045 21.1572 17.127 15.8418 14.7197 15.2587 12.6555 10.6499 10.3811 17.0467
threshold=1.0000000180025095e-35 -1.4999999999999998 64.500000000000014 -1.0000000180025095e-35 19.12481784820557 17.014272689819339 1.5000000000000002 23.550344467163089 25.564900398254398 -0.26304748654365534 -2.4999999999999996 -3.4999999999999996 1.0000000180025095e-35 11.03136730194092 0.13766863197088244 -372.31275939941401 43.500000000000007 0.90228471159935009 30.500000000000004 45.500000000000007 -27.185948371887203 -0.8471737504005431 -1.5111640095710752 37.500000000000007 -177.2028884887695 0.22598905861377719 79.500000000000014 -1.2748202681541441 -100.76657485961913 1.5000000000000002
decision_type=2 2 2 2 2 2 2 2 2 2 2 2 2 2 2 2 2 2 2 2 2 2 2 2 2 2 2 2 2 2
left_child=1 10 6 28 5 11 12 9 -9 -6 -1 -5 15 14 -14 -2 27 26 -7 -15 23 -17 -4 -8 25 -24 -18 -12 -3 -30
right_child=2 3 22 4 7 18 20 8 -10 -11 16 -13 13 19 -16 21 17 -19 -20 -21 -22 -23 24 -25 -26 -27 -28 -29 29 -31
leaf_value=0.034007529361975312 0.02329332943153891 -0.03696975392479273 0.01145079761119357 0.006140856574814545 0.012014829862019146 0.010341991835898658 0.019090851354967884 0.020057626872397198 -0.0032098170682696584 -0.026959943611494997 -0.016692864359301968 0.00091197196338421542 0.015685314204945757 -0.0057144603121517768 -0.0043262878646518274 0.0087681501185846375 0.016262426090862446 -0.022329252988691352 0.041208991453659326 -0.021995947723313175 -0.031409040407090687 -0.015897432884455744 0.0018283037132587219 -0.017035309810231523 -0.028157057745299169 -0.031436921919821524 0.031270326973543865 0.0043878778622858253 -0.00097535783591862874 -0.023922795078163594
leaf_weight=291.15466672182083 67.929967314004898 85.238403804600239 28.074848480522633 4794.4050909876823 94.035910680890083 164.56611520051956 36.862515475600958 308.01538577675819 9595.2182944715023 369.98174696415663 68.741710163652897 23348.147252209485 559.41387701779604 761.53426873683929 1097.4840348884463 90.59663001075387 780.66287915408611 48.076296642422676 153.74887318909168 318.59622260928154 326.1618359554559 1201.1367381736636 91.463335409760475 108.12985199317336 1182.4294982179999 49.836254812777042 178.27800719067454 314.52010311931372 113.5915744677186 280.2914739176631
leaf_count=5823 194 335 170 16391 357 464 344 1255 45508 1888 464 74380 2373 8163 6511 382 6524 259 471 4417 10794 7653 623 1234 27157 560 2110 1967 505 1467
internal_value=-0.000581652 0.00104645 -0.0118463 0.000390018 0.000659469 0.00207496 -0.0077811 -0.00322555 -0.00247638 -0.0190176 0.0163453 0.0018037 -0.00586399 -0.00270413 0.00245704 -0.0121916 0.0125379 0.0171171 0.0256577 -0.0105961 -0.0242138 -0.0141404 -0.0255035 -0.00752046 -0.0263274 -0.0105777 0.0192003 0.000440566 -0.0212276 -0.0174002
internal_weight=46908.3 40988.7 5919.65 39307.2 38828.1 28460.9 4567.85 10367.3 9903.23 464.018 1681.43 28142.6 4096.69 2737.03 1656.9 1359.66 1390.28 1007.02 318.315 1080.13 471.154 1291.73 1351.8 144.992 1323.73 141.3 958.941 383.262 479.121 393.883
internal_count=230743 160168 70575 143021 140714 91706 42065 49008 46763 2245 17147 90771 29693 21464 8884 8229 11324 8893 935 12580 12372 8035 28510 1578 28340 1183 8634 2431 2307 1972
is_linear=0
shrinkage=0.05


Tree=171
num_leaves=31
num_cat=0
split_feature=2 2 0 3 8 8 2 2 8 2 8 8 4 8 8 4 0 8 0 8 8 5 8 8 8 8 8 8 0 8
split_gain=302.265 170.284 141.931 98.5029 93.3113 79.1516 66.493 65.6956 61.5248 54.0927 43.53 64.6343 60.1913 41.7765 46.798 41.1496 37.761 35.0271 34.5012 23.7907 23.722 26.094 24.9201 15.1974 12.8743 7.50273 25.038 10.3927 5.09591 2.15621
threshold=-1.0000000180025095e-35 1.5000000000000002 68.500000000000014 1.0000000180025095e-35 393.63970947265631 -170.74105834960935 -1.4999999999999998 1.0000000180025095e-35 -135.04876708984372 2.5000000000000004 -216.81816101074216 -222.32796478271482 0.28522720932960516 348.21440124511724 77.415805816650405 0.7058808207511903 77.500000000000014 87.607540130615249 77.500000000000014 -64.778663635253892 -0.54526796936988819 10.500000000000002 -49.602500915527337 -113.14067459106444 153.43129730224612 -4.0424249172210684 4.9183819293975839 -388.37040710449213 73.500000000000014 -20.352562904357907
decision_type=2 2 2 2 2 2 2 2 2 2 2 2 2 2 2 2 2 2 2 2 2 2 2 2 2 2 2 2 2 2
left_child=2 3 4 5 6 10 25 8 -7 18 11 -2 -12 14 -8 17 -9 19 20 -5 22 -22 -3 -20 28 27 -27 -1 29 -4
right_child=1 9 24 15 -6 7 13 16 -10 -11 12 -13 -14 -15 -16 -17 -18 -19 23 -21 21 -23 -24 -25 -26 26 -28 -29 -30 -31
leaf_value=0.0043705329200277622 -0.0061700253565444181 0.010175127113550217 -0.027821935672597525 -0.033945122316701992 0.053190068335845636 0.013666203844104958 -0.0079975354762409565 0.0035850260785637795 -0.00047578094756744159 0.03195418450693277 -0.027361021879867338 0.028151408859383414 0.0099009816639800859 -0.036619049128871456 0.006246884639151986 0.0096225755174242176 0.013824387771310943 -0.043897940644439609 -0.0047307470343427157 -0.0088869048909437139 0.018188948172653308 -0.016701604665059072 -0.0089962485430710847 0.030882716475644785 -0.0074668892633970932 0.01351710873982551 -0.027788878157557092 -0.032927099806583385 -0.032182721335014951 -0.016814052288074317
leaf_weight=18.753586124628782 2467.4892001375556 347.80070540308952 122.18152362667024 129.18462348729372 57.190907344222069 784.80607810616493 3569.3759141303599 8341.5504961311817 29297.197244629264 385.65174481272697 477.06261215358973 140.31839603930712 136.97231042385101 107.38318601250648 683.64836797118187 111.22604592144489 1005.60244499892 148.84004796296358 32.587117038667202 341.79626615345478 527.40696912631392 55.681473411619663 321.30456000566483 248.00312795490026 73.66102709621191 46.757245419546962 131.10414005629718 293.29107617214322 693.43808490969241 128.71183581463993
leaf_count=421 11553 1738 2184 597 176 2655 22935 33928 90851 10097 2441 600 418 329 2289 380 6260 490 235 1336 8345 975 1519 3674 513 649 1742 6462 13116 1446
internal_value=-0.000639752 0.000749774 -0.0112544 0.000104308 -0.00771345 0.000417229 -0.00848561 0.00103326 -0.000104622 0.0153077 -0.00711174 -0.00427295 -0.0190362 -0.00650561 -0.00570318 -0.0180311 0.00469342 -0.0230308 0.0110291 -0.0160445 0.00741709 0.0147434 0.000970583 0.0267362 -0.0282032 -0.0258647 -0.0168574 -0.030652 -0.0297729 -0.0226136
internal_weight=51226 45300.5 5925.5 43382 4907.5 42651 4850.31 39429.2 30082 1918.44 3221.84 2607.81 614.035 4360.41 4253.02 731.047 9347.15 619.821 1532.78 470.981 1252.19 583.088 669.105 280.59 1017.99 489.906 177.861 312.045 944.331 250.893
internal_count=230354 178092 52262 151509 35003 148706 34827 133694 93506 26583 15012 12153 2859 25553 25224 2803 40188 2423 16486 1933 12577 9320 3257 3909 17259 9274 2391 6883 16746 3630
is_linear=0
shrinkage=0.05


Tree=172
num_leaves=18
num_cat=0
split_feature=2 2 0 7 4 9 4 5 2 5 4 6 6 9 5 0 5
split_gain=59.2934 46.6563 41.5765 29.5084 43.9859 38.8029 89.0132 26.3426 23.7995 21.4251 24.7837 15.8842 14.8199 13.7947 0.603951 2.15792 0.244477
threshold=2.5000000000000004 -2.4999999999999996 20.500000000000004 0.375103309750557 0.866277575492859 1.0000000180025095e-35 -0.030943319201469418 -4.4999999999999991 1.0000000180025095e-35 1.5000000000000002 0.16038698703050616 4.5000000000000009 -1.4999999999999998 1.0000000180025095e-35 5.5000000000000009 53.500000000000007 3.5000000000000004
decision_type=2 2 2 2 2 2 2 2 2 2 2 2 2 2 2 2 2
left_child=1 -1 7 5 12 8 -7 -3 -4 10 -9 -6 -5 -11 15 -2 -17
right_child=14 2 3 4 11 6 -8 9 -10 13 -12 -13 -14 -15 -16 16 -18
leaf_value=-0.03212017007614288 -0.0028878929760441895 -0.023012191372636805 0.0031756740501138604 -0.012058820360779777 0.029946364927273445 0.0047948210990489534 -0.010485487952137516 -0.00052001470623732064 -0.00014909290105162302 -0.0038999246007813343 0.0091055382352801268 0.0069843861328176262 0.0059461596726463452 -0.016899436331491692 -0.0320796873665583 -0.028472225944532793 -0.012022624467224546
leaf_weight=99.569359298795462 15.01949242595583 129.98917225003242 24587.392712617293 121.18411558866501 269.15125928074121 1889.8660270236433 1913.3225944023579 10588.115633580834 6890.1045218892395 2115.1356347519904 708.798339439556 108.94148054532707 1240.1027317047119 221.78053949400783 99.599895492196083 36.194582064636052 14.270274595357476
leaf_count=5831 789 559 90150 580 1648 7209 9276 39468 46037 8940 2985 907 5659 1008 6583 1916 809
internal_value=0.00114654 0.00124494 0.00131351 0.00218576 0.00853461 0.00187159 -0.00289613 -0.0010325 0.00244801 -0.000814578 8.76791e-05 0.0235077 0.00430506 -0.00516706 -0.0283267 -0.0207478 -0.0253238
internal_weight=51048.5 50883.5 50783.9 37020.1 1739.38 35280.7 3803.19 13763.8 31477.5 13633.8 11296.9 378.093 1361.29 2336.92 165.084 65.4843 50.4649
internal_count=230354 220257 214426 161466 8794 152672 16485 52960 136187 52401 42453 2555 6239 9948 10097 3514 2725
is_linear=0
shrinkage=0.05


Tree=173
num_leaves=31
num_cat=0
split_feature=2 2 0 3 3 8 2 2 8 5 2 8 8 8 8 8 0 8 8 6 8 8 8 3 8 5 8 0 8 8
split_gain=307.843 163.846 118.818 93.9545 81.8232 81.3501 64.4707 57.4026 53.9051 53.4939 40.7734 39.9913 52.8933 32.5889 30.8243 29.8587 28.6899 27.8629 25.4519 19.6751 18.5165 25.0337 19.8492 15.2499 21.1345 14.8398 11.6904 6.8701 6.76501 16.7694
threshold=1.0000000180025095e-35 -1.4999999999999998 69.500000000000014 -1.0000000180025095e-35 1.0000000180025095e-35 32.945169448852546 1.5000000000000002 -1.0000000180025095e-35 33.875438690185554 -1.0000000180025095e-35 -2.4999999999999996 39.87672424316407 33.875438690185554 56.387886047363288 -394.88154602050776 -1.9814713001251218 70.500000000000014 77.415805816650405 -27.185948371887203 2.5000000000000004 -4.0424249172210684 12.074971675872805 -354.51507568359369 1.0000000180025095e-35 -9.2462801933288556 -4.4999999999999991 11.03136730194092 76.500000000000014 15.063652038574221 -31.164384841918942
decision_type=2 2 2 2 2 2 2 2 2 2 2 2 2 2 2 2 2 2 2 2 2 2 2 2 2 2 2 2 2 2
left_child=1 10 6 28 5 7 11 -5 -7 25 -1 12 14 -13 -2 -11 20 -15 19 -8 22 -22 -12 27 -25 -6 -18 -4 29 -3
right_child=2 3 23 4 9 8 18 -9 -10 15 16 13 -14 17 -16 -17 26 -19 -20 -21 21 -23 -24 24 -26 -27 -28 -29 -30 -31
leaf_value=0.03390558591963061 -0.034967434828480713 -0.026119148330818832 -0.022392733708107977 0.0051467930264986021 0.01618345374329579 -0.038279615347376221 -0.021580241864480376 0.00016141900269512263 -0.003630383575118858 -0.013708625322461379 -0.0090451077777244093 -0.034712558449378435 0.034580847983038135 0.01103376453578133 -0.0034574703479750783 0.013807910586756164 0.031158137389447393 -0.014000893579442873 -0.031658212347441442 0.012627656441852646 -0.015385647018830865 0.010264507627428414 0.017171750950263562 0.024166168451827431 -0.029473959506681344 0.034686378917729972 0.010260669308672242 -0.032091978502851615 -0.030667642926251393 -0.00273856058841927
leaf_weight=275.67655546218157 74.717427000403404 195.81641913950443 362.7510250993073 7869.813673838973 204.46069847047329 108.87745025008917 97.916189849376678 21644.798078112304 8203.5059446245432 167.54220037162304 79.876860246062279 161.55421680212021 85.195728044956923 125.42207234725356 3072.8569940440357 225.16245114803314 242.19085490331054 789.04610551148653 366.13339346274734 66.770866105332971 154.84698055684566 229.92298473417759 547.22785456106067 31.646052982658148 31.863781834021211 269.85823012143373 100.86337675899267 577.8379541169852 150.04701755195856 126.15427093952894
leaf_count=5831 226 880 7375 27119 792 441 1118 69423 40318 596 679 1802 566 1324 17599 816 3244 11078 12865 806 824 1160 4578 343 475 903 716 15017 887 553
internal_value=-0.00055225 0.000985607 -0.0112801 0.000338072 0.000609884 0.000260772 -0.00801591 0.00149137 -0.00410697 0.0157523 0.0164904 -0.00597384 -0.00318431 -0.0143011 -0.00425973 0.00204359 0.0128354 -0.010526 -0.0243814 -0.00774755 0.00852319 -0.000123099 0.0137873 -0.0268956 -0.00293282 0.0269625 0.0252496 -0.0284895 -0.0217167 -0.0171402
internal_weight=46640.4 40796.6 5843.71 39166 38694 37827 4839.61 29514.6 8312.38 867.024 1630.61 4308.79 3232.77 1076.02 3147.57 392.705 1354.93 914.468 530.82 164.687 1011.87 384.77 627.105 1004.1 63.5098 474.319 343.054 940.589 472.018 321.971
internal_count=230354 159760 70594 142728 140408 137301 47384 96542 40759 3107 17032 32595 18391 14204 17825 1412 11201 12402 14789 1924 7241 1984 5257 23210 818 1695 3960 22392 2320 1433
is_linear=0
shrinkage=0.05


Tree=174
num_leaves=31
num_cat=0
split_feature=2 2 0 5 8 8 4 3 8 8 2 8 0 8 8 5 8 8 8 6 8 8 8 0 8 5 8 8 8 8
split_gain=287.052 173.151 142.526 90.4788 85.3655 74.9157 56.6781 55.0275 54.1835 59.2092 48.8493 45.1032 44.8873 44.1133 59.1714 40.9126 40.8902 39.9146 161.621 36.7849 66.508 35.5176 35.4596 30.7136 20.0813 22.5062 17.912 13.5147 11.7104 7.2631
threshold=-1.0000000180025095e-35 1.5000000000000002 66.500000000000014 1.0000000180025095e-35 393.63970947265631 90.639205932617202 -0.96003133058547963 -1.0000000180025095e-35 -191.96870422363278 -127.30684280395506 2.5000000000000004 348.21440124511724 32.500000000000007 -40.003139495849602 -18.398090362548825 2.5000000000000004 22.614761352539066 -66.618366241455064 -46.97898864746093 1.0000000180025095e-35 113.39955902099611 120.61153411865236 -113.14067459106444 78.500000000000014 -0.54526796936988819 10.500000000000002 -49.602500915527337 -113.14067459106444 153.43129730224612 -361.24395751953119
decision_type=2 2 2 2 2 2 2 2 2 2 2 2 2 2 2 2 2 2 2 2 2 2 2 2 2 2 2 2 2 2
left_child=2 3 4 5 6 17 16 13 15 -10 23 12 -8 -5 -15 -9 29 22 -19 21 -21 -7 -2 24 26 -26 -3 -25 -4 -1
right_child=1 10 28 7 -6 19 11 8 9 -11 -12 -13 -14 14 -16 -17 -18 18 -20 20 -22 -23 -24 27 25 -27 -28 -29 -30 -31
leaf_value=-0.0048417712290813068 -0.0045505677884352946 0.0099717187670131865 -0.028764874091711121 0.03559226954107781 0.049442780906243468 0.017969547122154959 0.00035379016396142418 -0.0010589400631817116 0.017068464245961059 0.0018056762373787946 0.031781618112133279 -0.037464177142601356 -0.010105114139294628 -0.024337935748988293 0.016680130987694143 -0.021125841740093066 0.010821889343632644 0.015093608530263848 -0.0038974512623054891 -0.030549077328407198 0.0063639302127888936 0.0040550498596322966 -0.013763255515181634 -0.0029557592813432903 0.018290629933435842 -0.013516523701176628 -0.0063175757802450862 0.031386672712933598 -0.0085152542752882938 -0.033378816230843079
leaf_weight=25.78129487298429 3358.8712562248111 347.76523625105619 1020.7235268075019 197.87102983146906 60.300979375839233 638.53630144149065 1824.3734517283738 614.8921560049057 651.45767259597778 19933.930188708007 366.8343897704035 108.76391665637493 2337.8718293812126 107.29973949491978 403.99203009903431 428.44802474975586 64.670929715037346 1229.5849192589521 12106.551439538598 182.72368487715721 344.97237982600927 1611.3416943922639 1516.6812754496932 31.837343618273735 514.26840109378099 58.661973807960749 318.88333679735661 222.57581973448396 82.289070658385754 347.39428435638547
leaf_count=519 15228 1775 18154 690 184 1941 9563 2527 2196 69124 10153 353 17088 358 1615 1631 560 3993 38499 628 1576 6056 5580 234 8386 1037 1525 3443 558 5472
internal_value=-0.000744389 0.000607496 -0.0111392 -3.4748e-05 -0.00737696 -0.0023916 -0.00815626 0.00217985 0.00172853 0.00229272 0.0155214 -0.00638208 -0.0055259 0.0158361 0.00791974 -0.00936088 -0.0251951 -0.00355831 -0.00214148 0.00525083 -0.00658459 0.0080352 -0.0074276 0.0114362 0.00812225 0.0149452 0.0021909 0.0271149 -0.0272994 -0.0314974
internal_weight=51060.1 45188 5872.17 43327.2 4769.16 20989.3 4708.86 22337.9 21628.7 20585.4 1860.83 4271.01 4162.25 709.163 511.292 1043.34 437.847 18211.7 13336.1 2777.57 527.696 2249.88 4875.55 1493.99 1239.58 572.93 666.649 254.413 1103.01 373.176
internal_count=230646 178195 52451 151642 33739 73501 33555 78141 75478 71320 26553 27004 26651 2663 1973 4158 6551 63300 42492 10201 2204 7997 20808 16400 12723 9423 3300 3677 18712 5991
is_linear=0
shrinkage=0.05


Tree=175
num_leaves=17
num_cat=0
split_feature=2 2 0 6 7 6 3 5 8 5 7 8 8 0 8 0
split_gain=55.7033 43.3535 44.008 30.1262 32.9607 36.7013 26.9547 24.3372 22.7834 18.3639 16.6743 23.7953 17.2922 4.61441 2.70599 5.23026
threshold=2.5000000000000004 -2.4999999999999996 23.500000000000004 6.5000000000000009 0.39562150835990911 2.5000000000000004 -1.0000000180025095e-35 10.500000000000002 184.21182250976565 -4.4999999999999991 0.1113109514117241 -53.472444534301751 139.82307434082034 19.500000000000004 1.6444900035858157 59.500000000000007
decision_type=2 2 2 2 2 2 2 2 2 2 2 2 2 2 2 2
left_child=1 -1 9 4 6 -6 -4 -5 -9 13 12 -12 -11 -3 15 -2
right_child=14 2 3 7 5 -7 -8 8 -10 10 11 -13 -14 -15 -16 -17
leaf_value=-0.031979843182718966 0.0098146459884086296 -0.022503325169953448 -0.0065539354645303451 -0.04489632204459082 0.0049015770567237106 0.023578002065287831 0.0024091010188950317 0.0064380977306700204 -0.03406141084228699 0.0009966210549843459 0.0061846740524289954 -0.0041290009857737524 -0.0092454945762010295 -0.0070267273178385575 -0.032245965032778559 -0.024768618237153969
leaf_weight=92.554507285356522 12.597852155566214 107.64303522929549 856.10658668726683 50.681707413867116 907.80405035242438 367.56777109764516 32841.358340939507 109.36894850619137 45.09366861730814 9751.2535943966359 630.91078771650791 4661.0726615507156 425.30061088502407 95.473084196448326 114.15127106569707 30.318228652700782
leaf_count=5782 515 474 4017 581 4098 2262 141767 888 518 35268 2107 19923 2402 406 8120 1518
internal_value=0.00122851 0.00132149 0.00138524 0.00236692 0.00248 0.0103553 0.00218045 -0.0165117 -0.00608257 -0.000818364 -0.000619663 -0.00289473 0.00056425 -0.0155723 -0.0280391 -0.014652
internal_weight=51099.3 50942.2 50849.6 35178 34972.8 1275.37 33697.5 205.144 154.463 15671.7 15468.5 5291.98 10176.6 203.116 157.067 42.9161
internal_count=230646 220493 214711 154131 152144 6360 145784 1987 1406 60580 59700 22030 37670 880 10153 2033
is_linear=0
shrinkage=0.05


Tree=176
num_leaves=31
num_cat=0
split_feature=2 2 0 8 8 7 8 8 7 4 8 5 0 4 8 8 8 2 0 0 0 8 4 8 4 4 7 6 4 6
split_gain=263.256 142.924 125.59 82.8575 68.0284 61.5562 57.2291 57.1156 49.8329 42.0218 41.6171 41.236 40.6983 40.2476 40.1621 35.9106 114.457 34.9907 27.8866 24.7319 23.8087 22.961 19.1836 16.9871 20.2937 16.6076 15.9156 13.8997 10.5452 10.5055
threshold=1.0000000180025095e-35 -1.4999999999999998 68.500000000000014 19.12481784820557 17.014272689819339 0.049706598743796356 23.550344467163089 25.564900398254398 0.064962290227413191 1.0914610624313357 24.120081901550297 3.5000000000000004 56.500000000000007 -0.26304748654365534 -48.137819290161126 -394.88154602050776 -372.31275939941401 -1.0000000180025095e-35 44.500000000000007 37.500000000000007 36.500000000000007 -354.51507568359369 -1.1796581745147703 1.0000000180025095e-35 -1.1341271996498106 -0.19711234420537946 0.15989807248115542 -1.0000000180025095e-35 0.7058808207511903 1.0000000180025095e-35
decision_type=2 2 2 2 2 2 2 2 2 2 2 2 2 2 2 2 2 2 2 2 2 2 2 2 2 2 2 2 2 2
left_child=1 9 5 4 8 15 13 10 11 12 -8 -3 21 -5 -10 -2 -17 -9 -18 -6 26 -1 -4 -14 -25 -23 29 -15 -28 -7
right_child=2 3 22 6 19 20 7 17 14 -11 -12 -13 23 27 -16 16 18 -19 -20 -21 -22 25 -24 24 -26 -27 28 -29 -30 -31
leaf_value=-0.018841293826033029 -0.035733758566633821 0.0034183523450005944 0.0062483038680798781 0.0074874926088352766 0.011937836268129708 -0.016357974081721651 -0.0055167839393407761 0.0015932541197341472 -0.0068655849668111573 -0.033872832706124699 0.032266698451133717 -0.0048235466087280764 0.029394597158739405 -0.04330260875591338 0.00056342837262428824 0.051377832335664175 0.00021542472042351807 -0.0052095848822570007 -0.0096142223304881147 0.039788165647696938 -0.020997468292072635 0.015033199071770004 -0.027568384581838301 -0.014099014377882883 0.02026375251646554 -0.0041250725667122566 -0.01851446784662494 -0.021151125507076589 -0.0012220364014601515 0.0054359850918558709
leaf_weight=66.518003653734922 76.499880246818066 18525.798577472568 42.020266365259886 98.517114162445068 193.29921281337738 67.098145142197609 113.52873024344444 2572.5189682692289 2698.041374258697 37.482456661760807 192.28843139111996 1648.6497795805335 559.34950467571616 107.27284739911556 5562.1267030760646 91.926352545619011 1750.5714599918574 7101.2902597934008 1222.2166538517922 138.85415799915791 815.04512066021562 533.49186006933451 1001.2786400737241 49.929280281066895 209.33488494902849 140.84680748730898 359.07222848199308 259.03125414997339 117.30937073007226 232.28001108579338
leaf_count=590 260 58043 328 372 545 555 493 7792 9056 197 743 5987 8925 441 19184 266 10570 38428 11963 438 14388 4344 24138 541 1650 829 4076 1443 1927 2134
internal_value=-0.000531672 0.000882787 -0.0105183 0.000284694 0.00166962 -0.0070406 -0.00352874 -0.00272441 0.00140463 0.0155215 0.0183772 0.0027438 0.0168132 -0.0205848 -0.00186582 -0.00297277 -0.00209813 -0.00340064 -0.00383524 0.0239979 -0.0150385 0.00824037 -0.0261831 0.0244746 0.0135046 0.0110308 -0.00868334 -0.028134 -0.0143131 0.00036294
internal_weight=46583.5 40808.2 5775.32 39211.2 28766.8 4732.02 10444.4 9979.63 28434.6 1596.95 305.817 20174.4 1559.47 464.821 8260.17 3141.21 3064.71 9673.81 2972.79 332.153 1590.8 740.857 1043.3 818.614 259.264 674.339 775.76 366.304 476.382 299.378
internal_count=230646 160041 70605 142965 93253 46139 49712 47456 92270 17076 1236 64030 16879 2256 28240 23059 22799 46220 22533 983 23080 5763 24466 11116 2191 5173 8692 1884 6003 2689
is_linear=0
shrinkage=0.05


Tree=177
num_leaves=31
num_cat=0
split_feature=2 2 0 3 8 8 2 3 8 2 8 8 4 5 8 4 8 0 8 4 8 8 8 6 8 8 8 8 4 0
split_gain=244.478 157.128 133.907 91.4984 85.9155 70.4711 64.9048 60.5657 64.3726 50.594 45.2948 64.8568 39.4784 38.4715 37.8131 36.2055 35.5913 30.9899 21.3981 20.6874 17.0276 14.8127 14.0936 12.3379 25.8002 11.6205 11.0217 39.1861 8.56636 3.85614
threshold=-1.0000000180025095e-35 1.5000000000000002 69.500000000000014 -1.0000000180025095e-35 393.63970947265631 -170.74105834960935 -1.4999999999999998 1.0000000180025095e-35 222.81492614746097 2.5000000000000004 -216.81816101074216 -254.63584899902341 0.28522720932960516 -3.4999999999999996 -394.88154602050776 1.4302512407302859 87.607540130615249 78.500000000000014 -0.54526796936988819 0.64601618051528942 -49.602500915527337 -222.32796478271482 -113.14067459106444 -5.4999999999999991 -45.033233642578118 153.43129730224612 -82.447135925292955 -36.567935943603509 0.51116424798965465 78.500000000000014
decision_type=2 2 2 2 2 2 2 2 2 2 2 2 2 2 2 2 2 2 2 2 2 2 2 2 2 2 2 2 2 2
left_child=2 3 4 15 6 10 23 8 -7 17 11 -5 -12 21 -15 26 -9 18 20 -20 -3 -8 -19 24 -1 29 -2 -28 -25 -4
right_child=1 9 25 5 -6 7 13 16 -10 -11 12 -13 -14 14 -16 -17 -18 22 19 -21 -22 -23 -24 28 -26 -27 27 -29 -30 -31
leaf_value=-0.02824269606128112 0.0058161369810945749 0.0090075355362217221 -0.025185144110835934 -0.0088538866117622191 0.051136229794822768 -0.00012507109417467181 -0.032905582775319304 -0.0075966034338563297 0.007799149527750654 0.032015018983503313 -0.026200807694165287 0.010059478686967193 0.0047368276687280294 0.028798029026145394 -0.0046993969896897796 -0.0098278250777055071 -0.033607640586031641 -0.0041053705093629361 0.0031605733507977887 0.022564649970247833 -0.0068936835140825771 -0.013305270171193876 0.031382483079599059 -0.029087391946461157 0.046084132247097481 -0.007452491210345075 0.044705075344269068 0.015329289916465046 0.0029254136705119957 -0.03334400394741268
leaf_weight=24.160508494824171 129.00563835352659 346.63975972682238 396.08136474899948 2014.0757788568735 57.64214651286602 35713.314528226852 118.87566506117582 490.41572125256062 2756.003531999886 345.81516185961664 483.36107320338488 579.97858548909426 128.96445064246655 81.318889029324055 3629.82509836182 118.58006123453379 176.98948632925749 30.848292492330074 235.26858357340097 331.44450161606073 318.14663860946894 519.44999140501022 213.48373338952661 420.08448532409966 14.477995505556462 67.743715383112431 144.82109911739826 515.28575447946787 21.06320571154356 437.66799384355545
leaf_count=801 464 1776 6768 9860 177 116623 1428 1900 13872 10077 2558 2389 398 630 19560 523 586 230 3390 6112 1515 4379 3430 8386 318 497 504 1922 199 9325
internal_value=-0.000699119 0.000543583 -0.0103678 -6.30735e-05 -0.00708536 -0.000400645 -0.00783246 0.0001836 0.000443573 0.014908 -0.00752106 -0.00461402 -0.0196993 -0.00589046 -0.00392764 0.0156003 -0.0146931 0.0108049 0.00751385 0.0146072 0.00140304 -0.0171828 0.0269095 -0.0251952 0.00169701 -0.0280242 0.0194592 0.0220617 -0.0275432 -0.0296413
internal_weight=50860.8 45072.4 5788.39 43250.8 4886.9 42343.1 4829.26 39136.7 38469.3 1821.65 3206.38 2594.05 612.326 4349.47 3711.14 907.693 667.405 1475.83 1231.5 566.713 664.786 638.326 244.332 479.786 38.6385 901.493 789.112 660.107 441.148 833.749
internal_count=230597 178129 52468 151599 35878 148186 35701 132981 130495 26530 15205 12249 2956 25997 20190 3413 2486 16453 12793 9502 3291 5807 3660 9704 1119 16590 2890 2426 8585 16093
is_linear=0
shrinkage=0.05


Tree=178
num_leaves=25
num_cat=0
split_feature=2 0 7 8 8 8 8 8 6 4 2 8 8 8 8 8 0 7 8 5 5 2 8 0
split_gain=55.0499 36.0329 31.054 45.4887 94.4964 82.7398 36.7405 69.9006 37.7153 34.8816 27.6071 19.5845 18.4675 33.627 24.1093 21.219 18.2063 16.5915 25.9459 15.249 11.1351 7.58255 1.37747 3.82005
threshold=2.5000000000000004 25.500000000000004 0.307909905910492 139.82307434082034 130.77565765380862 148.38324737548831 -73.873237609863267 -9.2462801933288556 2.5000000000000004 0.13766863197088244 -1.4999999999999998 133.46868133544925 139.82307434082034 130.77565765380862 148.38324737548831 122.52509689331056 69.500000000000014 0.38838604092597967 269.34574890136724 -4.4999999999999991 1.5000000000000002 1.0000000180025095e-35 1.6444900035858157 59.500000000000007
decision_type=2 2 2 2 2 2 2 2 2 2 2 2 2 2 2 2 2 2 2 2 2 2 2 2
left_child=1 12 3 4 10 21 -4 16 -9 -7 -3 -6 13 15 -14 19 -8 20 -19 -1 -16 -5 23 -2
right_child=22 2 6 5 11 9 7 8 -10 -11 -12 -13 14 -15 17 -17 -18 18 -20 -21 -22 -23 -24 -25
leaf_value=-0.011797756027405355 0.0051311134627612985 -0.0070576098512703869 0.029403929690199816 -0.048200852448566034 0.046801660554353836 -0.012984749615426528 -0.019675266606076623 0.0049965393772073777 0.018373045208076665 0.0022609825402973714 0.0024093134056709636 0.016288326977336742 -0.028532780513045499 0.024467059438212604 -0.0035036683504500268 -0.021380361815717425 0.0021112827260332842 0.022183254224942911 -0.005955218506664816 0.00024421283884433676 -0.014380162265476587 -0.023034378389648433 -0.032131553520233141 -0.025782574294841522
leaf_weight=262.63856590539217 12.151636583730577 787.17734845262021 170.20600448176265 97.284411750733852 128.52342738956213 531.20495216548443 292.18122748658061 1774.5025157751516 748.20412820763886 1245.6196930836886 27954.63978051208 99.753948992118239 102.15362416952848 135.19536429271102 779.75021433830261 111.60579244978726 140.24774558376521 136.25599636137486 191.27375425025821 14837.186468632892 335.11446838080883 65.237831957638264 106.59276415780187 28.636518808081746
leaf_count=1143 508 15467 645 373 463 2846 1118 8094 4787 9637 109760 466 494 461 4581 487 728 674 1654 53595 2420 627 8058 1511
internal_value=0.00136443 0.00145408 0.00239092 0.00190995 0.00240648 -0.00549436 0.00713701 0.00580701 0.00899234 -0.00232058 0.00214885 0.0341027 -0.000433762 9.14699e-05 -0.00563592 -0.000133143 -0.012666 -0.00392135 0.00590824 3.09251e-05 -0.00682262 -0.0390878 -0.0286445 -0.0170181
internal_weight=51073.3 50926 34034.8 30909.4 28970.1 1939.35 3125.34 2955.14 2522.71 1776.82 28741.8 228.277 16891.2 15346.6 1544.55 15211.4 432.429 1442.39 327.53 15099.8 1114.86 162.522 147.381 40.7882
internal_count=230597 220520 155011 139639 126156 13483 15372 14727 12881 12483 125227 929 65509 55686 9823 55225 1846 9329 2328 54738 7001 1000 10077 2019
is_linear=0
shrinkage=0.05


Tree=179
num_leaves=31
num_cat=0
split_feature=2 2 0 3 2 2 7 2 0 7 4 0 0 3 6 7 4 0 4 0 5 7 0 6 4 4 7 6 0 0
split_gain=254.582 131.683 109.795 91.2498 66.2876 65.3027 59.3904 43.031 38.9272 38.7044 36.1306 28.7366 27.4379 21.3671 19.1536 19.0008 18.628 17.0555 15.7746 20.6472 12.3446 8.6626 5.82566 7.43209 6.94452 5.62834 5.37858 4.86621 4.81595 3.98611
threshold=1.0000000180025095e-35 -1.4999999999999998 70.500000000000014 -1.0000000180025095e-35 -1.0000000180025095e-35 1.5000000000000002 0.14601160585880282 -2.4999999999999996 85.500000000000014 0.047000905498862273 -0.13067968934774396 79.500000000000014 85.500000000000014 1.0000000180025095e-35 1.0000000180025095e-35 0.064962290227413191 0.75114825367927562 46.500000000000007 0.66076204180717479 44.500000000000007 -7.4999999999999991 -0.25257201492786402 69.500000000000014 -1.0000000180025095e-35 0.1072625480592251 0.45972216129302984 0.12228645011782648 -1.0000000180025095e-35 77.500000000000014 34.500000000000007
decision_type=2 2 2 2 2 2 2 2 2 2 2 2 2 2 2 2 2 2 2 2 2 2 2 2 2 2 2 2 2 2
left_child=1 7 5 22 12 9 8 -1 -6 13 -8 18 15 16 26 -5 -2 -16 19 -9 21 -4 24 -24 -3 -25 -11 -7 -22 -29
right_child=2 3 20 4 6 27 10 11 -10 14 -12 -13 -14 -15 17 -17 -18 -19 -20 -21 28 -23 23 25 -26 -27 -28 29 -30 -31
leaf_value=0.033719611504475999 -0.0015751975678541951 -0.015512889827324265 -0.022871530180215836 0.0052860292312425505 0.0006481712631502786 -0.0030995514496865162 -0.013978256085781751 0.00033550150317077624 -0.015631004443861281 -0.01398349967560273 -0.0035078725062567609 0.030088318804823211 0.016362986090682891 0.0222569125931446 -0.0053941634564370518 0.00087111262459241647 -0.014045863685362734 -0.019309736779163422 -0.017882049592908036 0.014596602571733348 -0.02301850259350469 0.008526926000243221 -0.026248929266781986 0.0026816260368920982 -0.033397384753387528 -0.016918401244677774 -0.029141877068244205 -0.014732651134233891 -0.032068294473555768 -0.027835360744854126
leaf_weight=249.05568153224885 2498.9750647284091 104.88285284489393 38.733460502699018 5320.3938226699829 21411.761670000851 26.889195600524545 960.5143753066659 394.62629124522209 368.63128054141998 108.39919838681817 5667.8387015536427 169.67733694240451 412.25988741219044 80.813157994300127 782.20189665257931 4497.67112852633 335.51941895857453 305.06706801056862 50.656390972435474 707.42772141098976 324.11764634866267 40.186575058847666 84.164798684418201 69.675383746623993 154.98187255859375 69.558318734169006 182.52936835214496 90.21501100808382 483.5359185570851 394.77438459824771
leaf_count=5866 14540 395 363 18850 72123 458 4151 2593 2016 946 27561 2158 2051 396 7688 13816 2974 4570 260 6294 7362 491 348 362 842 443 1972 2364 13902 12442
internal_value=-0.000735736 0.000650066 -0.0106352 7.91421e-05 0.000350528 -0.00763577 -0.000892325 0.0148183 0.000369123 -0.00560695 -0.00503453 0.0111449 0.00380058 -0.00233441 -0.0124959 0.00326502 -0.00307349 -0.00936913 0.00823854 0.00951453 -0.0267586 -0.00732779 -0.0214008 -0.0148934 -0.0266082 -0.0073572 -0.0238256 -0.0244341 -0.0286005 -0.0255733
internal_weight=46385.7 40693.8 5691.96 39122.3 38639.1 4805.38 28408.7 1571.44 21780.4 4293.51 6628.35 1322.39 10230.3 2915.31 1378.2 9818.06 2834.49 1087.27 1152.71 1102.05 886.574 78.92 483.263 223.399 259.865 139.234 290.929 511.879 807.654 484.989
internal_count=230597 160129 70468 142958 140568 48350 105851 17171 74139 33086 31712 11305 34717 17910 15176 32666 17514 12258 9147 8887 22118 854 2390 1153 1237 805 2918 15264 21264 14806
is_linear=0
shrinkage=0.05


Tree=180
num_leaves=31
num_cat=0
split_feature=2 2 0 8 3 8 6 8 4 2 8 8 8 4 4 8 0 0 0 4 4 8 8 4 8 8 8 6 8 4
split_gain=235.924 154.511 126.563 78.0583 67.8256 60.6245 71.9588 59.458 49.8235 44.3531 41.017 54.2303 54.4708 44.1744 39.8669 33.5303 30.2644 29.5771 29.0774 28.8534 27.6992 26.7565 26.2926 25.6545 25.1346 22.9917 48.0951 15.524 14.2416 13.8973
threshold=-1.0000000180025095e-35 1.5000000000000002 54.500000000000007 -170.74105834960935 1.0000000180025095e-35 222.81492614746097 1.5000000000000002 -127.30684280395506 -0.96003133058547963 2.5000000000000004 -216.81816101074216 -254.63584899902341 -322.24613952636713 0.28522720932960516 0.67575129866600048 -23.128694534301754 77.500000000000014 34.500000000000007 73.500000000000014 0.22598905861377719 -0.21303790062665937 48.307966232299812 87.607540130615249 -0.1120820641517639 -198.72866058349607 113.39955902099611 66.59814834594728 1.0000000180025095e-35 -113.14067459106444 0.14864885061979297
decision_type=2 2 2 2 2 2 2 2 2 2 2 2 2 2 2 2 2 2 2 2 2 2 2 2 2 2 2 2 2 2
left_child=2 3 8 10 5 7 -7 -5 21 16 11 12 -2 24 22 -4 25 19 27 20 -10 -1 -6 -13 -12 26 -3 29 -18 -17
right_child=1 9 15 4 14 6 -8 -9 17 -11 13 23 -14 -15 -16 18 28 -19 -20 -21 -22 -23 -24 -25 -26 -27 -28 -29 -30 -31
leaf_value=-0.030736793842150664 -0.0026850873073903203 0.0073447831496473801 -0.028725815023093678 0.010429719868189941 -0.013892843130110105 0.01383416073878904 -0.0028312120769456626 -0.00017380635579193593 0.0042450021365999452 0.031397405723975036 -0.01181136417069999 -0.0061351574243386411 -0.019788024839110796 0.0063000431334711629 0.011793994085411423 -0.0088879944311997874 -0.0041196647552219296 -0.0087566027673492679 -0.026342607247777247 0.017606177231171437 -0.0080171557635274303 0.015742633149809747 -0.038661790520151534 0.015714302192814278 -0.035568751916678562 0.021428276571835374 -0.034717531512657926 -0.019825124716046201 0.030878791132098717 0.010150328351053669
leaf_weight=248.76578494906425 1325.2486070245504 894.17001585289836 805.41321560554206 1368.8304232135415 423.89930065721273 1796.8146280646324 1008.9677818417549 35077.369717441499 956.35596535168588 327.84643390774727 192.17790106683969 198.94395127892494 714.25441139191389 131.12706181406975 111.68642528355122 336.31461354531348 32.025383703410625 1541.3368033710867 362.6861611828208 212.90892463922501 879.39465741440654 32.157694824039936 143.88735533505678 395.03940962255001 284.91132234036922 238.11469347402453 68.574333377182484 211.69334918633103 224.56633901037276 128.62263462692499
leaf_count=3734 6245 7010 15930 4670 1668 8772 5471 114680 5638 10133 929 915 3774 401 383 3653 237 10160 5635 795 4256 218 485 1521 1623 4393 1106 1411 3700 923
internal_value=-0.000726638 0.000490219 -0.0102903 -0.000106632 0.0004995 0.000771505 0.00784687 0.000225812 -0.00514161 0.0148836 -0.00756228 -0.00483965 -0.00870845 -0.0192153 -0.0151046 -0.0210511 0.0110743 -0.00353644 -0.0149946 0.000402779 -0.00163486 -0.025234 -0.0204524 0.0084061 -0.0262207 0.00767869 0.00418488 -0.00876319 0.0265154 -0.00356918
internal_weight=50674.1 44958.5 5715.65 43173.2 39931.5 39252 2805.78 36446.2 3870.92 1785.3 3241.7 2633.49 2039.5 608.216 679.473 1844.73 1457.45 3590 1039.32 2048.66 1835.75 280.923 567.787 593.983 477.089 1200.86 962.744 676.631 256.592 464.937
internal_count=230469 178116 52353 151537 136129 133593 14243 119350 24801 26579 15408 12455 10019 2953 2536 27552 16446 20849 11622 10689 9894 3952 2153 2436 2552 12509 8116 5987 3937 4576
is_linear=0
shrinkage=0.05


Tree=181
num_leaves=31
num_cat=0
split_feature=8 8 7 8 5 8 8 8 4 8 9 8 8 6 8 5 5 8 8 4 8 8 8 8 4 4 4 8 4 7
split_gain=40.5225 47.7549 76.3957 74.4283 75.4277 44.5965 83.3903 82.1891 40.1716 78.5384 76.1211 70.4484 59.3098 97.3262 54.2987 43.2082 28.2608 27.5551 107.892 86.8455 82.1106 58.7095 57.7013 43.7399 21.6113 14.0682 11.0814 8.03951 4.47087 1.33019
threshold=247.85845947265628 303.84550476074224 0.46161034703254705 312.58627319335943 -1.4999999999999998 369.94026184082037 342.64604187011724 384.61386108398443 0.93829354643821727 37.442897796630866 1.0000000180025095e-35 -210.06182098388669 44.725833892822273 1.5000000000000002 32.219675064086921 16.500000000000004 12.500000000000002 -130.9697570800781 -62.530506134033196 0.077509440481662764 -177.2028884887695 -198.72866058349607 -155.41359710693357 -14.519459724426268 0.45071975886821752 -1.0000000180025095e-35 0.58183753490448009 92.387344360351577 -0.14967510849237439 0.38838604092597967
decision_type=2 2 2 2 2 2 2 2 2 2 2 2 2 2 2 2 2 2 2 2 2 2 2 2 2 2 2 2 2 2
left_child=8 2 25 24 -5 6 -6 -7 16 11 12 -10 -11 -14 15 -13 17 20 19 -19 21 -1 -22 -20 -3 28 -18 -12 -2 -27
right_child=1 3 -4 4 5 7 -8 -9 9 10 27 14 13 -15 -16 -17 26 18 23 -21 22 -23 -24 -25 -26 29 -28 -29 -30 -31
leaf_value=-0.00049742229937646825 -0.02022288557852835 0.063969595098068627 0.033907803413058331 0.034316681691668204 7.2267065910888744e-05 0.027049651885682719 -0.036058614550893979 -0.011249034416406747 0.037804273427783246 0.06486863217787231 -0.03964682207835607 -0.0016124050535899067 0.044652092039836742 0.0086511096941539068 -0.036189592159907399 0.034923560670332636 -0.029907802191208224 0.0041363974302588199 -0.0022810251714955802 0.017836568111694515 -0.022815440869770838 0.015925058250800161 -0.0036276339259059213 0.0017996098474871187 0.014027551179134991 -0.035199207263958886 -0.0071732882414422237 -0.0078412957536821478 0.0020477164050843213 -0.018640600254437475
leaf_weight=5239.8390909507871 42.472146335989237 45.19025019928813 51.976827821694314 109.38731212355196 330.71758159529418 204.16487793251872 303.78626322280616 419.20624025352299 113.98669547587633 67.363245638087392 48.377329451031983 1507.2812919951975 246.20778487622738 757.09466488379985 103.66162750869989 80.497036653570831 86.266234302893281 3887.5732165463269 9052.4823151072487 1644.4652324896306 660.44676789827645 602.25547081790864 958.48703186400235 23878.98171489872 44.427540518343449 257.56940285209566 140.64976138435304 36.436249928548932 41.309734339825809 32.100242152810097
leaf_count=24900 394 375 532 754 3302 1442 3725 4433 491 472 615 9789 1336 7274 657 752 380 15033 34726 5955 3548 2620 4221 96314 437 4116 687 322 413 454
internal_value=0.0012229 -0.00596716 -0.0206005 -0.00163818 -0.0045901 -0.00809599 -0.0173731 0.00140988 0.00149905 0.00713984 0.0172884 0.000614903 0.020921 0.0176633 -0.00199534 0.000343708 0.00113642 0.00122421 0.00176361 0.00822137 -0.00155584 0.00120772 -0.0115015 0.000677714 0.0412607 -0.0285347 -0.0162747 -0.0271802 -0.00974517 -0.0337117
internal_weight=50994.7 1882.31 425.428 1456.88 1367.26 1257.87 634.504 623.371 49112.4 2960.91 1155.48 1805.43 1070.67 1003.3 1691.44 1587.78 46151.4 45924.5 38463.5 5532.04 7461.03 5842.09 1618.93 32931.5 89.6178 373.452 226.916 84.8136 83.7819 289.67
internal_count=230469 20377 5909 14468 13656 12902 7027 5875 210092 21708 10019 11689 9082 8610 11198 10541 188384 187317 152028 20988 35289 27520 7769 131040 812 5377 1067 937 807 4570
is_linear=0
shrinkage=0.05


Tree=182
num_leaves=31
num_cat=0
split_feature=2 2 0 3 3 2 2 7 5 4 0 7 0 3 4 2 4 4 6 0 4 5 4 4 0 6 4 0 4 5
split_gain=231.817 139.558 108.029 80.6631 76.0548 58.5142 57.8061 55.487 44.7372 52.591 36.7432 35.8108 33.0741 30.3262 26.7197 20.576 19.8709 19.8656 18.4747 14.3375 13.9281 13.0602 35.7331 26.9146 12.9605 13.4825 10.8446 4.6515 8.71841 8.28259
threshold=1.0000000180025095e-35 -1.4999999999999998 66.500000000000014 1.0000000180025095e-35 -1.0000000180025095e-35 -1.0000000180025095e-35 1.5000000000000002 0.14601160585880282 -1.0000000180025095e-35 0.20155556499958041 63.500000000000007 0.059720875695347793 84.500000000000014 1.0000000180025095e-35 -0.90008330345153797 -2.4999999999999996 -1.1796581745147703 0.75114825367927562 1.0000000180025095e-35 65.500000000000014 1.2742908000946047 -3.4999999999999996 -0.90008330345153797 -0.56362915039062489 77.500000000000014 -2.4999999999999996 0.95650944113731395 35.500000000000007 0.75114825367927562 5.5000000000000009
decision_type=2 2 2 2 2 2 2 2 2 2 2 2 2 2 2 2 2 2 2 2 2 2 2 2 2 2 2 2 2 2
left_child=1 10 6 4 -3 12 11 -7 14 -10 15 13 -6 17 -5 -1 -4 -2 -13 -16 -20 23 -23 -17 25 -18 -12 28 -8 -30
right_child=2 3 16 8 5 7 27 -9 9 -11 26 18 -14 -15 19 21 24 -19 20 -21 -22 22 -24 -25 -26 -27 -28 -29 29 -31
leaf_value=0.0324621554985648 -0.0010606032703121373 -0.020226536396253852 0.0078057873864430544 0.0067887956992453069 0.0027583556379407624 0.00016344940054137283 -0.025897686881650797 -0.0050923627894648412 -0.01103407945989923 0.027597377954839249 0.026642838112330799 -0.024012004897832576 0.016531163347967542 0.027622865312837492 0.042618825248566555 0.02157657895245832 0.010706247809051064 -0.014051029878616837 -0.010417484962384453 0.020895569268526225 0.011899777899975705 -0.022043199170743866 0.008941938464582579 -0.015401636332796448 -0.031614625169333145 -0.021861754154967272 -0.005148414082110208 -0.026525238486821534 0.016860063106963807 -0.024713293949051057
leaf_weight=81.657116374000907 2464.5662333145738 461.06465824320912 44.429424215108156 142.1382405385375 9450.3373905867338 21233.925409682095 52.06971525773406 6572.0625864416361 249.56551928818226 129.76621644198895 574.95101552084088 247.47198870033026 452.29662167280912 80.471233889460564 179.77081447839737 256.11589194461703 30.939352633431554 329.38075500354171 915.67301715537906 160.1883235424757 71.552741460502148 115.95367333292961 398.60920830816031 56.824440866708755 491.08578274678439 520.42836339119822 26.572711646556854 345.04969558212906 31.149046653881669 12.985681239515541
leaf_count=1833 14039 2307 336 587 31224 72403 1163 31583 846 523 9068 2556 2262 361 541 2175 269 2822 10093 599 1002 770 2566 403 14392 11465 175 10728 902 476
internal_value=-0.00055305 0.000768371 -0.0100487 0.000190292 -0.000152126 9.59741e-05 -0.0066509 -0.00107948 0.015276 0.00236852 0.0156541 -0.00478819 0.00339545 -0.00172141 0.0253036 0.00923001 -0.0241782 -0.00261442 -0.011892 0.0328341 -0.00874815 0.00675629 0.00181468 0.0147254 -0.0255721 -0.0199544 0.0252076 -0.0237491 -0.0129736 0.00335791
internal_weight=46179.1 40541.8 5637.25 39031.1 38169.7 37708.6 4550.37 27806 861.429 379.332 1510.68 4109.12 9902.63 2874.42 482.097 909.16 1086.88 2793.95 1234.7 339.959 987.226 827.503 514.563 312.94 1042.45 551.368 601.524 441.254 96.2044 44.1347
internal_count=230469 159865 70604 142875 139779 137472 44142 103986 3096 1369 16990 30873 33486 17222 1727 7747 26462 16861 13651 1140 11095 5914 3336 2578 26126 11734 9243 13269 2541 1378
is_linear=0
shrinkage=0.05


Tree=183
num_leaves=27
num_cat=0
split_feature=2 2 0 3 8 2 8 0 8 4 4 8 8 8 0 8 8 7 4 8 8 8 0 8 8 8
split_gain=228.252 123.46 118.314 85.5925 78.4005 77.4591 76.7808 63.8299 61.2996 59.0622 53.9991 46.2576 44.257 41.5855 40.3002 38.8694 16.2342 14.0341 13.2761 12.0865 11.5482 6.41844 3.83294 2.87187 8.90699 1.5736
threshold=-1.0000000180025095e-35 2.5000000000000004 69.500000000000014 -1.0000000180025095e-35 393.63970947265631 1.0000000180025095e-35 -25.19881439208984 80.500000000000014 -14.519459724426268 -0.93012794852256764 1.5216109156608584 -40.924243927001946 242.39675140380862 348.21440124511724 34.500000000000007 77.415805816650405 -9.2462801933288556 0.018903659656643871 0.29989066720008856 -1.2817159891128538 153.43129730224612 22.614761352539066 78.500000000000014 -20.352562904357907 -1.0000000180025095e-35 -245.087776184082
decision_type=2 2 2 2 2 2 2 2 2 2 2 2 2 2 2 2 2 2 2 2 2 2 2 2 2 2
left_child=2 3 4 10 9 6 11 12 -8 15 17 -5 -7 14 -11 21 -9 18 -2 -19 22 -1 23 25 -25 -4
right_child=1 -3 20 5 -6 7 8 16 -10 13 -12 -13 -14 -15 -16 -17 -18 19 -20 -21 -22 -23 -24 24 -26 -27
leaf_value=-0.030431064722210674 0.040769399629447804 0.031542325802910061 -0.017409043784463521 -0.0032650269531622057 0.04889120260099343 0.0014052411777590523 0.009408688453905566 0.0082800869692025766 -0.000413540570776382 8.7071765653109267e-05 -0.016110242582080363 -0.011860205249913051 0.013682547550681443 -0.035436233620736966 -0.0097775195145518648 0.028337101724644931 0.021415576224822413 0.0079543579008968923 0.01571220253523303 0.022463438319628055 -0.006829888219271267 -0.0084718999848087551 -0.033002939053470362 0.0021266440340161302 -0.024547361953625547 -0.032366686165256536
leaf_weight=393.83222328685224 128.68001348152757 312.82017250545323 43.356885422021151 8374.4706802964211 56.737469241023064 9810.0367949940264 1719.867973536253 429.70292176306248 20082.764597669244 1945.22459298186 116.68753353878856 1922.384007178247 788.576834872365 111.82835928350687 2208.2896325755864 28.415562286973 542.49792065098882 291.85600990056992 103.70759770274162 294.55963097885251 66.463668204843998 41.421394037082791 402.05689549259841 38.435270953923464 147.35456019081175 143.06014956533909
leaf_count=6945 509 10130 1226 33379 176 42579 5240 2343 60908 10313 771 6431 7873 378 17262 181 5237 1063 509 1356 500 457 9269 600 2031 2870
internal_value=-0.000700059 0.000489524 -0.010189 0.00026824 -0.00713364 -5.31586e-05 -0.00131747 0.00345332 0.000363251 -0.00785674 0.0151922 -0.00487469 0.00232474 -0.00599732 -0.00516306 -0.0247152 0.0156819 0.0197238 0.0301536 0.0153706 -0.0274364 -0.0284612 -0.0291502 -0.0246061 -0.0191181 -0.0294334
internal_weight=50545.1 44918.6 5626.48 44605.8 4785.75 43670.3 32099.5 11570.8 21802.6 4729.01 935.491 10296.9 10598.6 4265.34 4153.51 463.669 972.201 818.803 232.388 586.416 840.727 435.254 774.264 372.207 185.79 186.417
internal_count=230536 178328 52208 168198 35712 163990 105958 58032 66148 35536 4208 39810 50452 27953 27575 7583 7580 3437 1018 2419 16496 7402 15996 6727 2631 4096
is_linear=0
shrinkage=0.05


Tree=184
num_leaves=26
num_cat=0
split_feature=2 8 8 8 8 8 4 4 8 8 8 8 8 8 8 8 4 8 6 8 8 8 0 4 0
split_gain=47.5072 34.491 52.0631 112.636 68.4334 66.3342 72.3095 58.621 68.9879 50.1295 48.7805 134.749 75.2258 40.9351 85.5995 79.4096 38.8698 34.246 44.7537 44.4146 30.9424 2.18349 3.68769 1.42654 0.211983
threshold=2.5000000000000004 -388.37040710449213 -130.9697570800781 -62.530506134033196 -177.2028884887695 -230.11035156249997 -0.82163146138191212 0.077509440481662764 -72.363105773925767 -66.618366241455064 -155.41359710693357 -149.64546966552732 -165.65875244140622 -14.519459724426268 -1.2817159891128538 -31.164384841918942 0.01815634407103062 -434.33631896972651 1.0000000180025095e-35 -419.80076599121088 -394.88154602050776 1.6444900035858157 53.500000000000007 -0.069683499634265886 72.500000000000014
decision_type=2 2 2 2 2 2 2 2 2 2 2 2 2 2 2 2 2 2 2 2 2 2 2 2 2
left_child=1 17 4 7 5 16 -7 9 -9 -4 12 -12 -6 15 -15 -5 -3 23 19 -19 -21 22 -2 -1 -24
right_child=21 2 3 13 10 6 -8 8 -10 -11 11 -13 -14 14 -16 -17 -18 18 -20 20 -22 -23 24 -25 -26
leaf_value=-0.003753737416305239 0.011427918807069958 -0.0072502466478905755 0.0063413733963853221 0.0018450240940876168 -0.0070072154517711862 0.034012412362104241 0.0039772266085929724 0.010204025686040867 0.032769739193701297 -0.015269241781969416 0.03424026999592366 -0.013270332282799713 -0.040708463095534317 0.0093563421101972126 0.00075217979760476279 -0.0073659887860139106 0.0042061500069071013 0.041931341792028884 -0.0056384711877919694 0.0040103391233300284 0.031141743467272068 -0.031972364562982129 -0.0099085217362100252 -0.012619525735607815 -0.026165981871562397
leaf_weight=88.758309188298881 7.566801647655665 2404.7231835769489 3585.0955635886639 5571.3746608803049 373.37476736679673 236.4190736617893 1189.9563447125256 1482.2724345754832 437.48934395425022 285.30652518663555 177.46105333976448 816.12144706118852 296.25168240815401 3270.9616958787665 24586.017299714498 4027.3260122025385 1064.858760134317 177.25761840678751 207.84869089908898 331.06974395737052 150.2075869422406 97.571911239996552 12.548009308986368 102.46521657705307 17.290675439871848
leaf_count=577 328 12943 13826 21130 1822 1733 4507 5422 1597 1122 895 3527 1777 12534 113042 15886 3993 811 742 1574 571 8130 662 375 1010
internal_value=0.00127827 0.0013582 0.0011679 0.00179752 -0.00298151 -1.47803e-06 0.00905692 0.00828446 0.0154182 0.0047307 -0.0117275 -0.00465564 -0.0221083 0.000793749 0.00176398 -0.00202146 -0.00373314 0.0102721 0.0144866 0.0208331 0.0127112 -0.0278115 -0.0144679 -0.00870489 -0.0217325
internal_weight=50997.6 50862.6 49805 43245.8 6559.17 4895.96 1426.38 5790.16 1919.76 3870.4 1663.21 993.583 669.626 37455.7 27857 9598.7 3469.58 1057.61 866.384 658.535 481.277 134.977 37.4055 191.224 29.8387
internal_count=230536 220406 215756 184559 31197 23176 6240 21967 7019 14948 8021 4422 3599 162592 125576 37016 16936 4650 3698 2956 2145 10130 2000 952 1672
is_linear=0
shrinkage=0.05


Tree=185
num_leaves=31
num_cat=0
split_feature=2 2 0 2 7 8 8 0 4 8 6 8 8 8 7 0 0 0 8 7 8 8 4 5 8 6 8 5 0 6
split_gain=212.396 117.211 112.838 76.9925 64.9043 50.4192 48.5981 46.2201 43.751 53.2183 51.7617 41.8549 54.2845 41.5955 36.227 30.7803 29.4727 29.3008 27.9882 22.9834 22.8992 22.7931 21.7149 25.9524 23.5221 18.9995 18.9596 18.1845 19.2959 27.5513
threshold=1.0000000180025095e-35 -1.0000000180025095e-35 64.500000000000014 -2.4999999999999996 0.21922499686479571 11.03136730194092 7.8179750442504892 81.500000000000014 0.13766863197088244 -27.773578643798825 1.0000000180025095e-35 19.12481784820557 17.014272689819339 20.889002799987797 -0.053878191858530038 86.500000000000014 67.500000000000014 43.500000000000007 348.21440124511724 0.11967461928725244 15.063652038574221 -388.37040710449213 -0.12474700435996054 7.5000000000000009 179.729362487793 -1.4999999999999998 247.85845947265628 2.5000000000000004 74.500000000000014 2.5000000000000004
decision_type=2 2 2 2 2 2 2 2 2 2 2 2 2 2 2 2 2 2 2 2 2 2 2 2 2 2 2 2 2 2
left_child=1 3 5 -1 11 6 8 14 10 -10 -2 12 15 -13 21 -3 -15 19 -16 20 -7 -5 -6 24 -24 -19 -25 28 29 -4
right_child=2 4 27 7 22 17 -8 -9 9 -11 -12 13 -14 16 18 -17 -18 25 -20 -21 -22 -23 23 26 -26 -27 -28 -29 -30 -31
leaf_value=0.033549383459954389 -0.0057150270098790942 0.00092533905093908613 -0.014305001400199467 -0.0072626080019529138 -0.015789147665289483 -0.035293208045867157 0.033289014463025332 0.014965229749915685 -0.0015783035661128362 -0.020752736130961822 0.014709024493105233 -0.033588273609073446 0.024811726871343601 -0.0020924122253900062 0.00062258817138178223 -0.016303209168039144 -0.014519684752232455 0.021408246391789423 0.019480790252301358 -0.016406638109300375 0.0022282367060003886 0.0083235903714642349 -0.0020897302100991982 -0.023410509039399289 -0.013054052698813568 -0.023837658567513874 0.0044625552319645448 -0.030340908317428507 -0.026043159022100026 0.027702798639597511
leaf_weight=223.47063394077122 675.38652459159493 18546.744493216276 272.74968402087688 247.75771977007389 568.96084790676832 39.316982544958591 88.621116613969207 918.52392231300473 934.70660879090428 586.41753742098808 565.716817477718 111.73555533587933 231.07069718837738 4576.5135070979595 6766.6225555986166 257.93034128844738 528.02089700102806 20.467680111527443 197.65762546658516 429.49039159342647 488.60715184174478 3477.3451274633408 2860.3104751259089 296.42595028504729 585.81378925591707 568.37099363654852 74.68823254853487 539.33700803946704 323.74706829618663 40.687498987652361
leaf_count=5767 2913 56966 3415 1212 2657 232 513 5648 5819 5439 2566 694 662 22397 23705 1330 3253 233 619 7254 5275 15257 12296 2086 4721 11813 612 17660 6694 828
internal_value=-0.000647305 0.000613392 -0.00979346 0.00479873 -0.00111624 -0.00609918 -0.00214782 0.00423103 -0.00334285 -0.00901413 0.00361628 -0.000103446 0.000984067 -0.00406925 0.00330209 0.000684756 -0.00339086 -0.0133539 0.00117141 -0.00788926 -0.000871071 0.0072786 -0.00670967 -0.00533749 -0.00396979 -0.0220979 -0.0178162 -0.0235161 -0.0175482 -0.00850258
internal_weight=46043.2 40469.6 5573.62 11831.4 28638.2 4397.1 2850.85 11607.9 2762.23 1521.12 1241.1 24252 19035.7 5216.27 10689.4 18804.7 5104.53 1546.25 6964.28 957.415 527.924 3725.1 4386.2 3817.24 3446.12 588.839 371.114 1176.52 637.184 313.437
internal_count=230536 159882 70654 52208 107674 42057 17250 46441 16737 11258 5479 85302 58958 26344 40793 58296 25650 24807 24324 12761 5507 16469 22372 19715 17017 12046 2698 28597 10937 4243
is_linear=0
shrinkage=0.05


Tree=186
num_leaves=31
num_cat=0
split_feature=2 2 0 3 8 8 2 5 8 8 2 8 8 4 8 8 8 4 0 4 6 8 6 8 8 8 8 8 4 0
split_gain=178.783 132.775 123.806 76.4819 72.7458 59.6557 55.9277 49.6476 95.7965 56.5056 43.1495 40.3247 44.4963 33.6293 49.2603 45.2484 33.026 33.0846 28.4443 26.0756 43.526 22.7735 15.6893 31.1294 14.0529 12.5777 12.1124 10.9717 8.0898 4.35199
threshold=-1.0000000180025095e-35 1.5000000000000002 69.500000000000014 1.0000000180025095e-35 393.63970947265631 -170.74105834960935 -1.4999999999999998 1.0000000180025095e-35 -155.41359710693357 82.886116027832045 2.5000000000000004 -394.88154602050776 -185.26108551025388 0.53424280881881725 -198.72866058349607 -287.51872253417963 87.607540130615249 0.092304568737745299 78.500000000000014 0.866277575492859 1.5000000000000002 -26.139101028442379 -5.4999999999999991 -27.185948371887203 -113.14067459106444 153.43129730224612 -4.0424249172210684 -64.778663635253892 0.46918581426143652 76.500000000000014
decision_type=2 2 2 2 2 2 2 2 2 2 2 2 2 2 2 2 2 2 2 2 2 2 2 2 2 2 2 2 2 2
left_child=2 3 4 5 6 13 22 9 -9 -7 18 -8 -13 14 -2 -15 17 27 19 20 -3 -21 23 -1 -20 29 -19 -5 -24 -4
right_child=1 10 25 16 -6 7 11 8 -10 -11 -12 12 -14 15 -16 -17 -18 26 24 21 -22 -23 28 -25 -26 -27 -28 -29 -30 -31
leaf_value=-0.027658652414858889 -0.0060032397506330432 0.015542911750513092 -0.023114084768567651 -0.034483296439009679 0.04715461535199944 -0.0025413678209759666 0.026177222444832927 0.040983094936263592 0.0019441642430469493 0.0049623556827461494 0.031047400726824867 -0.020465744762035568 -0.0039715898079878175 -0.0083337982747365685 -0.027023600177338583 0.027607302178501637 -0.034569270884284319 -0.0065665250312847093 -0.0046456540216899449 -0.00012226855045825678 -0.0086475796762585985 0.023986811821427298 -0.02798561236120662 0.057230919863721398 0.031128028799837268 -0.0055921334683794021 0.014624475426247736 -0.013623393540415363 0.0042890927731670161 -0.032251892160012403
leaf_weight=21.774955125525594 2533.1654800921679 312.31955580413342 287.46675596944988 103.32185306400061 58.393152996897697 15444.958924598992 96.207721881568432 153.36796036362648 20581.75349035114 2990.4789510667324 297.65888286195695 454.76240015029907 3740.8726262226701 188.07661806046963 309.08298293501139 156.10259360074997 180.19213960319757 149.43152288347483 30.425333216786385 141.95855661481619 444.25844626501203 310.60558631643653 385.81557545810938 13.198296833783386 195.18678791448474 65.433393985033035 114.95761558413506 180.22686797380447 19.130941655486822 463.69618053548038
leaf_count=821 12336 2564 5175 524 182 50299 796 498 71898 10902 10135 4194 21064 654 1678 484 596 524 229 779 4240 5272 8361 297 3440 502 399 798 203 10887
internal_value=-0.000755108 0.000298318 -0.00916842 -0.000248124 -0.00608543 2.90053e-05 -0.00679153 0.000564511 0.00224273 -0.00132315 0.01385 -0.00503558 -0.00578161 -0.00654451 -0.00833256 0.0081292 -0.0162596 -0.00998028 0.0101867 0.00708276 0.00137487 0.0165057 -0.0236734 0.00752869 0.0263076 -0.0271061 0.00274784 -0.0216903 -0.0264271 -0.0289309
internal_weight=50424.3 44817.5 5606.75 43085.1 4790.16 42357 4731.76 39170.6 20735.1 18435.4 1732.41 4291.84 4195.64 3186.43 2842.25 344.179 728.13 547.938 1434.75 1209.14 756.578 452.564 439.92 34.9733 225.612 816.596 264.389 283.549 404.947 751.163
internal_count=230731 178249 52482 151590 35918 148749 35736 133597 72396 61201 26659 26054 25258 15152 14014 1138 2841 2245 16524 12855 6804 6051 9682 1118 3669 16564 923 1322 8564 16062
is_linear=0
shrinkage=0.05


Tree=187
num_leaves=31
num_cat=0
split_feature=8 8 8 4 8 2 8 8 5 8 7 8 8 4 8 8 8 8 8 4 8 4 5 7 8 6 8 8 5 5
split_gain=42.1046 45.7558 107.891 64.3776 79.5758 87.9133 58.7003 57.2022 67.818 50.7107 59.3092 55.705 122.292 48.844 38.6047 95.1444 153.731 83.7574 135.7 93.5259 76.0101 37.7934 55.863 33.5539 31.9535 46.2512 36.9374 30.3682 62.0445 23.9036
threshold=-388.37040710449213 -130.9697570800781 -62.530506134033196 0.087527021765708937 -72.363105773925767 1.0000000180025095e-35 -68.484180450439439 -138.78073883056638 -1.0000000180025095e-35 -144.44563293457028 -0.11375826224684714 -165.65875244140622 -155.41359710693357 -0.67229962348937977 -14.519459724426268 -1.2817159891128538 1.0000000180025095e-35 -16.122902870178219 -16.918650627136227 -0.25545109808444971 -4.9511625766754142 -1.3821108937263487 -4.4999999999999991 0.20372539013624194 -434.33631896972651 1.0000000180025095e-35 -419.80076599121088 -394.88154602050776 -1.0000000180025095e-35 -1.4999999999999998
decision_type=2 2 2 2 2 2 2 2 2 2 2 2 2 2 2 2 2 2 2 2 2 2 2 2 2 2 2 2 2 2
left_child=24 7 3 21 5 -5 -6 9 -9 11 -11 13 -13 -2 17 20 -17 18 -4 -19 -16 22 -3 -23 -1 26 29 28 -28 -26
right_child=1 2 14 4 6 -7 -8 8 -10 10 -12 12 -14 -15 15 16 -18 19 -20 -21 -22 23 -24 -25 25 -27 27 -29 -30 -31
leaf_value=-0.0075846867073146853 0.0091505675790641491 0.052777296403622546 -0.002026970291256341 0.017681025811324927 0.059067232969771455 -0.0087614932467080311 0.020431004493301579 0.0015714844392935646 -0.039153493232504964 -0.0070747866342802147 0.046189975829673449 -0.040306082503244439 0.0029026796621561095 -0.0031070175809225706 0.005469660939918756 -0.011836659877244367 0.0017725293522059687 0.012266588202543326 0.038991044740908067 -0.03951312067904144 0.023706451304815097 0.0017679704246534634 -0.013807463753140715 0.017789576916516267 0.020877761608736653 -0.0048916884950506966 -0.016050034500186897 0.032024366764776123 0.026997623647131399 0.058579268935646835
leaf_weight=186.08596670441329 998.35946621093899 86.063811149448156 8964.4503919184208 1042.4508748352528 148.60047503188252 445.4932620646432 299.37105708569288 184.87613849248737 222.64163203164935 92.293373487889767 112.07649378012866 287.78533895779401 370.17378776054829 4273.0470339274034 2560.0699259554967 2281.6065057395026 22429.001408260316 121.62504086643457 201.27884782571346 286.51527835614979 732.38235136400908 3422.6297114947811 45.499921324662864 356.49039965774864 91.244803204201162 216.88241688907146 165.06324960011989 153.61991343088448 160.11570572387427 89.55382015556097
leaf_count=942 7690 958 35110 3282 489 2276 1136 789 1024 419 472 1803 1758 17515 9961 10469 111277 480 876 1126 3032 12410 463 1261 477 771 909 567 648 341
internal_value=0.00124772 0.00103768 0.00162498 0.00794038 0.0153867 0.00976126 0.0337579 -0.00285932 -0.0208829 -0.00164582 0.0225411 -0.00249777 -0.0161579 -0.000779064 0.000641444 0.00157847 0.000513811 -0.0020987 -0.00110545 -0.0241212 0.0095561 0.00423924 0.0300872 0.00330082 0.0110733 0.0150551 0.0216013 0.0140718 0.00523416 0.0406261
internal_weight=51027.3 49964.8 43423.5 5846.6 1935.92 1487.94 447.972 6541.25 407.518 6133.74 204.37 5929.37 657.959 5271.41 37576.9 28003.1 24710.6 9573.87 9165.73 408.14 3292.45 3910.68 131.564 3779.12 1062.57 876.48 659.597 478.799 325.179 180.799
internal_count=230731 226076 194606 22275 7183 5558 1625 31470 1813 29657 891 28766 3561 25205 172331 134739 121746 37592 35986 1606 12993 15092 1421 13671 4655 3713 2942 2124 1557 818
is_linear=0
shrinkage=0.05


Tree=188
num_leaves=31
num_cat=0
split_feature=2 2 8 8 2 5 8 8 8 3 0 8 0 8 5 8 2 8 0 0 5 8 8 3 6 8 7 6 8 8
split_gain=186.689 115.584 97.1812 96.115 77.6123 67.7756 63.7265 61.1005 73.4317 58.6911 55.7702 46.6946 39.2534 35.6804 54.5588 43.7178 27.4666 23.6092 23.2561 22.7191 20.0578 13.9419 54.6082 13.0409 10.8036 15.5549 10.7856 9.49446 7.72086 3.7797
threshold=1.5000000000000002 -1.0000000180025095e-35 42.778856277465827 49.591728210449226 -2.4999999999999996 5.5000000000000009 62.377737045288093 11.03136730194092 -66.618366241455064 1.0000000180025095e-35 84.500000000000014 56.387886047363288 72.500000000000014 -135.04876708984372 -3.4999999999999996 -43.726846694946282 -1.4999999999999998 -27.185948371887203 74.500000000000014 34.500000000000007 -1.4999999999999998 45.573215484619148 44.725833892822273 -1.0000000180025095e-35 2.5000000000000004 -82.447135925292955 -0.059445491060614579 -1.4999999999999998 11.03136730194092 -287.51872253417963
decision_type=2 2 2 2 2 2 2 2 2 2 2 2 2 2 2 2 2 2 2 2 2 2 2 2 2 2 2 2 2 2
left_child=1 4 5 21 -1 9 11 8 -7 10 -3 -5 13 14 -6 -15 28 19 -8 -2 -11 22 -4 -18 29 -26 -27 -19 -14 -21
right_child=17 2 3 6 12 7 18 -9 -10 20 -12 -13 16 15 -16 -17 23 27 -20 24 -22 -23 -24 -25 25 26 -28 -29 -30 -31
leaf_value=0.033478743443823997 0.026483798087374305 0.00026639251073191033 -0.033373234400822689 -0.0021726585370609014 0.020308172853690493 -0.024537144410911829 -0.006548608414516802 -0.033456712106014135 0.0013469742495544408 0.026085136187836772 -0.017919472407809511 0.019878778436975681 0.030338506663541261 -0.0059705010984362865 0.0025117336430231611 0.0028000487262906993 -0.010332533367307425 0.012765851980648921 -0.01981133459428331 -0.0095339443355327846 0.0066710204767264072 -0.034258636406076876 0.010708144253051357 0.0085215541317011905 -0.026016326605548729 0.036590107879365397 -0.0097845544063839968 -0.032882593537515069 0.011052670559712437 -0.032882957070843793
leaf_weight=215.50069007091224 28.818602003157139 24218.181241445243 198.648990791291 627.61602173373103 624.38866470009089 380.66840190254152 4653.0020731817931 238.18315803073347 944.72357332333922 269.97873705998063 424.04113166034222 382.91809146106243 183.32848297059536 1888.5209442190826 1369.4490691050887 5687.1534995362163 92.828855976462364 9.2112893890589458 352.62818114832044 27.953509543091059 266.6770981028676 286.81560164317489 104.24365123175085 1695.3859733864665 35.686650265008211 22.602603977546096 19.882123721763492 484.06286565214396 82.870399974286556 84.754162110388279
leaf_count=5823 274 86198 1252 3293 3803 2175 36378 2216 5757 888 3089 1873 2917 6841 5737 18854 294 238 4830 278 1072 1880 689 7559 611 434 440 22781 654 1603
internal_value=-0.00055755 -0.000155614 -0.00166237 -0.00709066 0.00408741 -0.00032041 -0.0051903 -0.0104044 -0.00615153 0.000307733 -5.01199e-05 0.00623995 0.00352835 0.00217943 0.00812171 0.000611164 0.0097911 -0.0258536 -0.00750176 -0.0118466 0.0165884 -0.0262714 -0.0182746 0.00751673 -0.018162 -0.00351077 0.0161425 -0.0319106 0.0246491 -0.027743
internal_weight=45900.7 45187.8 33348.3 6605.87 11839.4 26742.5 6016.16 1563.58 1325.39 25178.9 24642.2 1010.53 11623.9 9569.51 1993.84 7575.67 2054.41 712.972 5005.63 219.698 536.656 589.708 302.893 1788.21 190.879 78.1714 42.4847 493.274 266.199 112.708
internal_count=230731 204072 151590 50195 52482 101395 46374 10148 7932 91247 89287 5166 46659 35235 9540 25695 11424 26659 41208 3640 1960 3821 1941 7853 3366 1485 874 23019 3571 1881
is_linear=0
shrinkage=0.05


Tree=189
num_leaves=31
num_cat=0
split_feature=5 3 6 8 8 8 8 5 4 8 8 3 8 8 6 8 8 8 8 4 6 6 7 8 5 8 8 8 8 8
split_gain=131.45 84.0249 77.7399 57.2057 94.162 144.368 131.136 74.4977 51.5453 49.7624 44.9209 42.5678 44.3316 154.393 98.0424 56.2287 27.5398 48.9131 73.3831 32.4266 26.8696 20.5975 20.4632 19.6946 10.8551 30.6747 24.0238 9.76762 9.62337 13.2317
threshold=-3.4999999999999996 -1.0000000180025095e-35 6.5000000000000009 158.74826812744143 130.77565765380862 133.46868133544925 113.39955902099611 10.500000000000002 1.8089083433151247 43.628561019897468 173.55255126953128 1.0000000180025095e-35 22.614761352539066 29.183349609375004 -2.4999999999999996 122.52509689331056 -380.98957824707026 -349.79296874999994 -268.08998107910151 -0.46948522329330439 2.5000000000000004 -1.0000000180025095e-35 0.33533839881420141 0.82164987921714794 2.5000000000000004 -40.003139495849602 20.889002799987797 17.014272689819339 43.628561019897468 179.729362487793
decision_type=2 2 2 2 2 2 2 2 2 2 2 2 2 2 2 2 2 2 2 2 2 2 2 2 2 2 2 2 2 2
left_child=11 8 3 4 6 -6 -3 10 22 -10 -5 12 16 -14 -15 -16 -1 19 -19 -18 -9 -13 24 -24 26 -26 -2 -4 -29 -30
right_child=1 2 27 7 5 -7 -8 20 9 -11 -12 21 13 14 15 -17 17 18 -20 -21 -22 -23 23 -25 25 -27 -28 28 29 -31
leaf_value=-0.03190780657701342 0.0015531248050614345 -0.0009788198021345308 0.0075805301579132817 0.024766256714534651 -0.051047969148275765 -0.0063432252557066296 0.018065590022367451 -0.044777224837919141 -0.061052971887809983 0.015727342125981807 0.0050741351494372026 -0.042680413911126397 0.064717630005233409 -0.035725065213116192 -0.0032910330885105401 0.030833735688240688 0.039599367729382849 -0.036798744300221502 -0.0084085955884447752 -0.0076224269022958663 -0.010268868470828901 -0.0053656552930391689 -0.013808861007854726 0.016570189789881534 0.046964454192163108 0.017937933038186502 0.034581859580789714 0.059599409239051132 0.011849558024757463 0.039428559860267949
leaf_weight=136.60110638476908 157.14070182107389 37364.617256706581 57.50990185700357 306.29251037351787 218.72630963660777 946.83235877752304 921.32449731975794 69.989148106426001 37.722410574555397 38.490169495344162 4263.5499271638691 127.61655273847282 83.777724571526051 190.22953892499208 530.45571514219046 150.98923156410456 78.122788464650512 241.97421835176647 3015.5729819517583 62.163164492696524 247.49059220403433 53.483970133587718 84.811856413260102 127.02863890118897 130.84320044703782 313.9404095839709 80.16576780192554 25.228166785091162 91.360159670934081 90.248190911486745
leaf_count=1538 807 151156 746 1392 810 3777 3976 370 306 662 23681 1516 430 1104 2379 768 927 2769 21423 461 2088 279 358 660 550 1562 444 299 1189 1998
internal_value=-0.00065217 0.000166967 -0.000150445 -0.000313095 -0.000945395 -0.0149146 -0.00051823 0.00478671 0.0146862 -0.0236952 0.00641962 -0.00863585 -0.00765475 0.0018933 -0.0044795 0.00443958 -0.0102349 -0.00931796 -0.0105706 0.0191324 -0.0184526 -0.0321006 0.018072 0.00436976 0.0222648 0.0269039 0.0131941 0.0266303 0.031623 0.0262439
internal_weight=50244.3 45573.3 44603.2 44338.8 39451.5 1165.56 38285.9 4887.32 970.143 76.2126 4569.84 4670.99 4489.89 955.452 871.674 681.445 3534.43 3397.83 3257.55 140.286 317.48 181.101 893.931 211.84 682.09 444.784 237.306 264.346 206.837 181.608
internal_count=230425 196831 191482 187250 159719 4587 155132 27531 5349 968 25073 33594 31799 4681 4251 3147 27118 25580 24192 1388 2458 1795 4381 1018 3363 2112 1251 4232 3486 3187
is_linear=0
shrinkage=0.05


Tree=190
num_leaves=31
num_cat=0
split_feature=2 0 7 4 8 8 8 8 8 4 8 8 8 8 2 4 5 8 4 2 8 0 4 4 4 7 4 8 8 8
split_gain=40.5063 38.1041 32.2225 35.3985 32.25 31.5422 113.672 82.7243 76.5631 45.7971 28.5365 20.8285 38.4886 16.6181 16.2235 10.7989 11.515 23.251 25.4721 15.2909 16.3597 10.7525 9.97272 8.42568 5.56037 9.89916 9.58261 6.24459 3.00211 4.42245
threshold=2.5000000000000004 13.500000000000002 0.38838604092597967 0.866277575492859 269.34574890136724 139.82307434082034 130.77565765380862 148.38324737548831 127.00802230834962 0.13766863197088244 133.46868133544925 -56.345481872558587 -13.339957714080809 375.88629150390631 1.0000000180025095e-35 -0.051673112437129014 1.5000000000000002 -3.1082756519317623 0.072953686118125929 1.0000000180025095e-35 -72.363105773925767 6.5000000000000009 1.4746136069297793 0.19455871731042865 -0.34014736115932459 -0.036454206332564347 -0.26304748654365534 -15.391823768615721 1.6444900035858157 -12.206459999084471
decision_type=2 2 2 2 2 2 2 2 2 2 2 2 2 2 2 2 2 2 2 2 2 2 2 2 2 2 2 2 2 2
left_child=1 15 5 11 22 6 8 14 -3 -9 -8 -4 -13 -6 -7 24 19 23 -19 21 -21 -17 -5 -18 25 -1 -26 -28 29 -2
right_child=28 2 3 4 13 7 10 9 -10 -11 -12 12 -14 -15 -16 16 17 18 -20 20 -22 -23 -24 -25 26 -27 27 -29 -30 -31
leaf_value=0.0084353897121149397 -0.026425899858566894 0.0017756703958100061 0.027728550529026886 0.024557406293032099 -0.017817119289964312 -0.041469302405299252 0.042841859955778716 -0.010309347704170331 -0.040475130829351225 0.0035125103541877251 0.012511273609907288 -0.021549227412877608 0.0062648498887081464 0.01925405449688064 -0.011973476339774629 -0.0021943606619325667 -0.0031422672883038892 0.0088978968592676195 -0.017038750546105735 -0.007657351673898311 0.019000066054823003 0.0021197864051183779 0.048445610785079869 0.010360802774738198 -0.018370881076634964 -0.0084424709122529387 -0.0015100751250955453 -0.0086372472534503308 -0.031800219632049646 0.0058481309703328124
leaf_weight=178.25205624476075 17.994457510299981 36447.39157625474 88.318366372026503 145.8988119084388 55.157693687826395 151.12831533327699 196.36129409819841 886.33176795206964 102.54747955128551 1824.4257275704294 135.17823869921267 134.78635073918849 1128.8914970224723 55.778706505894661 74.022162226960063 3995.340451516211 263.0310300886631 113.64277681708336 491.16225337982178 77.752822294831276 194.0081296171993 2255.677094861865 77.772400205954909 198.65885645896196 151.91479154676199 160.20320712774992 598.33799630403519 632.50955637544394 89.003773704171181 16.945368893444538
leaf_count=769 982 154264 301 785 571 613 689 4933 653 13842 616 543 5461 490 702 14707 910 445 2450 273 1113 8230 488 679 582 613 2224 2369 8115 1013
internal_value=0.001089 0.00115991 0.00180838 0.00856761 0.023009 0.00152103 0.00191818 -0.00346283 0.00165161 -0.00101746 0.0308448 0.00492187 0.00322491 0.000848739 -0.0322428 -0.00173024 -0.000917666 -0.00572142 -0.0121323 -0.000128457 0.0113726 -0.000637152 0.0337412 0.00271667 -0.00530003 0.00043988 -0.00670149 -0.00519272 -0.0269005 -0.0120008
internal_weight=50938.4 50814.5 41504 1686.6 334.608 39817.4 36881.5 2935.91 36549.9 2710.76 331.54 1352 1263.68 110.936 225.15 9310.49 7589.27 1066.49 604.805 6522.78 271.761 6251.02 223.671 461.69 1721.22 338.455 1382.76 1230.85 123.944 34.9398
internal_count=230425 220315 184951 8639 2334 176312 156222 20090 154917 18775 1305 6305 6004 1061 1315 35364 28807 4484 2895 24323 1386 22937 1273 1589 6557 1382 5175 4593 10110 1995
is_linear=0
shrinkage=0.05


Tree=191
num_leaves=31
num_cat=0
split_feature=2 0 2 3 3 8 8 8 8 5 4 8 8 2 3 8 8 0 4 8 8 8 8 8 8 4 8 3 4 0
split_gain=185.889 107.802 105.12 71.4208 62.0831 60.0975 245.205 82.4687 56.5469 44.1433 42.7113 38.9074 38.1996 37.9766 31.6124 27.7633 41.7236 25.4119 22.945 22.3496 21.6781 19.388 18.4129 18.1916 10.2098 19.5753 16.186 10.097 6.29432 4.54345
threshold=1.0000000180025095e-35 71.500000000000014 -1.4999999999999998 -1.0000000180025095e-35 1.0000000180025095e-35 -9.2462801933288556 -3.1082756519317623 -34.538461685180657 39.87672424316407 -1.0000000180025095e-35 0.20155556499958041 33.875438690185554 -310.69364929199213 -2.4999999999999996 1.0000000180025095e-35 56.387886047363288 62.377737045288093 78.500000000000014 -1.0231210589408872 -4.0424249172210684 -388.37040710449213 -109.72359466552733 12.684393882751467 184.21182250976565 -100.76657485961913 -0.34014736115932459 -30.148659706115719 1.0000000180025095e-35 0.23830810934305194 77.500000000000014
decision_type=2 2 2 2 2 2 2 2 2 2 2 2 2 2 2 2 2 2 2 2 2 2 2 2 2 2 2 2 2 2
left_child=2 8 13 24 5 7 -7 -5 11 18 -11 12 20 -1 -14 -10 -17 19 -6 21 -2 -15 -21 -18 -4 -26 -27 29 -13 -3
right_child=1 27 3 4 9 6 -8 -9 15 10 -12 28 14 17 -16 16 23 -19 -20 22 -22 -23 -24 -25 25 26 -28 -29 -30 -31
leaf_value=0.033416826059856734 -0.0055197609335953983 -0.022167898122356141 -0.034881783752419203 0.00018793199714433324 0.0048042404926585758 -0.023623853875916027 -0.00041021767370890685 0.0076812070460824666 -0.034374746852626176 -0.010414384277934195 0.024438767539484652 0.041648644996245279 -0.0066645913782061713 0.0052971040249770642 0.026836416120299231 0.040128076046424682 -0.0083900201168205443 0.028502924007495708 0.030513071717715071 -0.013701389549119855 0.019289906910349621 0.022671904380168677 0.0072561371508473617 -0.022131281392697981 0.0068654918252275543 -0.0036320617277176728 -0.02919185401579423 -0.005137792514847128 0.013382464775487934 -0.031884356277068301
leaf_weight=208.67167054675519 131.50656124949455 255.03687711618841 85.575533099472523 15785.385496482253 118.22145490348339 1221.3285792171955 15721.994725838304 4779.9774382412434 167.99183575436473 258.91846907138824 126.81332660466433 43.216677576303482 2994.2883796589449 350.36174485459924 67.272349789738655 31.634178137406707 564.48198459390551 164.62813502550125 344.84861522167921 172.47862634807825 250.58451537042856 297.85518956929445 251.06941126286983 429.08125905506313 75.372489482164383 91.433509469032288 197.81020431220531 52.395905815064907 45.164297709241509 431.07291542831808
leaf_count=5875 438 6322 352 50739 517 4092 67086 15551 2632 879 515 306 23212 3625 387 526 9126 2352 1172 1032 801 2801 1416 11435 285 488 1181 747 546 13989
internal_value=-0.000496623 -0.00914615 0.000678415 0.000184509 0.000418106 0.00011462 -0.00209001 0.00193103 -0.00635373 0.01375 0.00121005 -0.0031646 -0.00402267 0.0138961 -0.00588591 -0.0157414 -0.0125361 0.0104801 0.0240711 0.00759224 0.01079 0.0133932 -0.00133854 -0.0144054 -0.0195045 -0.0154724 -0.0213111 -0.0268502 0.0286941 -0.0284591
internal_weight=45716.5 5463.73 40252.7 38807.7 38357.5 37508.7 16943.3 20565.4 4725.22 848.802 385.732 3532.03 3443.65 1445.06 3061.56 1193.19 1025.2 1236.39 463.07 1071.76 382.091 648.217 423.548 993.563 450.192 364.616 289.244 738.506 88.381 686.11
internal_count=230425 70467 159958 142857 140551 137468 71178 66290 49409 3083 1394 25690 24838 17101 23599 23719 21087 11226 1689 8874 1239 6426 2448 20561 2306 1954 1669 21058 852 20311
is_linear=0
shrinkage=0.05


Tree=192
num_leaves=31
num_cat=0
split_feature=2 0 2 5 8 9 6 8 8 8 2 8 8 5 0 8 8 0 8 0 5 8 7 6 8 8 8 8 0 5
split_gain=185.539 119.083 110.739 64.7986 51.4493 49.9763 45.3182 113.041 62.8769 42.9451 42.8862 33.3506 72.2569 37.2483 30.3425 29.4152 55.6084 27.9307 25.6567 23.0047 22.5137 21.7939 48.0848 21.2768 20.5207 94.6047 19.2224 16.7903 15.5134 15.9063
threshold=-1.0000000180025095e-35 56.500000000000007 1.5000000000000002 1.0000000180025095e-35 96.730762481689467 1.0000000180025095e-35 1.0000000180025095e-35 113.39955902099611 120.61153411865236 -9.2462801933288556 -1.4999999999999998 -210.06182098388669 -127.30684280395506 2.5000000000000004 39.500000000000007 -380.98957824707026 -328.50596618652338 22.500000000000004 -23.128694534301754 75.500000000000014 1.5000000000000002 -30.148659706115719 -0.18434467166662213 -5.4999999999999991 -31.164384841918942 -14.519459724426268 -394.88154602050776 -98.393478393554673 77.500000000000014 3.5000000000000004
decision_type=2 2 2 2 2 2 2 2 2 2 2 2 2 2 2 2 2 2 2 2 2 2 2 2 2 2 2 2 2 2
left_child=1 10 3 4 15 11 8 -8 -6 14 23 13 -13 -5 -4 26 -17 20 -3 -20 27 -16 -23 -1 -7 -26 -2 -12 29 -11
right_child=2 18 9 5 6 24 7 -9 -10 28 17 12 -14 -15 21 16 -18 -19 19 -21 -22 22 -24 -25 25 -27 -28 -29 -30 -31
leaf_value=0.02312420042002887 -0.0076575960196325404 -0.028456299403436094 -0.019262154502454734 0.00018945235744379928 0.024275526128641478 -0.0062353601125533257 -0.04925556760548612 0.0055642198777747301 0.0031085373270201234 0.0073643822081343596 -0.010943904431636344 0.016821093294153655 0.00076074683979897675 -0.019415749424256962 0.014432025066272487 0.015107791676674224 -0.0032091867079697672 -0.0060096567401271327 -0.0098148494121389138 -0.0270889558681849 0.02569250678551013 -0.041362668215940514 0.011283474691941617 -0.027516243714830829 0.043346548769007467 0.0067280510691101929 -0.03132192747432351 0.0048665665864191868 0.032056530022657369 0.022406745211480998
leaf_weight=18.822528917342424 222.52580497413874 667.78394368942827 115.06194071471691 579.32686194777489 446.05354902148247 211.00044904649258 124.26660759747028 342.02432385832071 1587.9738752841949 302.8861246779561 213.62329713255167 723.61478840559721 18067.198302105069 411.29772667586803 425.86138507537544 419.51309255510569 17514.638234704733 2628.6326118968427 618.53246848285198 282.26614826638252 99.469693586230278 59.056819353252649 129.89159519039094 253.83938808739185 188.80368909239769 2003.7758108377457 139.52594321966171 719.63504131883383 207.11118607409298 437.78505537100136
leaf_count=531 1196 15078 513 2435 1344 703 424 1608 6102 5071 1481 2455 63605 1615 3049 2027 60057 15353 6044 4970 378 406 966 5300 588 6786 702 3276 6157 10480
internal_value=-0.000715088 -0.00937381 0.000352711 -0.000139876 -0.00214476 0.00173959 0.00457634 -0.00941283 0.00779851 0.0129357 -0.00471707 0.000911353 0.00138352 -0.00800706 0.0037803 -0.00306425 -0.00277663 -0.00327552 -0.0210008 -0.0153474 0.00367917 0.00821331 -0.00581348 -0.023667 0.0085399 0.00997273 -0.0170797 0.00120851 0.0199293 0.016346
internal_weight=50161.8 5502.61 44659.2 42981.5 20796.5 22185 2500.32 466.291 2034.03 1677.65 3934.02 19781.4 18790.8 990.625 729.872 18296.2 17934.2 3661.36 1568.58 900.799 1032.73 614.81 188.948 272.662 2403.58 2192.58 362.052 933.258 947.782 740.671
internal_count=230700 52411 178289 151647 73460 78187 9478 2032 7446 26642 26319 70110 66060 4050 4934 63982 62084 20488 26092 11014 5135 4421 1372 5831 8077 7374 1898 4757 21708 15551
is_linear=0
shrinkage=0.05


Tree=193
num_leaves=31
num_cat=0
split_feature=2 0 2 2 0 4 4 5 8 8 4 8 8 4 8 8 9 2 4 8 0 8 5 3 8 2 4 8 8 5
split_gain=36.2247 32.3395 45.7152 65.8175 45.12 27.5397 25.2905 23.7363 45.376 56.4833 59.4665 47.711 50.2486 42.592 45.9863 47.5537 42.6898 41.2228 37.3003 26.2784 34.9238 34.0448 22.3146 15.771 22.8236 17.9901 13.1189 4.70932 6.11456 12.6468
threshold=2.5000000000000004 67.500000000000014 1.0000000180025095e-35 -1.0000000180025095e-35 87.500000000000014 -0.18283489346504209 -1.911267817020416 1.0000000180025095e-35 -210.06182098388669 -388.37040710449213 -0.65439215302467335 -191.96870422363278 -198.72866058349607 -0.13067968934774396 342.64604187011724 369.94026184082037 1.0000000180025095e-35 -1.0000000180025095e-35 0.49071961641311651 -191.96870422363278 48.500000000000007 -28.500020980834957 -5.4999999999999991 1.0000000180025095e-35 -138.78073883056638 1.5000000000000002 -0.38262838125228876 1.6444900035858157 -12.206459999084471 5.5000000000000009
decision_type=2 2 2 2 2 2 2 2 2 2 2 2 2 2 2 2 2 2 2 2 2 2 2 2 2 2 2 2 2 2
left_child=1 7 3 6 5 -5 -3 8 9 17 -11 12 -10 19 16 -16 -15 -1 -13 20 -9 -21 -8 24 26 -26 -4 28 -2 -30
right_child=27 2 23 4 -6 -7 22 13 11 10 -12 18 -14 14 15 -17 -18 -19 -20 21 -22 -23 -24 -25 25 -27 -28 -29 29 -31
leaf_value=-0.015185264271448194 -0.026313069755149757 -0.029788984089764353 -0.0059355925711950218 0.01271800674385274 0.022797145279060661 0.0045206059067700024 0.011131346707413291 -0.010368337832929194 0.0011492751517185871 0.0082698764143421533 -0.011619764489440557 0.001954399744127555 0.044507018236303188 0.0014398053850518033 -0.03616515447459942 -0.0034197817723980381 -0.0069782386024145847 0.016899475304152346 0.014869789927933566 -0.019414147921553913 0.032695593776599051 -0.0044352282457919001 -0.0025656902804399671 0.01297573379419989 -0.0033919192108476008 -0.017135828442542123 0.017375386684794842 -0.031722430395813905 0.045498667584524949 -0.022515211655777537
leaf_weight=124.12747594621032 17.678661613725126 70.427704516798258 85.909995891153812 1560.1386965364218 523.633619338274 2995.4145424216986 350.1569175356999 96.239091096445918 129.56816944573075 468.12042639311403 1839.2170971846208 18752.052471254021 133.59282329399139 14876.958683930337 166.81229353137314 315.97743077017367 1670.6612374298275 449.98486617952585 571.37972982600331 592.40795495174825 83.933326183818281 1050.664402326569 1822.2094159517437 150.79830439575016 1524.0096640847623 278.15394190698862 182.73326989635825 85.511348152533174 7.8505180375650552 10.071943400427697
leaf_count=907 994 2004 362 4517 1771 8616 3703 463 497 3285 7721 71186 578 60352 1913 2790 7549 1473 2596 2239 464 4147 12314 770 11073 6329 920 8102 407 658
internal_value=0.0012117 0.00127793 0.00390052 0.00580579 0.00895334 0.00733883 -0.00132645 0.000671825 0.0017694 -0.0040841 -0.00757533 0.00263135 0.0235792 -0.000636289 0.000142214 -0.0149886 0.000588062 0.00989129 0.00234005 -0.00788857 0.0100341 -0.00987838 -0.000337416 -0.0023778 -0.00352442 -0.00555476 0.00994848 -0.0255538 -0.00865522 0.0107028
internal_weight=50986.4 50865.3 9543.59 7321.98 5079.19 4555.55 2242.79 41321.7 22468 2881.45 2307.34 19586.6 263.161 18853.7 17030.4 482.79 16547.6 574.112 19323.4 1823.24 180.172 1643.07 2172.37 2221.61 2070.81 1802.16 268.643 121.112 35.6011 17.9225
internal_count=230700 220539 52379 32925 14904 13133 18021 168160 88243 13386 11006 74857 1075 79917 72604 4703 67901 2380 73782 7313 927 6386 16017 19454 18684 17402 1282 10161 2059 1065
is_linear=0
shrinkage=0.05


Tree=194
num_leaves=31
num_cat=0
split_feature=2 0 2 2 7 2 0 7 5 6 0 7 6 4 4 4 4 7 4 4 5 4 2 4 0 9 4 5 7 6
split_gain=174.457 101.596 95.501 68.9575 52.5787 44.7577 38.2093 40.0142 35.0165 34.4297 30.0541 28.1707 26.0139 34.0629 29.3904 28.7966 25.8707 25.2444 20.1272 18.7047 21.5278 15.3867 12.7218 12.4365 11.985 11.1229 10.8395 10.158 9.47535 13.3107
threshold=1.0000000180025095e-35 67.500000000000014 -1.0000000180025095e-35 -2.4999999999999996 0.25243668258190161 1.5000000000000002 79.500000000000014 -0.3168428093194961 -12.499999999999998 2.5000000000000004 83.500000000000014 0.031889496371150024 1.0000000180025095e-35 0.14314249902963641 0.43111152946949011 0.09721859917044641 0.25121340155601507 0.049706598743796356 -0.8471737504005431 -0.12474700435996054 7.5000000000000009 -1.1796581745147703 -1.4999999999999998 -0.18283489346504209 75.500000000000014 1.0000000180025095e-35 1.1390879154205324 2.5000000000000004 -0.069857835769653306 2.5000000000000004
decision_type=2 2 2 2 2 2 2 2 2 2 2 2 2 2 2 2 2 2 2 2 2 2 2 2 2 2 2 2 2 2
left_child=2 5 3 -1 6 12 7 16 -5 -9 11 -10 17 15 -15 -14 -4 18 -2 -6 25 -3 -12 -8 -23 -21 -22 -25 29 -7
right_child=1 21 4 8 19 28 23 9 10 -11 22 -13 13 14 -16 -17 -18 -19 -20 20 26 24 -24 27 -26 -27 -28 -29 -30 -31
leaf_value=0.033332329044571361 0.016240058914669533 0.0056806963635868055 0.0067963028311602254 0.028358921988910935 -0.016698002938983401 -0.022331001717601481 -0.015304188256298616 -0.00015364995637606217 0.0055352570783763315 -0.010307649244551262 0.030920100570264921 0.00041499904051405266 0.002212602372580915 -0.012626687937357189 0.0001270418703171453 0.024999733711963543 -0.010437426106093703 -0.023864277938757016 -0.0084629688437678381 -0.0025981895613662207 -0.023686702587989855 -0.018191456015623796 0.010901572272278427 0.0021100501513922165 -0.030421044402062083 -0.011294216214505867 -0.0023287490821472016 -0.01140532087088828 -0.02722291003709142 0.0070889265274502802
leaf_weight=196.93360536172986 84.956241182982922 40.220116555690765 2876.4791149049997 139.04145814850926 413.0500528216362 94.125070546753705 490.81614956259727 20023.837508663535 5215.2452242039144 866.15945611149073 90.220794718712568 5535.8940445221961 674.21226400882006 767.19511731341481 1088.2075070533901 169.92793433740735 231.1637354195118 255.51260289922357 1036.4262161813676 2317.741615831852 218.90510991215706 384.04934291169047 572.15789649635553 289.72038944810629 509.91271963343024 433.36340338736773 82.455768160521984 259.98939204588532 259.98098978865892 59.653999523259699
leaf_count=5783 336 322 8331 1100 2029 1821 2211 70375 22035 4281 1301 19308 4159 6375 11137 1041 736 2704 5752 12172 1597 8551 2884 1514 16526 1764 685 1894 10515 1461
internal_value=-0.000567229 -0.00898049 0.000567488 0.00435976 -0.000996215 -0.00584486 -0.000196742 0.00021087 0.00385167 -0.00057703 0.00354083 0.00290019 -0.00423993 -0.00138116 -0.00516629 0.00691992 0.00549966 -0.00981956 -0.00652768 -0.00676376 -0.00539438 -0.0239407 0.0138395 -0.00955354 -0.0252976 -0.00398602 -0.0179763 -0.00432733 -0.0214175 -0.0110546
internal_weight=45677.6 5424.38 40253.2 11749.5 28503.7 4490.2 25038.2 23997.6 11552.6 20890 11413.5 10751.1 4076.44 2699.54 1855.4 844.14 3107.64 1376.9 1121.38 3465.52 3052.47 934.182 662.379 1040.53 893.962 2751.11 301.361 549.71 413.76 153.779
internal_count=230700 70700 160000 52411 107589 45301 89342 83723 46628 74656 45528 41343 31504 22712 17512 5200 9067 8792 6088 18247 16218 25399 4185 5619 25077 13936 2282 3408 13797 3282
is_linear=0
shrinkage=0.05


Tree=195
num_leaves=31
num_cat=0
split_feature=2 1 2 2 7 1 2 1 3 3 4 3 8 5 5 4 8 6 8 8 4 8 8 1 8 8 8 8 8 8
split_gain=161.23 119.658 100.871 75.7716 71.1491 51.4655 46.2012 44.2488 45.013 35.7722 35.8581 35.4073 33.8587 30.5274 28.5033 33.8517 43.9463 27.6353 24.2993 34.2678 23.5023 20.6226 16.9654 16.8106 14.5649 14.4715 14.3668 12.9156 35.1976 26.4469
threshold=-1.0000000180025095e-35 27.500000000000004 1.0000000180025095e-35 2.5000000000000004 -0.1646463945508003 9.5000000000000018 -1.4999999999999998 4.5000000000000009 -1.0000000180025095e-35 1.0000000180025095e-35 0.11763067170977594 1.0000000180025095e-35 242.39675140380862 -1.4999999999999998 -3.4999999999999996 -0.27228534221649164 -185.26108551025388 -5.4999999999999991 42.778856277465827 12.074971675872805 0.23193357884883883 -40.003139495849602 -9.2462801933288556 17.500000000000004 -222.32796478271482 96.730762481689467 71.486984252929702 -222.32796478271482 -127.30684280395506 -372.31275939941401
decision_type=2 2 2 2 2 2 2 2 2 2 2 2 2 2 2 2 2 2 2 2 2 2 2 2 2 2 2 2 2 2
left_child=1 23 4 5 13 22 17 -6 21 12 -11 -10 -7 27 24 16 -16 -3 19 -15 -17 -9 -4 -1 -8 -25 -20 29 -29 -2
right_child=2 6 3 -5 7 9 14 8 11 10 -12 -13 -14 18 15 20 -18 -19 26 -21 -22 -23 -24 25 -26 -27 -28 28 -30 -31
leaf_value=-0.028481313153102285 0.0030163427476208272 0.024081442957674011 0.0074424049581056518 0.030441647899398079 -0.015248669514178664 0.0024141276540859962 -0.031935152886411501 0.03167711415100196 0.00023457821099029752 -0.035026221470940151 -0.00030466976008431947 -0.021164805672244238 0.013502285438644845 -0.0033091305656515143 -0.016667527965620835 -0.0084724347441480705 0.0095517698458934645 -0.026886123705066073 0.016337350090212834 -0.019459270176817159 0.0025872947730977971 0.0087419922039829213 0.020470826083062513 -0.019484395977318561 -0.01008252894876698 0.0035041453516976885 -0.00073871742277661987 0.0090606690599872985 -0.012316392641757479 -0.028692292196015101
leaf_weight=626.86425290443003 88.743095397949219 25.272296667098999 476.19556713476777 266.67458789236844 457.16074781864882 9710.0099212508649 90.396087385714054 134.73756313323975 25377.886368386447 117.79260608553886 188.74021652713418 189.78284318745136 736.47453907877207 3267.0459681525826 186.25984257087111 1604.1253518871963 974.64106097444892 303.95689931884408 216.37404768168926 360.67961585521698 681.99347748607397 349.6153599023819 541.97025416791439 457.44895908702165 432.5323472879827 78.726021312177181 276.75575640797615 221.24151732027531 1331.5725748091936 239.45848020911217
leaf_count=14369 627 758 2698 10224 2300 43042 1176 414 78718 375 663 724 7917 12669 1545 8319 5383 6678 602 1081 3114 1024 5619 7012 3725 439 840 1311 5571 1843
internal_value=-0.0005728 -0.00867632 0.000421649 0.00433064 -0.00102618 0.00372643 -0.00481436 8.7158e-05 0.000359145 0.00270541 -0.0139953 7.16285e-05 0.00320193 -0.00593955 -0.00330676 -0.00164723 0.0052916 -0.022672 -0.0035229 -0.0049394 -0.00517466 0.0153806 0.0144436 -0.0228704 -0.0141268 -0.0161078 0.00684265 -0.0112105 -0.00925133 -0.0202019
internal_weight=50011.1 5462.22 44548.9 12037.9 32511.1 11771.2 4299.18 26509.2 26052 10753 306.533 25567.7 10446.5 6001.87 3969.95 3447.02 1160.9 329.229 4120.86 3627.73 2286.12 484.353 1018.17 1163.04 522.928 536.175 493.13 1881.02 1552.81 328.202
internal_count=230780 52518 178262 70538 107724 60314 30698 83180 80880 51997 1038 79442 50959 24544 23262 18361 6928 7436 15192 13750 11433 1438 8317 21820 4901 7451 1442 9352 6882 2470
is_linear=0
shrinkage=0.05


Tree=196
num_leaves=27
num_cat=0
split_feature=2 8 8 8 4 8 8 5 8 8 8 4 5 8 8 6 8 5 5 5 8 8 5 0 4 5
split_gain=34.4566 31.8925 50.9037 89.4723 62.7557 62.4488 52.5921 61.0587 44.3266 52.7357 41.1421 35.7349 54.5748 48.857 28.7132 43.1081 43.0619 33.8357 29.9574 10.6699 4.17443 5.49987 10.872 3.31986 2.08004 1.82325
threshold=2.5000000000000004 -388.37040710449213 -130.9697570800781 -62.530506134033196 0.077509440481662764 -72.363105773925767 -138.78073883056638 -1.0000000180025095e-35 -144.44563293457028 -165.65875244140622 -66.618366241455064 -0.48390856385231013 -5.4999999999999991 139.82307434082034 -434.33631896972651 1.0000000180025095e-35 -419.80076599121088 -1.4999999999999998 1.0000000180025095e-35 -1.0000000180025095e-35 1.6444900035858157 -12.206459999084471 5.5000000000000009 28.500000000000004 -0.48390856385231013 1.5000000000000002
decision_type=2 2 2 2 2 2 2 2 2 2 2 2 2 2 2 2 2 2 2 2 2 2 2 2 2 2
left_child=1 14 6 4 10 -6 8 24 9 -3 -4 13 -13 -5 25 16 17 -16 -18 -10 21 -2 -23 -9 -8 -1
right_child=20 2 3 11 5 -7 7 23 19 -11 -12 12 -14 -15 15 -17 18 -19 -20 -21 -22 22 -24 -25 -26 -27
leaf_value=-0.0031813212027842542 -0.026132755547055065 -0.0012316135950169711 0.0050535684495303795 0.0061241382877218111 0.0096470452432977291 0.031100770088245067 0.0056291210387375227 -0.027774112294190002 0.0076742250688211222 -0.016266923004514766 -0.01432919802445849 0.0152341912896244 -0.00023593859470795713 -0.0214725688269186 0.016532435026620301 -0.0057366855630545657 0.0049175748307688106 0.059898487965686399 0.035567408607926412 0.030902768540283829 -0.031630357163688803 0.041418586339908164 -0.022093167685952105 -0.044463359436843361 -0.0046496782332874414 -0.01318618354703055
leaf_weight=97.478007438592613 17.16609222535044 5248.881754482165 3631.7085813656449 3901.6445431476459 1473.0333457197994 439.1551557239145 92.513305216096342 90.832529701292515 94.93014385458082 651.26021280512214 291.26485229469836 575.17793708015233 32787.325522113591 162.42463849298656 90.885703702457249 220.64943998493254 379.335936807096 95.50651502981782 96.690711767412722 109.00790449231863 81.77790612494573 7.8811835674569037 9.53528486471623 127.05683317966759 94.415623240172863 88.05982172396034
leaf_count=566 992 25098 13965 17717 5399 1574 458 369 513 3542 1137 2487 141505 831 485 775 1715 350 394 369 8186 397 649 592 348 367
internal_value=0.000971083 0.00103451 0.000850496 0.0014708 0.00722674 0.0146424 -0.00327035 -0.0206108 -0.00210442 -0.00290359 0.00359807 0.000572548 3.30132e-05 0.00499618 0.00956094 0.0133073 0.0196463 0.0397373 0.0114482 0.0205326 -0.02564 -0.0092685 0.00947473 -0.0382852 0.00045154 -0.00815124
internal_weight=50955.6 50839.2 49770.6 43261.7 5835.16 1912.19 6508.9 404.818 6104.08 5900.14 3922.97 37426.6 33362.5 4064.07 1068.61 883.068 662.419 186.392 476.027 203.938 116.36 34.5826 17.4165 217.889 186.929 185.538
internal_count=230780 220556 215904 184615 22075 6973 31289 1767 29522 28640 15102 162540 143992 18548 4652 3719 2944 835 2109 882 10224 2038 1046 961 806 933
is_linear=0
shrinkage=0.05


Tree=197
num_leaves=31
num_cat=0
split_feature=2 0 2 3 8 5 3 8 8 4 2 3 8 8 0 6 4 5 4 6 3 8 8 4 6 0 8 8 5 4
split_gain=179.112 96.0713 82.6056 62.1418 62.262 84.0683 64.298 60.9728 53.3041 51.2809 41.9666 38.7144 31.4015 74.9821 28.3326 26.8537 22.6098 20.2025 31.6016 26.5007 10.9527 10.2979 19.163 6.15208 5.03509 4.28638 6.61982 61.0302 6.65219 2.93815
threshold=1.0000000180025095e-35 47.500000000000007 -2.4999999999999996 -1.0000000180025095e-35 -155.41359710693357 -1.4999999999999998 1.0000000180025095e-35 -328.50596618652338 16.161653518676761 -0.7976430058479308 -1.0000000180025095e-35 1.0000000180025095e-35 -394.88154602050776 -372.31275939941401 78.500000000000014 1.0000000180025095e-35 -0.96003133058547963 2.5000000000000004 1.3879927396774294 2.5000000000000004 1.0000000180025095e-35 15.063652038574221 -31.164384841918942 0.45071975886821752 -1.0000000180025095e-35 73.500000000000014 139.82307434082034 158.74826812744143 -2.4999999999999996 -1.0991501808166502
decision_type=2 2 2 2 2 2 2 2 2 2 2 2 2 2 2 2 2 2 2 2 2 2 2 2 2 2 2 2 2 2
left_child=2 11 -1 21 5 7 10 -5 14 -7 -6 12 -2 -14 17 -15 -8 19 -19 -3 29 22 24 -23 -4 26 28 -28 -10 -16
right_child=1 8 3 4 6 9 16 -9 25 -11 -12 -13 13 15 20 -17 -18 18 -20 -21 -22 23 -24 -25 -26 -27 27 -29 -30 -31
leaf_value=0.033260955223634807 -0.040706707827373283 -0.0066910650066414031 -0.031818651595184357 0.0008433229646154488 0.0024040276936734984 -0.02733615642528768 -0.0065261205142483521 0.016701380791580976 -0.010569350519025722 0.0015479453094291945 -0.0016122869430113 0.036937192586819115 0.045315895843947088 -0.012068623881103656 -0.0069864321798582193 -0.0014580846033909311 0.018124936366082926 -0.023679101265586245 0.013883175079564325 0.021218965768445671 0.00839585992774621 -0.039317692039527972 0.0030492914701449178 -0.015880835770876477 -0.014431899974434392 -0.03300263158701925 0.046802387673741536 -0.026909585041526598 -0.031043929839582679 -0.031712735108985528
leaf_weight=188.69779928401113 52.163927718997002 773.50734820775688 79.034214831888676 884.67551703378558 9036.7993566282094 155.3099242374301 106.62274381890893 1924.0753987245262 53.103776168078184 3703.2414123006165 23170.137114845216 53.945749197155237 72.364457070827484 839.44009130261838 16.247046548873186 2035.0899648703635 621.13713198155165 323.33597260899842 64.04783352650702 90.589550787582994 18.164275761693716 71.558601848781109 120.11041304469109 61.597643151879311 115.62278182059526 248.24091077782214 28.249193244613707 186.0849042031914 309.80155273713171 197.0341435149312
leaf_count=5785 164 6274 386 3924 33617 805 495 8057 707 11842 90963 236 200 5406 149 19606 2295 4252 1595 1037 249 393 569 486 625 11115 612 6681 7161 5094
internal_value=-0.000456918 -0.00903729 0.000687316 0.00052971 0.000740233 0.00514461 -0.000152035 0.0117169 -0.0167234 0.000351464 -0.000485169 -0.00320787 -0.00399026 -0.00327248 -0.0109937 -0.00457222 0.0144935 -0.00795621 -0.017371 -0.00365981 -0.0269027 -0.0178858 -0.0126128 -0.029443 -0.0221113 -0.0268884 -0.0239982 -0.0163489 -0.0282323 -0.0300323
internal_weight=45600 5361.41 40238.6 40049.9 39602 6667.3 32934.7 2808.75 2308.41 3858.55 32206.9 3053 2999.06 2946.89 1482.93 2874.53 727.76 1251.48 387.384 864.097 231.445 447.924 314.767 133.156 194.657 825.48 577.239 214.334 362.905 213.281
internal_count=230780 70538 160242 154457 151998 24628 127370 11981 44926 12647 124580 25612 25376 25212 18650 25012 2790 13158 5847 7311 5492 2459 1580 879 1011 26276 15161 7293 7868 5243
is_linear=0
shrinkage=0.05


Tree=198
num_leaves=31
num_cat=0
split_feature=2 0 2 8 8 5 8 6 3 8 8 4 5 6 8 8 8 8 0 8 8 5 0 8 6 8 0 8 8 8
split_gain=150.205 109.239 89.9543 70.3053 81.4462 74.1785 73.5673 65.2683 64.9665 60.3112 69.5978 56.147 54.9433 80.7449 46.0679 47.1579 38.9142 36.57 32.7332 17.2249 15.4033 21.2773 12.2937 7.63284 9.13408 4.21592 4.07008 3.73033 1.01325 3.08037
threshold=-1.0000000180025095e-35 64.500000000000014 2.5000000000000004 -277.43647766113276 -303.26524353027338 3.5000000000000004 201.82788085937503 1.5000000000000002 -1.0000000180025095e-35 -130.9697570800781 -210.06182098388669 -0.96003133058547963 2.5000000000000004 1.0000000180025095e-35 384.61386108398443 348.21440124511724 -26.139101028442379 22.614761352539066 34.500000000000007 153.43129730224612 -297.32894897460932 -1.0000000180025095e-35 77.500000000000014 -23.128694534301754 1.0000000180025095e-35 -144.44563293457028 43.500000000000007 -354.51507568359369 1.6444900035858157 -12.206459999084471
decision_type=2 2 2 2 2 2 2 2 2 2 2 2 2 2 2 2 2 2 2 2 2 2 2 2 2 2 2 2 2 2
left_child=1 11 3 4 12 6 8 -8 -5 10 -7 17 13 -2 15 18 -11 27 -13 22 -6 -22 23 25 -25 -3 -14 -1 29 -4
right_child=2 19 28 5 20 9 7 -9 -10 16 -12 14 26 -15 -16 -17 -18 -19 -20 -21 21 -23 -24 24 -26 -27 -28 -29 -30 -31
leaf_value=-0.0099185963243717205 -0.0079168353542020328 -0.017124230778719968 0.030631638132247313 0.020086140472628265 -0.047545916802236049 -0.0075877058013988936 0.01257949834474871 -0.011155806235099772 -0.0014061467643354973 -0.0028765993655110993 0.037762747419272089 0.0014078464731810782 -0.036210879130885172 0.020181989623032456 0.035655700982470416 -0.037991980267806688 0.0051944492871990157 0.011456501038035706 -0.0077841739466315146 -0.0021051853332669968 -0.040315393591003529 -0.0044210036070216636 -0.032462397795113361 -0.0077285546435562659 -0.026592584534622724 -0.032031085472548446 -0.020374854950336019 -0.033081423616603677 0.032896124906634558 0.0091546641920663627
leaf_weight=24.239379327744246 1052.9903388097882 99.863543793559074 40.604346374049783 350.78677501529455 118.70652934908867 120.97173401713371 1716.0696396734565 344.18732451088727 30067.438651477918 1852.9742845892906 265.4664750136435 1925.5874274391681 94.576439142227173 332.15545848757029 69.300362400710583 95.043038837611675 7633.0095250848681 57.393681347370148 1940.9702629912645 88.636158365756273 79.723564900457859 83.231604427099228 372.96510932222009 196.66725007072091 95.262267388403416 153.04836886469275 121.97003369778395 265.24934936128557 173.55386851914227 35.775953348726034
leaf_count=573 5499 2827 982 1502 611 436 8617 2259 102482 6608 1006 10454 362 1444 221 307 35954 511 15065 628 456 436 10017 2877 954 2905 551 4948 8022 1055
internal_value=-0.000586508 -0.00846997 0.000368526 0.000197822 -0.00924175 0.000618643 -0.0005352 0.00859686 -0.00115503 0.00441293 0.0236505 -0.00504174 -0.00483242 -0.00113043 -0.00336515 -0.00409182 0.00361718 -0.0241997 -0.00321054 -0.0232833 -0.0337941 -0.0226592 -0.0253061 -0.0201567 -0.0142284 -0.0265911 -0.0279524 -0.0313433 0.029984 0.0217525
internal_weight=49868.4 5384.23 44484.2 44234.3 1883.35 42350.9 32478.5 2060.26 30418.2 9872.42 386.438 4377.78 1601.69 1385.15 4030.9 3961.6 9485.98 346.882 3866.56 1006.44 281.662 162.955 917.807 544.841 291.93 252.912 216.546 289.489 249.934 76.3803
internal_count=230569 52287 178282 168223 9359 158864 114860 10876 103984 44004 1442 32079 7856 6943 26047 25826 42562 6032 25519 20208 1503 892 19580 9563 3831 5732 913 5521 10059 2037
is_linear=0
shrinkage=0.05


Tree=199
num_leaves=31
num_cat=0
split_feature=1 2 7 8 8 6 8 8 8 4 9 5 1 8 5 8 4 8 8 4 8 2 4 6 8 8 2 8 7 8
split_gain=34.2624 31.8504 26.461 41.8834 66.0781 40.4682 39.9626 86.5734 80.9735 38.7215 38.0703 20.4936 20.06 19.7763 15.8817 30.4866 18.5662 21.6808 18.9648 15.5085 14.1916 13.7354 13.0333 11.3573 10.6753 10.0076 9.57581 7.64422 5.8666 5.01631
threshold=69.500000000000014 2.5000000000000004 0.31212031841278082 -73.873237609863267 -9.2462801933288556 2.5000000000000004 139.82307434082034 130.77565765380862 148.38324737548831 0.13766863197088244 1.0000000180025095e-35 -4.4999999999999991 21.500000000000004 133.46868133544925 1.5000000000000002 -3.1082756519317623 0.16038698703050616 -388.37040710449213 110.72016906738283 0.11763067170977594 35.245143890380866 1.0000000180025095e-35 0.12249021604657175 1.5000000000000002 242.39675140380862 -50.632411956787102 1.0000000180025095e-35 -27.185948371887203 -0.34102714061737055 1.6444900035858157
decision_type=2 2 2 2 2 2 2 2 2 2 2 2 2 2 2 2 2 2 2 2 2 2 2 2 2 2 2 2 2 2
left_child=1 2 6 -4 12 -6 7 10 26 -10 -1 -2 -5 -9 16 23 17 28 21 20 -17 -18 -19 27 -21 -25 -8 -16 -13 -3
right_child=11 29 3 4 5 -7 8 13 9 -11 -12 14 -14 -15 15 19 18 22 -20 24 -22 -23 -24 25 -26 -27 -28 -29 -30 -31
leaf_value=0.0023888514853651821 -0.020550529736364995 -0.0069971406547338147 0.029621876591364595 0.0023826825840971054 0.0039365538830248535 0.017675039520901967 -0.046188882182458833 0.041964585981724985 -0.012507443434697169 0.0026469061251448035 -0.0030671407274158306 0.022387971065615447 -0.020675528208759911 0.013589346293218044 -0.0041214554072981262 -0.013325573983041197 -0.0017843044191797259 -0.00068932784419684404 0.025439693462318488 -0.01130770140336022 0.0054027266938843545 0.01378853055599339 -0.013395358922144962 0.020275851290345641 -0.02840203867373968 0.00037905826617041285 -0.01983887950869799 0.0071076193491426826 0.006550430915937714 -0.031453741929884739
leaf_weight=27739.281593241729 128.12204872444272 33.108780630864203 176.68860655184835 137.6615248573944 1891.8634416926652 745.30642692092806 109.54318296536803 150.46176467463374 608.28530588001013 1344.0368574820459 3609.3810103926808 109.84705115482211 288.1631721528247 112.74102918244898 569.06641222536564 158.44520788267255 382.24549911916256 10212.659469862469 119.5853369589895 772.32327605783939 260.70223936066031 219.0060513522476 200.91994671523571 130.90548408031464 102.46605476830155 118.49269406497478 66.691031236201525 201.0259465277195 131.35796555876732 75.005804964341223
leaf_count=119059 578 2037 657 703 8790 4767 446 518 3366 10467 16228 402 1104 515 1922 601 1262 38100 802 3511 1128 944 753 452 1183 431 657 727 479 7980
internal_value=0.00109838 0.00189006 0.00197084 0.00628393 0.0048916 0.00784537 0.00155584 0.00200257 -0.00506795 -0.00209463 0.00176028 -0.00102658 -0.0132801 0.0302902 -0.00083641 -0.00460817 -6.76703e-05 -0.000594505 0.00766999 -0.00968829 -0.00175053 0.00395504 -0.000940789 0.00185534 -0.01346 0.0110158 -0.0370399 -0.00116326 0.0140712 -0.0246046
internal_weight=50905.4 37088.2 36980.1 3239.68 3062.99 2637.17 33740.4 31611.9 2128.56 1952.32 31348.7 13817.2 425.825 263.203 13689 2313.43 11375.6 10654.8 720.837 1293.94 419.147 601.252 10413.6 1019.49 874.789 249.398 176.234 770.092 241.205 108.115
internal_count=230569 177294 167277 16021 15364 13557 151256 136320 14936 13833 135287 53275 1807 1033 52697 9955 42742 39734 3008 6423 1729 2206 38853 3532 4694 883 1103 2649 881 10017
is_linear=0
shrinkage=0.05


Tree=200
num_leaves=31
num_cat=0
split_feature=2 8 2 8 2 7 0 0 8 8 4 8 8 8 8 8 8 8 8 8 0 0 8 8 4 6 8 7 6 0
split_gain=141.848 95.4413 71.1442 71.2144 54.019 52.2858 48.7523 46.947 43.1674 56.7088 43.5299 40.6505 40.123 37.5249 32.5467 29.5565 28.0398 26.9214 71.9715 24.8628 24.7297 23.7036 19.4971 16.8289 13.282 12.7724 20.0505 17.7221 10.5413 6.47324
threshold=1.5000000000000002 19.12481784820557 -1.4999999999999998 17.014272689819339 1.0000000180025095e-35 0.064962290227413191 42.500000000000007 62.500000000000007 23.550344467163089 25.564900398254398 -0.27228534221649164 24.120081901550297 -3.1082756519317623 15.063652038574221 28.580967903137211 -27.185948371887203 -4.0424249172210684 28.580967903137211 37.442897796630866 2.6203181743621831 35.500000000000007 23.500000000000004 -107.28873062133788 11.03136730194092 -0.023980928584933277 2.5000000000000004 -82.447135925292955 -0.069857835769653306 -1.4999999999999998 71.500000000000014
decision_type=2 2 2 2 2 2 2 2 2 2 2 2 2 2 2 2 2 2 2 2 2 2 2 2 2 2 2 2 2 2
left_child=1 2 7 5 8 12 17 16 10 11 -3 -10 -4 -7 -11 20 22 -6 -19 -18 -2 -5 -1 -9 -12 -22 -27 -28 -17 -8
right_child=15 4 3 21 6 13 29 23 9 14 24 -13 -14 -15 -16 28 19 18 -20 -21 25 -23 -24 -25 -26 26 27 -29 -30 -31
leaf_value=0.0023648032786023057 0.030177402237062435 0.011355427198139978 0.00076384092937300044 0.006865032846428679 -0.033522117403671149 -0.00232935218481258 -0.01949717295827148 0.029539587640594996 -0.0047953110325951575 -0.020313783363287763 -0.041053605655042055 0.032127073635322821 0.006374828990628599 -0.024031081441825773 -0.0023340628919048382 0.017229800982619527 -0.031536198532760532 0.037633465377168343 -0.0078647520466700645 0.0062734432268610821 -0.026745219760253475 0.033085845402410947 0.021642996731221616 -0.0072264282484881927 -0.019084968139351236 -0.026654911975776813 0.048491320847804067 -0.011510855739958071 -0.032547473341518106 -0.031371985286521867
leaf_weight=290.7956972271204 30.646277658641338 98.345730304718018 18793.581511979923 147.49045448750257 66.562192060053349 8540.6357867326587 516.54958624579012 386.1243982501328 116.02178470045328 253.69169238582253 100.25243713706732 197.8399865925312 3831.9215734172612 199.03512451797724 9476.3348164018244 7.9920941991731516 79.338618744164705 96.605665974318981 596.49180866777897 86.91660837829113 100.36229267530143 213.80301782116294 236.00507601350546 31.909590562805533 262.3209984190762 33.217461709864438 22.228015277534723 19.593561677262187 419.51740512158722 173.31131916865706
leaf_count=3177 291 385 66295 430 672 32344 8292 7999 532 975 453 767 14275 788 47152 222 458 561 7769 599 1835 835 2366 389 1487 618 417 453 22724 5009
internal_value=-0.000587003 -0.000253389 0.00113924 0.000702646 -0.00407769 0.000446598 -0.0131098 0.0135468 -0.00282574 -0.00213444 -0.0177054 0.0186172 0.00171533 -0.00283704 -0.00281304 -0.0239866 0.00549023 -0.00432313 -0.00129897 -0.0121636 -0.00816725 0.0226216 0.0111237 0.0266809 -0.0256352 -0.0155176 0.000231717 0.0221528 -0.0314285 -0.0226847
internal_weight=45425.4 44791.9 32837.6 31726.5 11954.3 31365.2 1449.52 1111.09 10504.8 10043.9 460.919 313.862 22625.5 8739.67 9730.03 633.557 693.056 759.66 693.097 166.255 206.048 361.293 526.801 418.034 362.573 175.401 75.039 41.8216 427.509 689.861
internal_count=230569 204009 129955 114967 74054 113702 22303 14988 51751 49426 2325 1299 80570 33132 48127 26560 6600 9002 8330 1057 3614 1265 5543 8388 1940 3323 1488 870 22946 13301
is_linear=0
shrinkage=0.05


Tree=201
num_leaves=31
num_cat=0
split_feature=2 0 2 8 5 4 8 5 8 4 6 8 4 8 5 9 4 8 0 8 6 6 8 0 8 8 6 8 6 0
split_gain=149.75 107.367 88.0388 64.0124 58.0874 46.699 40.5919 59.3505 39.538 43.5503 35.9954 57.5386 35.9068 35.7493 35.6752 35.6016 45.7719 43.45 34.649 26.9653 25.3505 19.1419 13.868 11.6417 10.5458 5.42094 6.74507 3.47046 0.555773 1.02508
threshold=-1.0000000180025095e-35 65.500000000000014 2.5000000000000004 393.63970947265631 1.0000000180025095e-35 -0.90008330345153797 -297.32894897460932 2.5000000000000004 82.886116027832045 0.99778667092323314 1.0000000180025095e-35 113.39955902099611 0.072953686118125929 348.21440124511724 -5.4999999999999991 1.0000000180025095e-35 -0.015870142728090283 -31.164384841918942 31.500000000000004 22.614761352539066 1.0000000180025095e-35 1.5000000000000002 153.43129730224612 73.500000000000014 -361.24395751953119 -20.352562904357907 1.0000000180025095e-35 -144.44563293457028 -6.4999999999999991 81.500000000000014
decision_type=2 2 2 2 2 2 2 2 2 2 2 2 2 2 2 2 2 2 2 2 2 2 2 2 2 2 2 2 2 2
left_child=1 3 4 5 8 19 7 20 9 12 14 -12 -2 18 -10 16 -8 -17 -7 24 -6 -9 23 25 -1 27 -27 -3 29 -25
right_child=2 22 -4 -5 6 13 15 21 10 -11 11 -13 -14 -15 -16 17 -18 -19 -20 -21 -22 -23 -24 28 -26 26 -28 -29 -30 -31
leaf_value=0.0044698984253333414 -0.0017817759045132822 -0.014247144678769023 0.030374239554317076 0.046599923656741704 -0.011036780901993868 0.001943916012732766 0.0084214820792270807 -0.015804533144163042 -0.019510291744889517 0.027570984130170541 -0.025165258142383615 0.00567030842053938 -0.0077414805385011727 -0.032202865903117106 0.007537612282037841 -0.013164699798035195 0.00073251434830378488 0.0098819272389476069 -0.007617574126666634 0.0066691097012944473 0.014945457820039698 -0.04406825816948276 -0.0041391571820768433 0.001027496092660558 -0.03013186782110638 -0.00515940578184906 -0.025224811931625825 -0.031313924937386231 -0.031247489689233073 -0.021690631926089138
leaf_weight=22.372247375547886 14838.442085824907 62.674042388796806 238.03915102034807 53.836033523082733 178.77036887407303 1677.6780688930303 2166.7730216495693 140.35105469077826 123.77580668032169 113.87456925958395 256.04782405868173 356.3836880531162 3042.6012034062296 106.33053733408451 2376.1814678236842 220.00753906369209 17806.901237891987 2311.9522870611399 2167.0520379971713 66.135014900937676 187.08538796007633 112.81990022957325 82.945124872028828 7.0238738590851453 312.19594625104219 128.05743428878486 59.934759598225355 94.865362212061882 481.96737398672849 8.9967801766470057
leaf_count=523 52843 1751 10121 165 831 8904 7844 619 498 637 951 2037 11385 357 8610 761 71287 8810 16465 569 731 445 599 394 5814 1716 570 1783 12174 551
internal_value=-0.00058642 -0.00850031 0.000363324 -0.00523265 0.000198402 -0.00592662 0.0019293 -0.0106514 -0.00169794 -0.00259796 0.00350158 -0.00732094 -0.00279775 -0.0042618 0.00616217 0.00227763 0.00156852 0.00785736 -0.00344824 -0.0220874 0.00227196 -0.0290092 -0.0239274 -0.0258374 -0.0277863 -0.0183031 -0.0120443 -0.0251714 -0.0308313 -0.0138552
internal_weight=49802.1 5332.06 44470 4405.6 44232 4351.76 23124.7 619.027 21107.3 17994.9 3112.39 612.432 17881 3951.06 2499.96 22505.6 19973.7 2531.96 3844.73 400.703 365.856 253.171 926.465 843.52 334.568 345.532 187.992 157.539 497.988 16.0207
internal_count=230745 52335 178410 32797 168289 32632 91328 2626 76961 64865 12096 2988 64228 25726 9108 88702 79131 9571 25369 6906 1562 1064 19538 18939 6337 5820 2286 3534 13119 945
is_linear=0
shrinkage=0.05


Tree=202
num_leaves=31
num_cat=0
split_feature=2 0 7 4 8 8 8 8 6 4 2 4 6 4 5 0 7 8 7 4 8 8 8 8 4 7 7 8 4 8
split_gain=31.0408 28.9007 22.977 28.2791 30.5539 23.0201 70.017 60.016 36.6723 35.897 42.9296 21.6675 18.1162 13.2476 14.5568 16.9851 20.4707 15.0805 13.2452 13.2757 12.6074 11.6177 10.5957 10.1921 9.92324 8.7291 7.51129 5.43317 3.57334 3.15219
threshold=2.5000000000000004 15.500000000000002 0.38838604092597967 0.866277575492859 269.34574890136724 -372.31275939941401 -349.79296874999994 -340.70903015136713 -1.4999999999999998 -0.45558331906795496 -1.0000000180025095e-35 -0.59927418828010548 -1.4999999999999998 -0.094630509614944444 2.5000000000000004 5.5000000000000009 0.42963658273220068 -49.602500915527337 0.098340999335050597 -0.34014736115932459 41.241231918334968 375.88629150390631 -1.2817159891128538 42.778856277465827 1.4746136069297793 -0.10253930464386939 0.011554018594324591 -58.058500289916985 -0.238982118666172 1.6444900035858157
decision_type=2 2 2 2 2 2 2 2 2 2 2 2 2 2 2 2 2 2 2 2 2 2 2 2 2 2 2 2 2 2
left_child=1 13 5 12 24 9 8 -8 -7 11 -11 -3 -4 18 15 22 -17 -16 19 25 -14 -6 -15 28 -5 -1 -19 -21 -20 -2
right_child=29 2 3 4 21 6 7 -9 -10 10 -12 -13 20 14 17 16 -18 26 23 27 -22 -23 -24 -25 -26 -27 -28 -29 -30 -31
leaf_value=0.012617261557115237 -0.010369287156628845 0.00037409299112848638 -0.014809587527072336 0.021490258807133403 -0.017400507179133603 -0.0026475476815756354 0.033987820999904099 0.0013931280611940808 -0.032604126597970608 -0.0070941238974240456 0.019654110153981386 -0.033378080503640911 0.012014091844317428 0.00025661791214358598 0.0060636969721324383 0.0014893014918947161 0.020014321024459145 0.00062212643739964664 -0.012877717869734899 -0.010933612264266326 0.0016015670727825638 0.014112390278935391 -0.004976490167771617 -0.024371606978056317 0.044561435819994902 -0.0033295924880799863 -0.015820640570127349 -0.0026956086441085412 -0.0010983393831633605 -0.031346492887880446
leaf_weight=187.09408577159047 32.202105086296797 201.12906541209668 110.15160346869379 146.69872613623738 53.337769661098719 186.89019340556115 136.77928646188229 36885.985359761864 222.92054214701056 191.49862555600703 652.51399570703506 57.227264104411006 496.93239656835794 1920.4049357846379 139.31110954284668 4500.5171137806028 149.30062461644411 85.773609632626176 131.15309158712626 342.76890853792429 695.11982116475701 53.705655720084906 1942.951106980443 133.23647919483483 81.713010437786579 152.04620833601803 351.99300407245755 482.24442581832409 124.06765289604664 71.534661953803152
leaf_count=819 2032 1749 563 787 563 1291 721 163332 973 1222 2047 270 1802 6766 457 16935 778 353 482 1363 3683 479 7589 612 489 605 1721 1744 429 8089
internal_value=0.00107619 0.00113319 0.0017469 0.0075388 0.020377 0.0014998 0.00128944 0.00151812 -0.0191393 0.00860504 0.0135791 -0.00759395 0.0041663 -0.00118306 -0.000452752 7.02533e-05 0.00210498 -0.00810257 -0.00544368 -0.00274984 0.0059743 -0.00166569 -0.00237824 -0.0133792 0.0305216 0.00552333 -0.0126283 -0.0061635 -0.00728267 -0.025611
internal_weight=50919.2 50815.5 40172.6 1637.66 335.455 38534.9 37432.6 37022.8 409.811 1102.37 844.013 258.356 1302.2 10642.9 9090.25 8513.17 4649.82 577.078 1552.61 1164.15 1192.05 107.043 3863.36 388.457 228.412 339.14 437.767 825.013 255.221 103.737
internal_count=230745 220624 179971 8366 2318 171605 166317 164053 2264 5288 3269 2019 6048 40653 34599 32068 17713 2531 6054 4531 5485 1042 14355 1523 1276 1424 2074 3107 911 10121
is_linear=0
shrinkage=0.05


Tree=203
num_leaves=31
num_cat=0
split_feature=8 8 5 8 8 8 8 8 4 8 8 8 8 8 3 8 3 8 8 6 4 4 0 7 4 8 9 9 8 8
split_gain=96.1264 59.6919 57.2529 56.3908 117.434 122.239 63.0611 62.9224 53.7872 61.1495 56.1749 59.4292 118.097 58.2107 55.4272 48.0023 38.2212 35.6756 337.286 45.5574 29.0571 24.4364 22.5055 17.8042 13.467 21.8008 25.5236 11.4476 9.73023 8.00423
threshold=19.12481784820557 17.014272689819339 -3.4999999999999996 -90.108810424804673 -30.148659706115719 -19.300438880920407 -36.567935943603509 -100.76657485961913 1.0229237079620364 419.47741699218756 402.32070922851568 348.21440124511724 352.43107604980474 330.51454162597662 -1.0000000180025095e-35 16.161653518676761 1.0000000180025095e-35 -3.1082756519317623 -8.6262278556823713 3.5000000000000004 1.0000000180025095e-35 0.043918507173657424 34.500000000000007 0.33533839881420141 1.6852210164070132 56.387886047363288 1.0000000180025095e-35 1.0000000180025095e-35 447.06620788574224 35.245143890380866
decision_type=2 2 2 2 2 2 2 2 2 2 2 2 2 2 2 2 2 2 2 2 2 2 2 2 2 2 2 2 2 2
left_child=1 2 3 7 6 -6 -5 16 10 24 11 13 -13 14 -2 17 -1 18 -4 -19 -17 22 -3 -14 25 29 -27 -26 -12 -10
right_child=8 21 15 4 5 -7 -8 -9 9 -11 28 12 23 -15 -16 20 -18 19 -20 -21 -22 -23 -24 -25 27 26 -28 -29 -30 -31
leaf_value=0.0072537521696219914 -0.037343832034649978 -0.0037899447506729621 0.0003175661146075714 -0.0065347165676977181 0.035853871981447592 0.0022751342467809935 -0.037168163848258523 0.044270403553555715 -0.018335389687724614 0.057630530172261468 -0.038011788732267071 0.068620305971674955 0.011559075178560953 -0.035785700639741368 -0.0030649397548012051 -0.0054505562833085559 0.035865820564228053 0.0041103504239060297 -0.028564581730301988 -0.023187984757734374 -0.046104007865185433 0.035580507347787532 0.026944602204202403 -0.0094358159997255248 -0.036925188891020484 -0.013662830915305591 0.032471556509510426 0.002796615202085375 -0.00800651104944183 -0.045818136201447049
leaf_weight=2483.9164455775172 114.30669607315212 133.12647160515189 20192.142524694093 991.8742784820497 326.73778782784939 1485.5367361484095 198.11542242206633 125.38065468892455 60.248647386208177 21.235669810324907 131.22990549355745 77.203921673819423 238.09042262099683 136.07792487367988 10576.492719500326 88.38045416213572 117.96141803078353 5465.7439635004848 1059.0967509411275 152.30832305923104 85.544519286602736 151.86483802646399 101.26065531000495 168.00288833398372 155.5101964045316 348.70425913017243 28.025353672914207 19.68766859639436 37.614958402700722 65.054203432053328
leaf_count=13096 1097 435 79018 4664 1484 6695 799 593 1075 471 1419 548 2329 1927 64858 380 826 22481 4575 2311 543 843 501 1616 6009 7516 395 556 467 1218
internal_value=-0.000564523 0.0008308 0.000598933 0.00513689 0.000406195 0.00841109 -0.0117689 0.0103343 -0.00436274 -0.0177865 -0.00353855 -0.00310355 0.0139635 -0.0038715 -0.00344874 -0.000363276 0.00861724 -0.000191355 -0.00112821 0.00335032 -0.0261754 0.0202452 0.00977354 0.00286426 -0.0205563 -0.0161061 -0.00985047 -0.0325078 -0.0317498 -0.0338144
internal_weight=45336.5 33159 32772.7 5729.52 3002.26 1812.27 1189.99 2727.26 12177.5 698.466 11479 11310.2 483.297 10826.9 10690.8 27043.2 2601.88 26869.3 21251.2 5618.05 173.925 386.252 234.387 406.093 677.23 502.032 376.73 175.198 168.845 125.303
internal_count=230745 139244 137465 28157 13642 8179 5463 14515 91501 17240 74261 72375 4493 67882 65955 109308 13922 108385 83593 24792 923 1779 936 3945 16769 10204 7911 6565 1886 2293
is_linear=0
shrinkage=0.05


Tree=204
num_leaves=31
num_cat=0
split_feature=2 2 5 3 0 2 0 8 2 8 4 0 3 4 8 8 0 8 8 8 2 8 4 8 6 4 5 8 8 8
split_gain=143.744 103.489 106.781 79.0032 91.885 62.4256 47.0535 45.8158 43.0505 37.8733 42.0762 38.784 36.09 36.6194 33.9128 28.823 18.9863 13.9768 11.8519 25.196 10.3675 8.67618 7.57314 6.65312 7.42585 42.7665 6.57149 1.1669 3.31704 0.437148
threshold=-1.4999999999999998 1.0000000180025095e-35 -3.4999999999999996 -1.0000000180025095e-35 69.500000000000014 2.5000000000000004 82.500000000000014 384.61386108398443 -1.0000000180025095e-35 -222.32796478271482 -0.59927418828010548 62.500000000000007 1.0000000180025095e-35 0.11763067170977594 -130.9697570800781 269.34574890136724 77.500000000000014 20.889002799987797 -349.79296874999994 -380.98957824707026 1.5000000000000002 -92.289104461669908 1.1148747205734255 -394.88154602050776 -5.4999999999999991 -0.99019217491149891 8.5000000000000018 1.6444900035858157 -12.206459999084471 -34.538461685180657
decision_type=2 2 2 2 2 2 2 2 2 2 2 2 2 2 2 2 2 2 2 2 2 2 2 2 2 2 2 2 2 2
left_child=22 2 9 16 7 6 12 -5 -6 18 14 -12 15 -14 -11 -3 17 -4 19 -2 26 -22 23 -1 25 -25 -8 28 -7 -26
right_child=1 5 3 4 8 27 20 -9 -10 10 11 -13 13 -15 -16 -17 -18 -19 -20 -21 21 -23 -24 24 29 -27 -28 -29 -30 -31
leaf_value=0.0015212515590807617 -0.033534155102584569 0.002359581025117448 0.014472169035562144 -0.0004102156920718708 -0.02489892519297586 0.030348913736548851 0.014713286945971356 0.016448833482465633 -0.0071369430904500378 0.01956723078878847 -0.008791039068508269 -0.026407216937173017 -0.035695505994821429 -0.00055514014510239535 -0.0044291758189337702 0.013280033283128285 0.0014446454989972147 0.032572260469560611 -0.033373288279410239 0.0058030895605906702 -0.00086764291125178026 0.032925083367960982 0.0083189106710687463 -0.030313855435984062 -0.033124551974785296 0.070698803126125448 0.0019152622750828699 0.03273586665587299 0.0078525623067976068 -0.026276862982040988
leaf_weight=19.464289955794811 77.985874198377132 9962.550859298557 276.06772846728563 30400.219919342548 397.00767259113491 38.298957426100969 535.69172651320696 403.39826622605324 2315.8366215825081 171.33250084146857 1268.6609763242304 413.92217663861811 116.40194695815444 190.84211033582687 887.33199276402593 638.64998251199722 147.9286234267056 186.77662618458271 204.64033870771527 77.428508270531893 22.303463239222765 113.93526202999055 13.665547855198382 42.625202735885978 221.32908667996526 8.4904561266303045 125.15740632638335 155.65185236278921 33.837081532925367 239.50923172943294
leaf_count=795 817 45452 875 103944 6111 1003 3214 1623 9507 1493 5387 2836 374 686 6232 7199 626 574 2372 830 182 2305 172 2235 8196 216 996 8077 1070 5492
internal_value=-0.000431989 -0.00014757 -0.00144642 -0.00063849 -0.000964405 0.00390337 0.00339196 -0.000186799 -0.00977732 -0.0103217 -0.00828816 -0.0131901 0.00253126 -0.0142268 -0.000471912 0.00302341 0.0171089 0.0220463 -0.0254781 -0.0143661 0.0150818 0.027558 -0.0258496 -0.0267976 -0.0278786 -0.00873097 0.0123221 0.0295467 0.0209895 -0.0298859
internal_weight=49706.9 49161.9 37228.5 34127.2 33516.5 11933.3 11705.5 30803.6 2712.84 3101.3 2741.25 1682.58 10908.4 307.244 1058.66 10601.2 610.773 462.844 360.055 155.414 797.088 136.239 545.084 531.418 511.954 51.1157 660.849 227.788 72.136 460.838
internal_count=230891 213785 143227 123260 121185 70558 60408 105567 15618 19967 15948 8223 53711 1060 7725 52651 2075 1449 4019 1647 6697 2487 17106 16934 16139 2451 4210 10150 2073 13688
is_linear=0
shrinkage=0.05


Tree=205
num_leaves=31
num_cat=0
split_feature=6 0 7 6 8 8 5 8 8 8 8 8 8 5 8 2 4 8 2 7 8 7 4 4 7 4 8 7 8 8
split_gain=34.3064 32.3683 28.3659 29.6323 31.6635 41.557 26.0246 76.0144 139.516 102.434 52.5976 63.0908 62.0325 17.5998 17.8478 17.9605 11.1445 10.3421 10.3375 12.4067 9.49486 9.13683 7.37563 9.59611 9.61277 9.28004 11.8624 7.96978 5.58459 3.79619
threshold=6.5000000000000009 12.500000000000002 0.38838604092597967 2.5000000000000004 -62.530506134033196 -9.2462801933288556 1.5000000000000002 -210.06182098388669 -245.087776184082 -130.9697570800781 -210.06182098388669 -340.70903015136713 -191.96870422363278 10.500000000000002 179.729362487793 1.0000000180025095e-35 0.81387585401535045 269.34574890136724 1.0000000180025095e-35 0.18860429525375369 41.241231918334968 -0.15193545073270795 -0.13682280480861661 -0.34014736115932459 0.041872641071677215 1.0000000180025095e-35 -388.37040710449213 0.41189572215080267 -55.005657196044915 82.886116027832045
decision_type=2 2 2 2 2 2 2 2 2 2 2 2 2 2 2 2 2 2 2 2 2 2 2 2 2 2 2 2 2 2
left_child=1 18 6 4 -4 -6 10 8 -8 -9 11 -3 -12 -2 15 -15 20 -18 22 21 -5 -20 23 24 -1 26 -24 -27 -25 -21
right_child=13 2 3 16 5 -7 7 9 -10 -11 12 -13 -14 14 -16 -17 17 -19 19 29 -22 -23 25 28 -26 27 -28 -29 -30 -31
leaf_value=0.0074012421395211669 -0.042590187444255696 0.0048118453129280337 0.032463030454649634 0.02466112006318107 -0.022046266556936839 0.0054436843993151546 0.0032212944400038068 -0.022862066148993301 0.048851405002016034 -0.00029432021218697631 0.025633050260153934 -0.0093759671634485783 0.0029741976517657924 0.01458061641035263 -0.033774185284409931 -0.023955126647130769 0.034778740607145503 0.012420224729850594 -0.0013762559329248511 0.0013616669047785402 0.0024275139107862108 0.017136071887609215 0.014884578586664039 -0.018195258911982447 -0.011512348113841615 -0.0050109503265750172 -0.00080762094344485392 0.0064523728517412492 -0.0068751767568783683 -0.017268524790881853
leaf_weight=181.68041438609362 52.011651828419417 1326.5664604976773 85.956225734204054 69.25482524652034 153.2161564854905 1045.2272927877493 756.63869026396424 515.83152932208031 210.4514623824507 14541.195980791934 301.61346404254436 1900.7971623027697 20795.829296897631 78.56329583376646 49.498894879594445 42.38407972548157 141.97130248928443 92.332517360337079 97.401943974196911 50.262992318719625 139.49046393530443 201.41142206545919 118.40483728051186 169.79716937988997 99.959412168711424 2189.6869464889169 5001.8554104194045 158.6577371135354 319.32861911505461 53.239883197471499
leaf_count=763 1373 7006 289 301 639 5195 3154 2349 838 71581 1339 9866 87597 245 1597 1586 978 1200 379 276 903 1004 418 679 381 8053 18449 718 1189 546
internal_value=0.000974234 0.00106102 0.00163345 0.00789869 0.00401873 0.00185221 0.00136428 -0.000200258 0.0133512 -0.00107479 0.00239475 -0.00354583 0.00330413 -0.0184011 -0.0100164 0.000661488 0.0189763 0.0264115 -0.00172547 0.00605348 0.0102082 0.0111784 -0.00210874 -0.0067507 0.000604723 -0.00162549 -0.000430576 -0.00422441 -0.0109492 -0.00857551
internal_weight=50940.5 50718.1 42076.4 1727.45 1284.4 1198.44 40348.9 16024.1 967.09 15057 24324.8 3227.36 21097.4 222.458 170.446 120.947 443.049 234.304 8641.69 402.316 208.745 298.813 8239.37 770.766 281.64 7468.6 5120.26 2348.34 489.126 103.503
internal_count=230891 226090 193235 9505 6123 5834 183730 77922 3992 73930 105808 16872 88936 4801 3428 1831 3382 2178 32855 2205 1204 1383 30650 3012 1144 27638 18867 8771 1868 822
is_linear=0
shrinkage=0.05


Tree=206
num_leaves=31
num_cat=0
split_feature=2 0 2 3 8 6 8 5 8 8 4 8 2 6 3 5 3 5 0 8 4 6 6 8 8 4 6 5 6 0
split_gain=154.479 90.3156 76.199 66.4283 57.8147 83.5765 67.8844 52.2645 47.4746 150.882 50.2492 38.5348 35.1074 27.5101 31.4467 17.6706 22.0192 16.2547 16.16 14.9813 12.8054 11.6131 10.1626 7.05064 14.8558 5.65374 5.4115 3.49635 2.10465 1.60782
threshold=1.0000000180025095e-35 62.500000000000007 -2.4999999999999996 -1.0000000180025095e-35 -144.44563293457028 1.0000000180025095e-35 -388.37040710449213 5.5000000000000009 -46.97898864746093 -19.300438880920407 -1.3821108937263487 -310.69364929199213 1.5000000000000002 1.0000000180025095e-35 1.0000000180025095e-35 2.5000000000000004 1.0000000180025095e-35 1.0000000180025095e-35 74.500000000000014 -27.185948371887203 -0.56362915039062489 2.5000000000000004 2.5000000000000004 15.063652038574221 -31.164384841918942 0.47888524830341345 -1.0000000180025095e-35 -7.4999999999999991 -1.0000000180025095e-35 76.500000000000014
decision_type=2 2 2 2 2 2 2 2 2 2 2 2 2 2 2 2 2 2 2 2 2 2 2 2 2 2 2 2 2 2
left_child=2 11 -1 23 5 6 -5 -7 10 -10 -6 17 13 20 -15 16 18 -2 22 21 -13 -14 -3 24 26 -25 -4 -20 -21 -17
right_child=1 15 3 4 8 7 -8 -9 9 -11 -12 12 19 14 -16 29 -18 -19 27 28 -22 -23 -24 25 -26 -27 -28 -29 -30 -31
leaf_value=0.033115945911890522 6.1865829224627987e-05 -0.014167951186774805 -0.032187517869919614 -0.0057691270984033469 -0.029280736773623056 -0.0027450999004840948 0.009679511454937886 -0.032705852905902569 0.0083292761080670883 -0.0013049377578521518 -0.003217853516841384 0.0025963485908848827 -0.020899007984243614 -0.0032054820454687641 0.031339405088399191 -0.024640619941609512 0.014055446084508844 0.02188231046238974 -0.013695877569316625 -0.0036853001919953084 -0.013962142050721636 0.011699450833308192 0.010857949535135924 -0.037961054168892061 -0.00014079972580009886 -0.015322367146109498 -0.014504000254710606 -0.030653776085024727 -0.031193907577115473 -0.032751752630098517
leaf_weight=172.57641747407615 172.23041345179081 293.37763839401305 82.699567798525095 832.72263772040606 184.88957769423723 1237.6580962948501 4749.7054958939552 160.15315663442016 5102.9935877919197 19877.483505900949 7252.9625234603882 131.82678340375423 55.722910333424807 2338.0811465457082 62.807150915265083 281.18928683828562 54.008138756267726 164.2432409375906 49.704100848175585 8.6822245176881534 928.14604352600873 45.283597009256482 43.193396870978177 71.063461743295193 117.94068898260593 60.574800252914429 117.48221131041646 206.92714007291943 200.5800286475569 206.64067214168608
leaf_count=5801 518 3893 403 3051 1104 3831 18419 649 17310 83453 24212 632 768 20048 279 8975 604 510 657 227 6665 553 916 402 561 486 651 5710 9835 9768
internal_value=-0.000622018 -0.0086882 0.000435585 0.000289915 0.000509165 0.00463515 0.00737196 -0.00628217 -0.000379809 0.000664405 -0.00388496 -0.0052251 -0.00667434 -0.00521058 -0.00223854 -0.0211429 -0.015517 0.0108776 -0.0183044 -0.0226601 -0.0119003 -0.00642185 -0.0108444 -0.0187106 -0.0142875 -0.0284855 -0.0224158 -0.0276939 -0.0301652 -0.0283739
internal_weight=45263.5 5242.64 40020.9 39848.3 39398.6 6980.24 5582.43 1397.81 32418.3 24980.5 7437.85 4107.6 3771.13 3460.86 2400.89 1135.04 647.21 336.474 593.202 310.269 1059.97 101.007 336.571 449.761 318.122 131.638 200.182 256.631 209.262 487.83
internal_count=230891 70558 160333 154532 152029 25950 21470 4480 126079 100763 25316 40035 39007 27624 20327 30523 11780 1028 11176 11383 7297 1321 4809 2503 1615 888 1054 6367 10062 18743
is_linear=0
shrinkage=0.05


Tree=207
num_leaves=31
num_cat=0
split_feature=2 2 5 3 0 2 0 8 2 3 4 8 4 7 8 4 5 8 8 6 4 8 8 8 4 8 0 8 0 0
split_gain=132.908 89.8282 101.091 75.1543 88.8155 61.4171 44.6914 41.5624 36.7684 33.7844 34.438 33.7278 37.3726 29.6361 26.1083 23.386 18.7081 15.7496 28.6514 8.04247 58.4577 8.23085 7.87264 6.83612 5.8561 5.12014 4.87926 1.01201 4.63756 0.59506
threshold=-1.4999999999999998 1.0000000180025095e-35 -3.4999999999999996 -1.0000000180025095e-35 73.500000000000014 2.5000000000000004 83.500000000000014 -66.618366241455064 -1.0000000180025095e-35 1.0000000180025095e-35 0.082730781286954894 -222.32796478271482 -0.020519999787211415 0.33533839881420141 269.34574890136724 -1.3821108937263487 2.5000000000000004 -349.79296874999994 -380.98957824707026 -5.4999999999999991 -0.93012794852256764 -394.88154602050776 -9.2462801933288556 -37.716585159301751 1.1148747205734255 196.6261901855469 57.500000000000007 1.6444900035858157 59.500000000000007 23.500000000000004
decision_type=2 2 2 2 2 2 2 2 2 2 2 2 2 2 2 2 2 2 2 2 2 2 2 2 2 2 2 2 2 2
left_child=19 2 11 13 7 6 9 -5 -6 14 -11 17 15 16 -3 -13 -4 18 -2 20 -1 -21 23 -8 29 -24 -14 28 -7 -23
right_child=1 5 3 4 8 27 22 -9 -10 10 -12 12 26 -15 -16 -17 -18 -19 -20 21 -22 24 25 -25 -26 -27 -28 -29 -30 -31
leaf_value=-0.030505921432607632 -0.033293802314904468 0.0020280903536705973 0.0078567235562440451 -0.0043555721703389593 -0.027643880812651296 0.00092034644156494005 0.014240854335645786 0.00041203373505988277 -0.0084588179251786563 -0.034993769735902798 -0.0011258957979405585 0.0094309446167307447 -0.016881958605695011 -0.00080879973781536058 0.012383852323839819 -0.0079755153565480782 0.030614755888216966 -0.034153892000162438 0.0090370735945447828 0.0052014952054479941 0.087747379163806316 -0.014944004179510013 0.023254861783862824 -0.0014372112301521802 0.0023733641340855176 0.0067711869616425367 -0.033536818671508838 0.032664027922237701 0.028946169783721856 -0.030262584424064078
leaf_weight=45.043021971359849 74.472375810146332 10037.247094327584 135.45822151005268 5547.5628089867532 290.23143090680242 21.048334509134293 222.78376055136323 25863.399590581656 1691.9410415962338 115.06447882950306 201.16578191891313 206.46827854588628 90.357647024095058 173.29139280319214 643.27291653491557 2295.2965906728059 294.60559170693159 194.57041037455201 77.063608054071665 17.14478478487581 8.2303410554304701 21.464363235980272 293.09372602216899 98.844635065644979 13.96287235803902 62.059088749811053 138.47951313108206 148.27134787011892 47.208763068541884 423.95684867538512
leaf_count=2428 813 46192 494 25863 4970 507 1273 82631 7348 372 732 1708 327 603 7393 13141 956 2335 820 640 190 421 3039 612 175 869 795 8091 1501 13289
internal_value=-0.000606131 -0.000335319 -0.00154817 -0.000762017 -0.00107914 0.00344542 0.00294916 -0.000430543 -0.0113304 0.00217793 -0.013802 -0.0102196 -0.00832481 0.0166542 0.00265731 -0.00652303 0.0236193 -0.024837 -0.0121654 -0.0253969 -0.00627526 -0.0274472 0.0153727 0.00947434 -0.0287086 0.0205085 -0.0274621 0.0295297 0.0209566 -0.0296985
internal_weight=49493.1 48963.3 37073.2 33996.5 33393.1 11890.1 11673.5 31411 1982.17 10996.8 316.23 3076.71 2730.6 603.355 10680.5 2501.76 430.064 346.106 151.536 529.802 53.2734 476.529 676.781 321.628 459.384 355.153 228.837 216.528 68.2571 445.421
internal_count=230528 213385 142804 122865 120812 70581 60482 108494 12318 54689 1104 19939 15971 2053 53585 14849 1450 3968 1633 17143 2618 14525 5793 1885 13885 3908 1122 10099 2008 13710
is_linear=0
shrinkage=0.05


Tree=208
num_leaves=31
num_cat=0
split_feature=6 0 7 6 9 4 6 5 3 6 4 5 4 4 7 2 4 4 7 5 7 2 2 0 9 4 7 4 7 4
split_gain=28.7455 27.7208 30.0165 29.6766 28.1978 64.6914 25.9792 25.091 23.0584 44.177 25.6202 19.7859 17.044 16.6635 14.5028 19.1551 13.9646 16.8984 19.889 11.599 11.266 10.0246 9.48183 7.4358 7.03307 6.84265 6.68188 6.26162 4.69548 2.98012
threshold=6.5000000000000009 15.500000000000002 0.39562150835990911 -1.4999999999999998 1.0000000180025095e-35 -0.027575368992984291 1.5000000000000002 -10.499999999999998 -1.0000000180025095e-35 -2.4999999999999996 1.6852210164070132 10.500000000000002 0.84939640760421764 0.37112155556678778 0.27114334702491766 1.0000000180025095e-35 -0.15555509924888608 -0.34014736115932459 -0.088664870709180818 1.5000000000000002 0.47531665861606603 -1.0000000180025095e-35 1.0000000180025095e-35 10.500000000000002 1.0000000180025095e-35 -0.49765251576900477 -0.041303358972072594 0.077509440481662764 -0.23230334371328351 0.99778667092323314
decision_type=2 2 2 2 2 2 2 2 2 2 2 2 2 2 2 2 2 2 2 2 2 2 2 2 2 2 2 2 2 2
left_child=1 16 4 -4 8 7 -7 -6 9 -3 -10 -2 13 -5 15 -13 17 18 28 22 -14 -19 23 -18 27 -20 -24 -21 -1 -17
right_child=11 2 3 12 5 6 -8 -9 10 -11 -12 14 20 -15 -16 29 19 21 25 24 -22 -23 26 -25 -26 -27 -28 -29 -30 -31
leaf_value=0.0039796891470128852 -0.042824615180795313 0.028462402944526094 -0.015966564027823399 0.011983397309038956 -0.016521755791300923 -0.0043357321870440991 -0.015909551166033081 0.0052831046274121277 0.0022882051523907304 -0.0097884185752885305 -0.0114910462882463 0.024967654754402546 0.012608165107559589 -0.0012732790828977906 -0.023007533400139186 0.0031984756695911973 -0.00099713963120457729 -0.023193102206506475 -0.015945523771724167 0.0033733096122079754 0.032543408429869539 -0.0081902616148115028 0.00071904304361467236 0.0027371656742957128 -0.015899954273199648 0.00039816115483170644 0.014262532335341067 -0.0053485228541837104 0.019382983809530786 -0.026542884426003756
leaf_weight=95.178923014551401 50.457409399095923 78.685855764895678 108.51487073302269 719.94838566333055 136.67888543475419 1314.7550677675754 768.38740577967837 1945.5697785103694 33194.965959000401 778.68807435082272 335.93027747096494 50.467798084020615 183.35567396134138 350.89420488104224 78.606328031979501 9.9121323246508819 6047.2631585225463 145.67599458992481 135.03519391827285 254.31022267788649 123.37168349139392 471.17623838037252 169.23287108168006 1704.6277661472559 123.59254048578441 117.57342244684696 193.59703949838877 1012.0562266246416 105.8430104739964 28.645348080433905
leaf_count=437 1358 403 543 3140 923 5791 4924 7552 149227 4019 4127 163 1481 1913 1644 166 22292 648 550 955 1165 1746 657 6166 568 447 1159 4414 438 1512
internal_value=0.00105975 0.00113858 0.0017399 0.0087012 0.00147047 -0.00241274 -0.00863272 0.00381568 0.00194112 -0.00613326 0.00214846 -0.0168496 0.0106951 0.00765371 -0.00801721 0.00573838 -0.00113788 -0.00653812 0.000791528 -0.000526545 0.0210199 -0.0118913 0.000197342 -0.000174737 -0.00473823 -0.00847848 0.00804116 -0.00359064 0.0123635 -0.0194077
internal_weight=50833 50614.9 40039.7 1486.08 38553.7 4165.39 2083.14 2082.25 34388.3 857.374 33530.9 218.089 1377.57 1070.84 167.632 89.0253 10575.2 1070.48 453.631 9504.68 306.727 616.852 8114.72 7751.89 1389.96 252.609 362.83 1266.37 201.022 38.5575
internal_count=230528 225685 185208 8242 176966 19190 10715 8475 157776 4422 153354 4843 7699 5053 3485 1841 40477 4266 1872 36211 2646 2394 30274 28458 5937 997 1816 5369 875 1678
is_linear=0
shrinkage=0.05


Tree=209
num_leaves=30
num_cat=0
split_feature=2 0 2 7 2 8 8 8 8 6 7 8 4 5 4 8 9 6 0 0 8 8 8 2 4 8 0 8 8
split_gain=129.815 86.9729 72.836 53.6406 46.9307 45.4904 47.3306 44.6374 42.3179 40.2191 38.6839 38.1777 44.085 35.4771 66.3368 35.4532 33.3869 31.3741 36.8293 29.6327 25.4937 23.3692 18.0787 9.80661 9.79102 7.08851 5.90258 5.32066 5.155
threshold=1.0000000180025095e-35 71.500000000000014 -2.4999999999999996 -0.19859391450881955 -1.0000000180025095e-35 11.03136730194092 7.8179750442504892 -388.37040710449213 3.2915763854980473 -1.4999999999999998 0.25946734845638281 -230.11035156249997 0.22598905861377719 -3.4999999999999996 0.022044216282665733 -394.88154602050776 1.0000000180025095e-35 -1.4999999999999998 43.500000000000007 83.500000000000014 348.21440124511724 -8.6262278556823713 15.063652038574221 -1.4999999999999998 -1.1796581745147703 -372.31275939941401 80.500000000000014 33.875438690185554 10.295456886291506
decision_type=2 2 2 2 2 2 2 2 2 2 2 2 2 2 2 2 2 2 2 2 2 2 2 2 2 2 2 2 2
left_child=2 5 -1 7 19 6 8 13 15 21 -11 12 -9 -4 -15 -2 -13 -7 22 20 -5 -6 -19 -21 -3 -26 28 -20 -27
right_child=1 24 3 4 9 17 -8 11 -10 10 -12 16 -14 14 -16 -17 -18 18 27 23 -22 -23 -24 -25 25 26 -28 -29 -30
leaf_value=0.033043194153065586 -0.034171129894143108 0.0011429134415024559 0.013772934784871904 0.0011191453385155615 -0.0044032199500887723 0.027932052461041058 0.032494749392927701 0.013102864682902671 -0.032724575715802541 -0.00031517050486688005 -0.0063815790940220801 0.00096169348069285055 -0.012336974794230494 -0.026553582965828645 0.009463931703432172 -0.0008412710395225057 0.010403866718203737 -0.035257862449558586 -0.031984950856763568 0.029837488236824652 0.018693261111972538 -0.015665611121755282 -0.0052102372386334007 0.010457943539078302 0.00099685262186906005 -0.015871498445089702 -0.033403369122335956 -0.020021565239897912 -0.02971805006708482
leaf_weight=165.55968069285154 77.211500316858292 33.187743909657001 140.33215260133147 8707.8586706370115 1183.1797653883696 42.225266627036035 91.782615909352899 1838.7424888089299 110.39877905230969 16524.124240715057 3119.9791420772672 4771.6831676214933 183.71015204116702 360.63508897647262 193.34631291776896 2716.9340133201331 1160.1195751726627 48.52294319588691 138.46383441053331 72.620959280058742 206.40640679001808 755.37727588415146 839.36427311506122 514.98240126669407 22.11734277009964 179.39132713247091 270.09283861704171 487.76138967741281 135.95410156017169
leaf_count=5829 282 292 641 32657 3734 456 579 7144 1129 63359 16829 16087 608 1159 641 18221 3720 339 2566 1098 662 3150 12373 2629 190 3684 10960 13579 5931
internal_value=-0.000529381 -0.00796134 0.000438876 0.00029888 -0.000670277 -0.00551872 -0.00190935 0.00378058 -0.00305048 -0.00195924 -0.00128005 0.00484287 0.0107673 -0.00833694 -0.0140108 -0.00182168 0.00281556 -0.0124393 -0.0136534 0.00225698 0.00153632 -0.00882073 -0.00704058 0.0130846 -0.0251397 -0.026573 -0.0276142 -0.0228992 -0.0222118
internal_weight=45092.1 5193.41 39898.7 39733.1 31084.5 4552.66 2996.33 8648.57 2904.54 21582.7 19644.1 7954.26 2022.45 694.314 553.981 2794.15 5931.8 1556.34 1514.11 9501.87 8914.27 1938.56 887.887 587.603 640.743 607.556 585.438 626.225 315.345
internal_count=230528 70581 159947 154118 124118 49524 20211 30000 19632 87072 80188 27559 7752 2441 1800 18503 19807 29313 28857 37046 33319 6884 12712 3727 21057 20765 20575 16145 9615
is_linear=0
shrinkage=0.05


Tree=210
num_leaves=30
num_cat=0
split_feature=2 3 2 8 8 8 8 8 0 0 2 8 8 4 6 8 0 8 8 8 4 4 6 4 4 4 8 0 0
split_gain=129.501 78.8894 80.8421 76.2806 84.2732 122.675 73.2583 110.765 58.8997 45.7925 37.5774 34.7849 31.9048 33.2692 28.7685 27.4031 26.8514 15.2622 13.6569 13.5205 10.9881 10.3628 8.88845 55.9214 8.77094 11.0108 6.47121 0.779999 0.16413
threshold=-1.4999999999999998 1.0000000180025095e-35 1.0000000180025095e-35 -25.19881439208984 -40.924243927001946 -41.776523590087884 -14.519459724426268 -15.391823768615721 48.500000000000007 28.500000000000004 2.5000000000000004 120.61153411865236 87.607540130615249 0.0078956452198326605 1.0000000180025095e-35 -40.003139495849602 83.500000000000014 393.63970947265631 -18.398090362548825 218.49330902099612 1.1906533837318423 0.43111152946949011 -5.4999999999999991 -0.87202557921409596 -0.87202557921409596 -0.39453032612800593 -394.88154602050776 26.500000000000004 53.500000000000007
decision_type=2 2 2 2 2 2 2 2 2 2 2 2 2 2 2 2 2 2 2 2 2 2 2 2 2 2 2 2 2
left_child=20 2 3 4 5 -2 7 -5 11 -8 16 14 13 24 -4 -6 -10 -13 -15 -14 22 -20 23 -1 -3 -26 -24 -28 -12
right_child=1 12 8 6 15 -7 9 -9 10 -11 28 17 19 18 -16 -17 -18 -19 21 -21 -22 -23 26 -25 25 -27 27 -29 -30
leaf_value=-0.030366395802241947 -0.0031300180229714447 -0.03808446980146233 0.0044429691291968396 0.0062280326287519651 -0.033422905659758785 0.038580347360398962 0.0018693102053841334 0.050025787291289127 0.0052946876938009214 -0.0026401205773053066 0.013755970948523606 0.011171071517175014 -0.041694522505329679 -0.011113464632504941 -0.0040505600747116483 -0.011511291085020225 0.016368068077745358 -0.0099766204846327491 -0.0010597045039912373 -0.015459755927202085 0.015469620298827478 0.021060071054139408 0.001288886874230088 0.086912313637360461 -0.0017253724371017556 -0.024337073942835838 -0.016574128700286121 -0.030763414703076027 0.030728336330786227
leaf_weight=43.271598821505904 9644.6094833295792 61.268556730821729 1399.1602376420051 1770.5179460644722 149.88712640851736 174.57979343831539 11514.797554790974 152.42966939508915 4902.0342932268977 11005.903979158029 13.290719876997171 823.28001942671835 129.85877566039562 129.94016179256141 3435.0270955143496 2138.6121045984328 613.40773831680417 91.238827305845916 112.98439402133226 91.18465992435813 12.948178516700862 93.899165024980903 16.758866213262081 7.8957239380106321 83.470506403595209 150.91026574000716 29.464273598045111 402.81866199988872 160.67716044187546
leaf_count=2451 47268 675 4595 6250 697 676 34799 562 28586 40883 586 6984 575 607 13653 8631 5567 916 444 413 142 434 617 168 642 813 611 13091 8064
internal_value=-0.000526043 -0.000262234 6.52058e-06 -0.00114153 -0.00438612 -0.00236917 0.000466181 0.00982056 0.0036741 -0.000334553 0.00727836 0.000103801 -0.0152852 -0.00943209 -0.00159022 -0.0130161 0.00653994 0.00901845 0.00134029 -0.0314535 -0.0253908 0.00923996 -0.0265912 -0.00614303 -0.0215229 -0.0164886 -0.0288279 -0.0299968 0.0298522
internal_weight=49356.1 48843 47989.5 36551.3 12107.7 9819.19 24443.6 1922.95 11438.1 22520.7 5689.41 5748.71 853.516 632.473 4834.19 2288.5 5515.44 914.519 336.824 221.043 513.157 206.884 500.209 51.1673 295.649 234.381 449.042 432.283 173.968
internal_count=230400 213320 208717 139766 57272 47944 82494 6812 68951 75682 42803 26148 4603 3615 18248 9328 34153 7900 1485 988 17080 878 16938 2619 2130 1455 14319 13702 8650
is_linear=0
shrinkage=0.05


Tree=211
num_leaves=31
num_cat=0
split_feature=6 0 2 2 2 0 5 8 8 8 4 5 8 8 8 8 8 4 5 4 8 5 8 0 8 4 8 8 5 8
split_gain=28.0444 26.4155 32.6858 38.6816 35.3868 41.122 26.5665 97.7274 27.4487 24.3611 22.6161 38.5177 27.7354 35.3857 53.3694 29.6627 24.0408 21.7452 19.2672 57.8527 46.8772 17.7778 25.9009 16.2886 15.0524 13.3717 11.7467 21.9972 10.6085 5.90204
threshold=6.5000000000000009 69.500000000000014 -1.4999999999999998 1.0000000180025095e-35 -1.0000000180025095e-35 85.500000000000014 10.500000000000002 196.6261901855469 16.161653518676761 11.03136730194092 0.93829354643821727 9.5000000000000018 269.34574890136724 37.442897796630866 50.989500045776374 -210.06182098388669 127.00802230834962 -0.16286793351173398 1.5000000000000002 0.51116424798965465 -50.632411956787102 10.500000000000002 18.190244674682621 81.500000000000014 375.88629150390631 1.2177802920341494 50.989500045776374 122.52509689331056 10.500000000000002 179.729362487793
decision_type=2 2 2 2 2 2 2 2 2 2 2 2 2 2 2 2 2 2 2 2 2 2 2 2 2 2 2 2 2 2
left_child=1 10 9 4 17 -6 8 -8 -5 -3 11 18 13 15 -15 -12 28 -4 19 -1 -20 -2 -23 -11 -14 -26 -24 -28 -13 -29
right_child=21 2 3 6 5 -7 7 -9 -10 23 12 16 24 14 -16 -17 -18 -19 20 -21 -22 22 26 -25 25 -27 27 29 -30 -31
leaf_value=0.00067449252950465242 -0.042520935030284056 -0.026712894268252768 -0.0054541022332636538 0.00059101157082996718 0.0060363978525872237 0.018347262518819293 -0.0042614954321445742 0.076503146509328532 -0.01249106349628981 0.024395510912069075 0.029723422779757598 -0.0083877478510579213 -0.023907793274544221 0.051759092563071409 0.01089748639480907 -0.00070958792050033331 0.0075865447481550767 0.0055670482440091451 0.004461370695584544 0.013606401491955548 -0.0030131999329083177 0.0262450790335725 -0.048381080446683489 -0.021369829826496805 0.028218744950804755 -0.014963118789214079 0.025116952991752886 -0.0058187757209554594 -0.027188338045914553 -0.034518419002789152
leaf_weight=27132.709005458746 47.465634073596448 146.97721484769136 892.50117688626051 1116.7006422253326 3560.0630020052195 836.26252298057079 156.49845360359177 44.047402264550328 620.22481871908531 47.688062561675906 82.45179283991456 122.2697283513844 109.26161427004263 88.318852200172842 593.03488735435531 945.98340843804181 93.667358943261206 887.74398382008076 2710.9288552487269 888.35181032540277 9212.0559569625184 36.310597076080739 22.869217847473919 26.161932086572051 29.734164937864989 32.469229731708765 26.73491134122014 31.049157049972564 217.61726356716827 46.697404441889375
leaf_count=106257 1341 6188 5138 8341 10266 2888 1878 998 9090 675 303 546 1871 585 4685 5620 512 4034 9544 3901 39993 628 341 531 302 633 570 267 866 1608
internal_value=0.000889709 0.000966392 0.00353805 0.00405801 0.00599037 0.00839633 -0.00210182 0.0149069 -0.00410281 -0.0152343 0.000458817 0.000208799 0.00581019 0.00773957 0.0165325 0.00186229 -0.0145285 4.1947e-05 0.000370557 0.00108683 -0.00131255 -0.0170836 -0.00866431 0.00785576 -0.0131031 0.00624221 -0.0192332 -0.0109351 -0.0206447 -0.024101
internal_weight=50804.9 50593.7 8334.87 8114.04 6176.57 4396.33 1937.47 200.546 1736.93 220.827 42258.9 40377.6 1881.25 1709.79 681.354 1028.44 433.554 1780.25 39944 28021.1 11923 211.127 163.661 73.85 171.465 62.2034 127.351 104.481 339.887 77.7466
internal_count=230400 225645 50027 42633 22326 13154 20307 2876 17431 7394 175618 161619 13999 11193 5270 5923 1924 9172 159695 110158 49537 4755 3414 1206 2806 935 2786 2445 1412 1875
is_linear=0
shrinkage=0.05


Tree=212
num_leaves=26
num_cat=0
split_feature=2 2 0 8 8 8 8 2 5 5 8 8 8 0 2 9 3 6 8 5 7 6 8 8 8
split_gain=129.382 89.3747 85.0277 57.3069 114.457 62.2358 58.1983 56.3355 42.9259 35.6323 28.5501 78.9704 25.5427 20.8528 18.9015 15.4845 12.1462 11.3076 15.3451 27.4317 8.53663 5.11832 2.80914 2.19635 0.733811
threshold=1.5000000000000002 -1.0000000180025095e-35 81.500000000000014 42.778856277465827 49.591728210449226 41.241231918334968 62.377737045288093 -2.4999999999999996 5.5000000000000009 -12.499999999999998 -419.80076599121088 -388.37040710449213 -27.185948371887203 34.500000000000007 1.0000000180025095e-35 1.0000000180025095e-35 1.0000000180025095e-35 2.5000000000000004 -82.447135925292955 5.5000000000000009 0.13279566168785098 -1.4999999999999998 -287.51872253417963 -90.108810424804673 -73.873237609863267
decision_type=2 2 2 2 2 2 2 2 2 2 2 2 2 2 2 2 2 2 2 2 2 2 2 2 2
left_child=1 7 3 5 15 8 -6 -1 -3 24 -11 -12 13 -2 16 -5 20 22 -19 -20 -4 -14 -15 -16 -9
right_child=12 2 14 4 6 -7 -8 9 -10 10 11 -13 21 17 23 -17 -18 18 19 -21 -22 -23 -24 -25 -26
leaf_value=0.032959166009675779 0.026920384427993955 0.00037362549173154398 -0.010881767758344938 -0.029767591506101882 0.00800830402688457 0.036064075620778319 -0.0054751096516465958 0.034266886291321998 -0.0088149998195800033 0.024407333736020137 -0.029802227013266586 0.0031832154530737032 0.0047961904282806901 -0.0095837325739938587 -0.016156505215167163 -0.0029765066274454119 0.0055151484643377012 -0.025092726949600165 0.054856939107035943 -0.018055513155501818 -0.022822729800637334 -0.032325019264463531 -0.03171898519918178 -0.033124210340501531 0.021689658099696276
leaf_weight=156.88406126387417 29.280343040823936 24206.443178428337 606.07067950442433 494.26916224136949 962.60830964520574 114.46507995761931 4632.4308109208941 59.896546721458435 1336.4610681105405 147.75022231787443 179.55039422959089 10913.893843714148 8.2862651217728835 24.576153323054314 39.754656665027142 61.78912409953773 85.465365216135979 32.309496939182281 19.711204284802079 23.181258227676153 205.43611148744822 368.54414903139696 71.361706235446036 140.01600014232099 75.752267882227898
leaf_count=5771 274 85661 3403 3236 4825 585 38412 600 8166 695 873 43938 239 277 606 385 376 637 357 544 1653 22654 1588 4115 530
internal_value=-0.000427542 -0.00012058 -0.00144885 -0.000979866 -0.00531219 5.95982e-05 -0.00315025 0.00366559 -0.000108775 0.00324734 0.00293303 0.00263615 -0.0238441 -0.00911385 -0.0152346 -0.0268436 -0.0121438 -0.0158681 -0.00111522 0.0176803 -0.0140259 -0.0314566 -0.0268043 -0.0299107 0.028264
internal_weight=44996.2 44418.9 32885.2 31808.5 6151.1 25657.4 5595.04 11533.7 25542.9 11376.8 11241.2 11093.4 577.251 200.42 1076.74 556.058 896.972 171.14 75.202 42.8925 811.507 376.83 95.9379 179.771 135.649
internal_count=230400 203830 151423 141270 46858 94412 43237 52407 93827 46636 45506 44811 26570 3677 10153 3621 5432 3403 1538 901 5056 22893 1865 4721 1130
is_linear=0
shrinkage=0.05


Tree=213
num_leaves=31
num_cat=0
split_feature=2 2 5 0 3 2 8 0 2 8 8 8 6 5 8 4 8 8 4 0 6 4 8 8 4 8 8 8 5 8
split_gain=120.892 76.4644 92.6525 64.4614 67.4276 60.4437 52.2165 41.0248 30.0117 25.3505 90.3364 47.8645 22.8483 31.5798 20.9055 25.126 24.6508 15.6817 14.6192 11.6161 10.6981 63.5102 7.94597 22.819 7.50867 7.75012 3.87615 1.99613 0.233111 0.796492
threshold=-1.4999999999999998 1.0000000180025095e-35 -4.4999999999999991 79.500000000000014 -1.0000000180025095e-35 2.5000000000000004 -25.19881439208984 46.500000000000007 -1.0000000180025095e-35 -160.02195739746091 -130.9697570800781 -78.678833007812486 1.0000000180025095e-35 1.0000000180025095e-35 -277.43647766113276 -0.15555509924888608 -216.81816101074216 -26.139101028442379 -0.32900822162628168 88.500000000000014 -5.4999999999999991 -0.77408763766288746 -349.79296874999994 -380.98957824707026 1.1906533837318423 -394.88154602050776 153.43129730224612 -222.32796478271482 -1.4999999999999998 1.6444900035858157
decision_type=2 2 2 2 2 2 2 2 2 2 2 2 2 2 2 2 2 2 2 2 2 2 2 2 2 2 2 2 2 2
left_child=20 2 9 4 17 7 -6 12 26 22 -11 -12 18 -14 15 -9 -16 -4 -3 -10 21 -1 23 -2 25 -22 -5 -24 -27 -30
right_child=1 5 3 8 6 -7 -8 14 19 10 11 -13 13 -15 16 -17 -18 -19 -20 -21 24 -23 27 -25 -26 28 -28 -29 29 -31
leaf_value=-0.030212318501510474 -0.032938471466211018 -0.0065167136590382826 0.0070927451290400435 -0.032471953057059667 -0.0035343680579325958 0.030123826019095225 0.00072060692123068206 0.0087251999019210408 -0.0061890853052222715 0.029616995671264912 -0.036626121870077973 -0.0093138878476545645 -0.010400085814375695 9.8319565699094331e-05 0.026334873017491545 -0.017449387061215405 0.005765757547375956 0.025633967741877192 0.0070845937511450673 -0.020127677483097489 0.00385614085037437 0.093425668639831261 -0.033071585559639023 0.012245720375472896 0.0078856378021594353 -0.032901845144835261 -0.0082264743211803749 -0.021195872175358763 -0.029647150900015264 -0.019529452847581195
leaf_weight=41.33411477599293 52.787596514448524 230.69731616228819 197.5608491897583 166.74447931535542 10567.700925227255 200.37643806263804 22668.193534459919 159.30846679955721 935.68176241964102 133.45501800440252 178.09037821553648 1362.4117146860808 927.0266353674233 3094.5697141233832 145.03801979124546 203.77289111167192 5604.6589845959097 282.19397289305925 1241.5457660332322 175.31456561386585 16.61011619027704 8.3916176948696357 146.74556872621179 50.246612565591931 12.617715291678904 211.72131808567792 22.72763367369771 105.28697768785059 119.23328153695911 83.828012315556407
leaf_count=2444 605 755 640 3418 45607 10129 72718 492 4398 798 1383 8040 3357 14820 524 686 35139 880 4678 913 630 159 1858 577 137 8255 206 1135 3806 1615
internal_value=-0.000520896 -0.000270825 -0.00138761 -0.000784869 -0.000362707 0.00323226 -0.000632635 0.00275523 -0.0116864 -0.011762 -0.00913733 -0.0125796 -0.000380646 -0.0023316 0.0055716 -0.0060023 0.00630705 0.0181507 0.00493845 -0.00846891 -0.0250131 -0.00271792 -0.0238372 -0.0113566 -0.0274519 -0.028564 -0.0298499 -0.0286193 -0.0298927 -0.02604
internal_weight=49345.9 48852.1 37045.1 35016.1 33715.6 11807 33235.9 11606.6 1300.47 2029.02 1673.96 1540.5 5493.84 4021.6 6112.78 363.081 5749.7 479.755 1472.24 1111 493.736 49.7257 355.067 103.034 444.01 431.393 189.472 252.033 414.783 203.061
internal_count=230802 213756 143176 128780 119845 70580 118325 60451 8935 14396 10221 9423 23610 18177 36841 1178 35663 1520 5433 5311 17046 2603 4175 1182 14443 14306 3624 2993 13676 5421
is_linear=0
shrinkage=0.05


Tree=214
num_leaves=31
num_cat=0
split_feature=6 0 7 8 4 9 4 8 8 8 8 8 8 8 8 8 6 8 8 4 7 8 8 8 8 8 4 7 7 4
split_gain=28.0136 29.2482 33.4372 28.1016 42.6523 25.9622 68.5657 94.4161 44.1835 26.1463 103.634 84.1637 25.0869 22.3555 20.9338 13.0907 12.5912 9.15288 19.8504 13.886 10.7739 13.7395 9.72753 8.52711 11.6313 17.9516 8.85991 7.01836 5.57371 5.38179
threshold=6.5000000000000009 9.5000000000000018 0.38838604092597967 284.62689208984381 0.93829354643821727 1.0000000180025095e-35 -0.030943319201469418 -48.137819290161126 -37.716585159301751 139.82307434082034 130.77565765380862 148.38324737548831 375.88629150390631 -56.345481872558587 402.32070922851568 342.64604187011724 3.5000000000000004 -1.2817159891128538 3.9576201438903813 0.087527021765708937 0.18860429525375369 16.161653518676761 -9.2462801933288556 179.729362487793 110.72016906738283 18.190244674682621 1.5683261752128603 0.35730876028537756 0.1035098545253277 0.0078956452198326605
decision_type=2 2 2 2 2 2 2 2 2 2 2 2 2 2 2 2 2 2 2 2 2 2 2 2 2 2 2 2 2 2
left_child=1 17 5 4 13 9 8 -8 -7 10 -3 -11 15 -4 -14 -5 -6 19 -19 22 21 -20 29 24 25 26 -2 -22 -21 -1
right_child=23 2 3 12 16 6 7 -9 -10 11 -12 -13 14 -15 -16 -17 -18 18 20 28 27 -23 -24 -25 -26 -27 -28 -29 -30 -31
leaf_value=-0.0012318766952673843 -0.016861576218866647 0.001654853565516434 0.030332989258669986 -0.0016612486736113817 0.019713203323052885 -0.012212017785068788 0.029059386717500586 -0.011181689670423425 0.0068551809923925212 -0.032202178752795553 0.029297995878037955 -0.00054448637361097338 0.032512711318644937 0.0057065949790226188 -0.0048087093962824283 -0.025070505302960691 0.046669187201395512 -0.013901707155053617 0.0095239543222973878 0.013957937230286667 -0.0099918642095092186 -0.0020889604035077606 0.0087587264141761826 -0.033463389316736224 0.007313306833372198 -0.041152021677274733 0.020282718929275648 -0.0017943535975633398 0.00055851418995141319 -0.0072753927331923821
leaf_weight=2377.49917839095 30.866494851186872 34233.628160221502 96.051966758444905 115.69431115640327 105.51620255084708 357.61714402958751 151.53640443086624 2160.72028242331 1876.4939998844638 221.88947436166927 337.46978351986036 2813.8265767632984 63.81867620209232 1109.8438375494443 80.324860509950668 120.138561620377 88.21456796862185 434.89223492890596 299.4803942553699 216.38327012211084 608.0295431772247 1552.8756968788803 214.50849693268538 54.195593997370452 56.059225537348539 47.574171444401145 24.063409250695258 459.36742087453604 120.16503912210464 431.64842249453068
leaf_count=8566 332 145396 321 1079 641 1731 506 11179 7333 1418 1285 21886 585 4667 718 1124 711 1631 1086 736 2582 5832 747 2227 512 1182 604 2266 409 1510
internal_value=0.000843981 0.000920832 0.0013906 0.00809448 0.0113596 0.00110666 -0.00246033 -0.00848743 0.00378261 0.00153815 0.00192889 -0.00290759 -0.00392391 0.00778529 0.0122511 -0.0138594 0.0328529 -0.00215145 -0.00399693 -0.000305824 -0.00250039 -0.000190854 -0.00138316 -0.0170517 -0.0105908 -0.0202673 -0.000254976 -0.00648878 0.00925187 -0.00217179
internal_weight=50860.4 50647.6 43932.8 1779.6 1399.63 42153.2 4546.37 2312.26 2234.11 37606.8 34571.1 3035.72 379.976 1205.9 144.144 235.833 193.731 6714.85 3354.65 3360.2 2919.75 1852.36 3023.66 212.759 158.563 102.504 54.9299 1067.4 336.548 2809.15
internal_count=230802 225945 200580 9846 6340 190734 20749 11685 9064 169985 146681 23304 3506 4988 1303 2203 1352 25365 13397 11968 11766 6918 10823 4857 2630 2118 936 4848 1145 10076
is_linear=0
shrinkage=0.05


Tree=215
num_leaves=31
num_cat=0
split_feature=8 8 5 8 8 8 8 6 8 5 8 4 8 5 8 8 6 4 5 8 6 6 8 6 7 4 8 9 8 9
split_gain=80.2085 97.422 79.0073 69.7045 76.4347 61.2602 52.2804 52.2349 51.4118 92.7677 47.3561 45.7266 45.3274 42.9632 69.0643 44.2414 42.549 55.6504 41.9322 49.372 39.1067 38.942 32.4694 25.187 24.5513 20.3085 22.9284 19.2838 17.2289 13.8881
threshold=42.778856277465827 49.591728210449226 6.5000000000000009 11.03136730194092 -66.618366241455064 41.241231918334968 75.15427398681642 -1.4999999999999998 71.486984252929702 1.5000000000000002 39.87672424316407 0.11292904242873193 73.35733795166017 -3.4999999999999996 35.245143890380866 -434.33631896972651 1.0000000180025095e-35 -0.43237961828708643 -3.4999999999999996 78.518264770507827 5.5000000000000009 1.0000000180025095e-35 62.377737045288093 -1.0000000180025095e-35 0.28262987732887274 -0.8471737504005431 179.729362487793 1.0000000180025095e-35 77.415805816650405 1.0000000180025095e-35
decision_type=2 2 2 2 2 2 2 2 2 2 2 2 2 2 2 2 2 2 2 2 2 2 2 2 2 2 2 2 2 2
left_child=2 7 5 4 21 10 8 -2 16 12 13 -5 -10 14 -1 -15 17 -3 25 28 -21 -4 -18 -6 29 -8 -27 -25 -20 -9
right_child=1 6 3 11 23 -7 18 24 9 -11 -12 -13 -14 15 -16 -17 22 -19 19 20 -22 -23 -24 27 -26 26 -28 -29 -30 -31
leaf_value=0.0041891817110076722 -0.060165857193845811 -0.014570702608952392 0.0092995588598830618 0.016382228325448715 0.029311802503541925 0.031335123422823734 -0.049611424556800204 -0.024317237918716674 0.062948011526862427 -0.019272086625599604 -0.025734753858910053 -0.037633799163047044 0.015936307467507904 0.023714123135005986 0.04206334045021061 0.0001586579913431948 -0.0022806054692564403 0.011090710626400449 -0.011492058390533529 -0.0028557068300822299 -0.032739729757871448 -0.033169055122104128 -0.026255509234097481 -0.0039672019848972584 0.0048422854515947382 -0.027188798552422733 0.0086584006869502191 0.012986612948869347 -0.036066783172565828 0.0008023496974589047
leaf_weight=5967.4371062051505 76.395697090774775 262.99788347445428 64.276625210419297 42.467826146632433 71.861840534955263 162.46981344930828 59.799162827432156 484.16337942052633 105.1564580257982 89.770917910151184 159.60603876784444 282.62487054942176 104.40328311640769 195.76519814878702 117.93197175581008 28011.528519556858 437.49924317467958 998.71623308211565 144.66360291279852 5003.8703112760559 106.99278780026361 279.6319575663656 204.30611153459176 789.73169300705194 103.43777270196006 144.95401633996516 60.653826222755015 207.59602252207696 150.11221202276647 61.645642506889999
leaf_count=29861 377 1208 374 215 369 760 321 3655 488 766 740 2930 493 714 531 112209 3416 4209 843 46542 4806 1965 1951 5661 756 923 539 1844 932 404
internal_value=-0.00038309 -0.00472407 0.000644306 -0.0097422 -0.00489087 0.0011672 -0.00310128 -0.0221911 0.0034303 0.0225123 0.00102041 -0.0304363 0.0404438 0.00114867 0.0049571 0.000326312 0.000378515 0.00570532 -0.00563917 -0.00467317 -0.0035127 -0.0252121 -0.0100565 0.00173247 -0.0172971 -0.024864 -0.0166595 -0.000391049 -0.0243994 -0.0214986
internal_weight=44952.5 8599.54 36352.9 1738.19 1413.1 34614.7 7873.9 725.642 2202.85 299.331 34452.3 325.093 209.56 34292.7 6085.37 28207.3 1903.52 1261.71 5671.05 5405.64 5110.86 343.909 641.805 1069.19 649.247 265.407 205.608 997.328 294.776 545.809
internal_count=230802 72629 158173 13358 10213 144815 67437 5192 12531 1747 144055 3145 981 143315 30392 112923 10784 5417 54906 53123 51348 2339 5367 7874 4815 1783 1462 7505 1775 4059
is_linear=0
shrinkage=0.05


Tree=216
num_leaves=31
num_cat=0
split_feature=2 2 5 1 3 2 8 2 1 3 4 6 5 4 8 8 8 5 8 8 4 6 4 8 8 8 6 4 8 8
split_gain=109.93 84.1291 88.0983 74.2939 64.9429 57.0455 42.2659 36.0391 31.3492 24.8821 35.1446 24.7892 32.7118 21.8874 21.8819 88.1932 45.0244 21.6615 18.2914 17.2416 11.4334 9.38128 53.1469 8.80967 23.4532 8.56089 3.49095 2.99568 0.811682 5.8038
threshold=-1.4999999999999998 1.0000000180025095e-35 -4.4999999999999991 16.500000000000004 -1.0000000180025095e-35 2.5000000000000004 -66.618366241455064 -1.0000000180025095e-35 46.500000000000007 1.0000000180025095e-35 0.014635141007602217 1.0000000180025095e-35 -2.4999999999999996 -0.12474700435996054 -160.02195739746091 -130.9697570800781 -78.678833007812486 4.5000000000000009 20.889002799987797 1.0000000180025095e-35 1.1906533837318423 -5.4999999999999991 -0.77408763766288746 -349.79296874999994 -380.98957824707026 -394.88154602050776 -2.4999999999999996 0.16038698703050616 -4.0424249172210684 3.9576201438903813
decision_type=2 2 2 2 2 2 2 2 2 2 2 2 2 2 2 2 2 2 2 2 2 2 2 2 2 2 2 2 2 2
left_child=20 2 14 7 18 8 -6 27 9 13 -11 19 -13 -3 23 -16 -17 -9 -5 -10 21 22 -1 24 -2 -23 -25 -4 -27 -30
right_child=1 5 3 4 6 -7 -8 17 11 10 -12 12 -14 -15 15 16 -18 -19 -20 -21 -22 25 -24 26 -26 28 -28 -29 29 -31
leaf_value=-0.030109938509375374 -0.032737137676805736 0.011513396172286701 -0.019558271344128998 0.010045515251449998 -0.0044543650545847248 0.029965561767142764 0.00027325399766035704 -0.012270122191389236 0.00098245166125801283 -0.03078005399874606 0.0037405301732806487 -0.028962328563884907 -0.00137859876918876 0.0042981796936580304 0.029439824949242174 -0.036328764633990505 -0.0094938794566712739 -0.0016963485107107717 0.031519456367611831 0.012690115439573582 0.018358657039188264 0.005501075795438703 0.081850024315576711 -0.01875687362505285 0.012852785856772929 -0.032127920987256066 -0.033178639664693879 -0.03112171087168002 -0.0059813143100388173 -0.029247454183139544
leaf_weight=40.360360847786069 51.276387678459287 1334.8944497443736 164.14403420686722 241.95322704315186 5750.4044282436371 192.99647610541433 26471.820469476283 992.99468953162432 761.83002311363816 108.80318044871092 206.7810168210417 105.86223382875323 3555.8668796941638 4942.5298187416047 130.67564725875854 173.28130985796452 1340.4929214008152 944.71915543079376 172.08800632506609 531.62898609042168 11.988637493923305 16.970931977033615 8.8433307204395515 93.832181533798575 52.523022022098303 242.39675415493548 151.97440811619163 145.98187697120011 37.564468272961676 124.91036176122725
leaf_count=2466 614 5872 3318 755 27771 10144 85346 4897 2269 367 821 357 16124 32123 781 1390 8004 3602 528 2539 132 640 155 1312 596 10022 1690 2206 845 2794
internal_value=-0.000571579 -0.00033453 -0.00150812 -0.000923005 -0.000316755 0.0033507 -0.000571001 -0.00970488 0.00289312 0.00515025 -0.00845548 -0.000112209 -0.00221446 0.00584044 -0.0117162 -0.0092494 -0.0126751 -0.00713258 0.0192403 0.00582479 -0.0241836 -0.0254478 -0.00429345 -0.0230255 -0.0101379 -0.0278361 -0.0281571 -0.0254088 -0.0292835 -0.0242075
internal_weight=49102.4 48619.4 36878.2 34884.1 32636.3 11741.2 32222.2 2247.84 11548.2 6593.01 315.584 4955.19 3661.73 6277.42 1994.06 1644.45 1513.77 1937.71 414.041 1293.46 483.035 471.046 49.2037 349.606 103.799 421.843 245.807 310.126 404.872 162.475
internal_count=230480 213426 142810 128423 114400 70616 113117 14023 60472 39183 1188 21289 16481 37995 14387 10175 9394 8499 1283 4808 17054 16922 2621 4212 1210 14301 3002 5524 13661 3639
is_linear=0
shrinkage=0.05


Tree=217
num_leaves=31
num_cat=0
split_feature=0 6 8 8 8 8 6 5 4 4 8 8 5 8 5 4 8 6 8 4 6 7 8 8 8 4 8 8 6 0
split_gain=27.7755 28.0484 18.8514 81.5193 68.2908 30.5449 27.5653 75.4136 26.92 20.2426 28.3889 36.0223 26.9852 29.3516 18.8137 17.988 14.0426 13.4974 28.7486 15.7244 21.7752 15.3967 18.327 16.4314 13.8337 12.0529 10.2071 9.98191 8.12663 5.0605
threshold=70.500000000000014 6.5000000000000009 369.94026184082037 352.43107604980474 384.61386108398443 393.63970947265631 1.5000000000000002 3.5000000000000004 0.1072625480592251 0.93829354643821727 269.34574890136724 37.442897796630866 9.5000000000000018 101.69686126708986 1.5000000000000002 0.25121340155601507 17.014272689819339 2.5000000000000004 242.39675140380862 -1.7902241945266721 -2.4999999999999996 0.14866834878921512 -210.06182098388669 -109.72359466552733 312.58627319335943 0.04742476902902127 369.94026184082037 -216.81816101074216 10.500000000000002 78.500000000000014
decision_type=2 2 2 2 2 2 2 2 2 2 2 2 2 2 2 2 2 2 2 2 2 2 2 2 2 2 2 2 2 2
left_child=2 17 3 9 8 -6 15 -8 -4 12 11 -11 14 -14 -1 -7 -3 18 19 27 -21 22 -19 -24 25 -23 29 -2 -18 -20
right_child=1 16 4 -5 5 6 7 -9 -10 10 -12 -13 13 -15 -16 -17 28 21 26 20 -22 24 23 -25 -26 -27 -28 -29 -30 -31
leaf_value=0.00095559036806657546 0.0086566842570038466 0.0052425642468277309 0.048491275127750331 -0.035760881765546391 -0.034700144948277681 0.0012399545130216811 0.080449460267768613 -0.0043560372852102193 0.0098439263594658939 0.00097961380233905354 -0.020643541410566017 0.015385979562984917 -0.019938181264438207 0.0083432254019790968 -0.0014251168203498784 -0.032683569174384752 -0.038367099965980249 0.025610573818728829 -0.014089448343431366 0.010649260501918556 0.0024712241753598232 -0.002572864545089178 -0.023305684416126272 0.0034378328284834685 -0.0038379372335304879 0.019197821589226415 0.0017259012359842965 -0.018584023142784862 -0.00095756677388794285 -0.038602691003888766
leaf_weight=27934.613229885697 42.198032892309129 37.466065354645252 112.20285981148481 151.88142572948709 59.374684642069042 128.68022283539176 32.698012258857489 84.516874821856618 78.239368613343686 1071.474373457022 94.493519170209765 725.07128522591665 321.71053976006806 124.30515790265054 11799.848723756149 50.905169162899256 65.579712314065546 82.032137138769031 49.391015010420233 970.54874903243035 4949.1349924658425 71.192643507383764 56.978699379600585 781.34680995903909 94.900658183731139 514.07834215741605 40.952619250863791 123.35389363858849 18.604304265230894 48.956200737506151
leaf_count=108891 779 593 500 1871 653 995 372 1155 759 6501 1817 5978 1355 606 47907 451 2100 364 439 6654 24982 312 340 6557 1120 3493 339 1635 351 611
internal_value=0.000839179 0.00355277 0.000334633 0.000214633 0.00951807 -0.00346754 0.0032519 0.0216246 0.0332718 0.000348742 0.0053973 0.00682047 0.000110496 -0.012051 0.000248507 -0.00900084 -0.0198019 0.00392826 0.002871 0.00339148 0.00381989 0.00801826 0.00376915 0.00149275 0.0136984 0.0165503 -0.0191953 -0.0115903 -0.0306169 -0.0275691
internal_weight=50716.7 7946.71 42770 42223.4 546.617 356.175 296.8 117.215 190.442 42071.5 1891.04 1796.55 40180.5 446.016 39734.5 179.585 121.65 7825.06 6224.54 6085.24 5919.68 1600.53 920.358 838.326 680.172 585.271 139.3 165.552 84.184 98.3472
internal_count=230480 50669 179811 174926 4885 3626 2973 1527 1259 173055 14296 12479 158759 1961 156798 1446 3044 47625 35439 34050 31636 12186 7261 6897 4925 3805 1389 2414 2451 1050
is_linear=0
shrinkage=0.05


Tree=218
num_leaves=31
num_cat=0
split_feature=2 0 2 3 3 8 8 8 0 8 6 5 7 8 5 8 8 6 8 6 2 3 7 8 8 8 8 7 0 5
split_gain=118.477 81.4787 62.936 47.3649 45.6572 43.1777 246.785 90.1104 40.1041 41.9873 30.1896 27.7095 26.133 25.6062 24.626 34.3321 19.4223 22.2876 15.598 13.612 15.3797 10.3959 9.68952 10.687 9.50737 9.06867 15.1742 6.34077 4.00576 2.59096
threshold=1.0000000180025095e-35 73.500000000000014 -2.4999999999999996 1.0000000180025095e-35 -1.0000000180025095e-35 -9.2462801933288556 -3.1082756519317623 -34.538461685180657 33.500000000000007 2.6203181743621831 1.0000000180025095e-35 -1.0000000180025095e-35 0.27114334702491766 -1.9814713001251218 -4.4999999999999991 -64.778663635253892 -372.31275939941401 1.5000000000000002 158.74826812744143 -1.4999999999999998 1.5000000000000002 1.0000000180025095e-35 0.11967461928725244 -55.005657196044915 38.425853729248054 15.063652038574221 -31.164384841918942 0.27114334702491766 26.500000000000004 -7.4999999999999991
decision_type=2 2 2 2 2 2 2 2 2 2 2 2 2 2 2 2 2 2 2 2 2 2 2 2 2 2 2 2 2 2
left_child=2 8 -1 4 25 7 -7 -6 10 16 22 14 18 -13 15 -5 -10 -18 -12 -11 -21 29 23 -2 -15 26 -4 -27 -14 -3
right_child=1 21 3 11 5 6 -8 -9 9 19 12 13 28 24 -16 -17 17 -19 -20 20 -22 -23 -24 -25 -26 27 -28 -29 -30 -31
leaf_value=0.032836820092016265 -0.016045433266819009 -0.014891710446751777 -0.019500164074411089 0.027526715156718187 0.00011793966850465277 -0.02314292245800912 0.0001918022485312368 0.007868957550536659 0.015280216973690945 0.0092810954919720252 0.0087672549772731603 -0.012632386857948581 -0.018429386276648523 0.022097389434293485 0.029770365765593262 -0.012334199803872577 -0.010205831762494953 0.0018843994776775808 -0.014316802068804022 -0.015264894651544698 -0.032629191884615098 -0.002610489711658324 -0.027000910440650568 0.00049905382102177016 0.0021090950756141352 -0.037965519302652698 0.0031462834632881064 -0.013911066516514317 -0.0013056652249897375 -0.029756241969576193
leaf_weight=145.79870581347495 176.06918513774872 48.281682220287621 190.16843787953258 98.176589660346508 16219.666731508449 1214.845415212214 15925.309742551297 4872.3006763085723 114.44087154045701 45.11339923646301 1056.3105276785791 166.20302327722311 119.58876017667353 121.71399798616767 271.16667543724179 109.00048913434148 1001.6801535310224 611.28606277145445 74.156520729884505 885.71757672540843 151.11073919059709 43.707797142677009 69.668823059648275 211.13345370069146 114.33100298792124 63.102529123425484 117.12589723616838 61.019685637205839 48.15836447570473 423.24590932484716
leaf_count=5762 662 695 1013 519 57080 4252 69752 16932 405 490 6990 657 1854 463 1042 480 6556 6674 1521 12814 10603 696 849 1439 461 418 564 469 859 17509
internal_value=-0.000323751 -0.00750966 0.000596759 0.000473754 0.000211851 0.000395361 -0.00146836 0.00190989 -0.00536621 -0.00906532 0.000563844 0.0119069 0.00445515 0.00218301 0.0199767 0.00675854 -0.00420663 -0.00563218 0.00719661 -0.0167676 -0.0179401 -0.0262643 -0.0104219 -0.00713272 0.0126604 -0.0158691 -0.0109562 -0.0271367 -0.0136934 -0.0284064
internal_weight=44769.6 5079.67 39689.9 39544.1 38663.5 38232.1 17140.2 21092 4564.43 2809.35 1755.09 880.592 1298.21 402.248 478.344 207.177 1727.41 1612.97 1130.47 1081.94 1036.83 515.235 456.871 387.203 236.045 431.417 307.294 124.122 167.747 471.528
internal_count=230480 70616 159864 154102 150480 148016 74004 74012 51716 37542 14174 3622 11224 1581 2041 999 13635 13230 8511 23907 23417 18900 2950 2101 924 2464 1577 887 2713 18204
is_linear=0
shrinkage=0.05


Tree=219
num_leaves=28
num_cat=0
split_feature=2 3 2 0 2 3 2 5 0 5 6 5 6 5 7 2 7 4 6 4 0 5 6 4 4 7 4
split_gain=109.808 70.5721 70.9803 64.4562 49.0149 48.863 44.7175 41.6925 40.6271 39.707 26.9962 31.7595 25.4397 21.0125 19.2473 15.8128 15.8093 15.0787 10.7859 54.0958 8.08318 3.84642 8.35288 5.6444 21.0666 3.68558 0.85529
threshold=-1.4999999999999998 1.0000000180025095e-35 1.0000000180025095e-35 65.500000000000014 2.5000000000000004 -1.0000000180025095e-35 -1.0000000180025095e-35 4.5000000000000009 76.500000000000014 -4.4999999999999991 -1.0000000180025095e-35 -1.4999999999999998 1.0000000180025095e-35 4.5000000000000009 -0.046344831585884087 1.5000000000000002 0.24887883663177493 0.18316406011581424 -5.4999999999999991 -0.77408763766288746 76.500000000000014 -1.4999999999999998 -1.0000000180025095e-35 -0.52692893147468556 -0.87202557921409596 0.098340999335050597 -0.074047099798917757
decision_type=2 2 2 2 2 2 2 2 2 2 2 2 2 2 2 2 2 2 2 2 2 2 2 2 2 2 2
left_child=18 2 3 5 8 16 20 -8 12 -7 11 -3 -4 14 17 -10 -2 -12 19 -1 -5 26 23 24 -23 -25 -20
right_child=1 10 4 6 -6 9 7 -9 15 -11 13 -13 -14 -15 -16 -17 -18 -19 21 -21 -22 22 -24 25 -26 -27 -28
leaf_value=-0.029905927271650114 0.027074869422879205 -0.040366089199032916 0.0058522923992661152 -0.013899266273358499 0.028907939196134488 -0.008821283866633842 -0.0091544412605288721 0.0017646811476405505 0.0087931736439707617 -0.00010282769108765455 -0.0060862351839872453 -0.0065299895415599444 0.0003035685039816516 -0.026267980220674909 -0.017636768056429056 0.023548295684917217 0.004821389203643554 0.016126008185267132 -0.033235587688980661 0.080903375040025552 -0.025843955283370291 -0.025976923771265245 -0.032117598165688273 -0.028580698654895809 0.039855986373893551 -0.0064999519672405866 -0.011188179990815032
leaf_weight=38.176746217533946 204.62538631260395 169.81193812564015 2939.7215037513524 353.96465511247516 181.60483796801418 1359.46514608711 2132.9403248168528 1476.6415335088968 1097.2552372552454 30458.368419554085 157.70241187885404 118.68253386765718 6922.0467777997255 117.36933288630098 141.67448108270764 216.59407710656524 133.00399186462164 139.75055583752692 194.47759511694312 9.7881298288702947 266.05847544968128 22.421599965542555 94.260252383537591 41.188145437277853 16.866214242763817 38.389218191616237 11.110000870190559
leaf_count=2443 642 1381 11605 4457 9950 8254 10341 5181 7200 104986 705 702 36241 585 605 4146 401 609 8229 150 5494 1038 2181 1113 550 903 372
internal_value=-0.000448349 -0.000215256 3.89885e-05 -0.00103818 0.00348885 -0.000274494 -0.00683691 -0.00469128 0.00306304 -0.000476664 -0.0144959 -0.0267948 0.00195973 -0.00793817 -0.00279843 0.0113057 0.0185067 0.00444368 -0.0244569 -0.00179045 -0.0191906 -0.0270016 -0.0212307 -0.0116493 0.00359401 -0.0189426 -0.0323381
internal_weight=49054 48587.3 47742.3 36385.1 11357.2 32155.5 4229.6 3609.58 11175.6 31817.8 844.991 288.494 9861.77 556.497 439.127 1313.85 337.629 297.453 466.678 47.9649 620.023 418.713 213.125 118.865 39.2878 79.5774 205.588
internal_count=230464 213485 208898 139756 69142 114283 25473 15522 59192 113240 4587 2083 47846 2504 1919 11346 1043 1314 16979 2593 9951 14386 5785 3604 1588 2016 8601
is_linear=0
shrinkage=0.05


Tree=220
num_leaves=27
num_cat=0
split_feature=8 8 8 6 5 8 8 8 8 8 5 8 6 2 5 8 5 6 8 5 0 8 5 7 7 7
split_gain=25.8148 73.8893 71.8411 51.3489 87.2652 37.9732 32.2297 79.6627 156.438 56.7855 60.5245 50.5298 44.5588 31.0488 50.445 30.726 28.654 22.0878 33.6037 12.8197 8.67177 3.2787 4.23449 1.00742 0.591951 0.0725294
threshold=-372.31275939941401 -349.79296874999994 -340.70903015136713 -2.4999999999999996 -5.4999999999999991 -361.24395751953119 -130.9697570800781 -85.063129425048814 -87.961193084716783 -177.2028884887695 1.5000000000000002 -155.41359710693357 -2.4999999999999996 -1.0000000180025095e-35 -5.4999999999999991 -394.88154602050776 -4.4999999999999991 -1.0000000180025095e-35 -403.78736877441401 2.5000000000000004 19.500000000000004 -394.88154602050776 -1.4999999999999998 -0.32254792749881739 -0.27991770207881922 -0.31127652525901789
decision_type=2 2 2 2 2 2 2 2 2 2 2 2 2 2 2 2 2 2 2 2 2 2 2 2 2 2
left_child=13 3 24 4 -2 -5 9 8 -8 10 -4 -11 -9 14 15 -1 -15 25 23 21 -20 -16 -23 -19 -3 -18
right_child=1 2 6 5 -6 -7 7 12 -10 11 -12 -13 -14 16 19 -17 17 18 20 -21 -22 22 -24 -25 -26 -27
leaf_value=-0.0018958976386887272 -0.034660879493049364 0.025680150632569038 -0.0027019888243530908 -0.0057059401873646312 0.051884365465006514 -0.037521279952184787 0.0053148383786991681 0.0076216354682988353 0.044152673563891964 -0.02158606647247174 0.013052829354359316 -0.0034853893093497396 0.00018953622635174783 -0.0081925302495971727 -0.02579067586508987 0.063110512432456134 0.022992050259777953 -0.00065792389361134435 0.0096516309669138212 0.0053393599232445564 0.024902383135906044 -0.0019177244723191282 -0.022371872451646665 -0.0068618213566457144 0.037662936151665473 0.030515275654034307
leaf_weight=34.443353235721588 49.526183152105659 88.137418917380273 3008.093209057115 148.80491797905415 57.971790353767574 258.47297160699964 3277.8675681063905 2126.18559546303 276.79081095568836 638.78526251437142 759.22015264071524 967.24082832364365 37562.198615875095 152.59413167834282 122.66196781024337 32.833192135673016 130.86918168514967 124.10865091532469 165.27985188364983 60.17052277456969 242.05557683110237 50.724867997691035 47.616948711685836 136.23123925924301 86.135533328168094 129.20261786133051
leaf_count=524 582 426 14636 662 328 1185 12358 11609 958 3648 3099 4457 169594 470 923 296 430 408 594 375 751 439 414 449 437 412
internal_value=0.000886767 0.000694371 0.000894052 -0.018058 0.0122431 -0.0261073 0.00077747 0.00123134 0.0083968 -0.00287292 0.000486145 -0.0107295 0.000588598 0.00750047 -0.0054198 0.0320006 0.0116735 0.0149674 0.0100222 -0.014776 0.0189063 -0.0202496 -0.0124248 -0.00397244 0.032488 0.0272347
internal_weight=50734.2 49305.4 48790.7 514.776 107.498 407.278 48616.4 43243 3554.66 5373.34 3767.31 1606.03 39688.4 1428.79 348.451 67.2765 1080.34 927.747 667.675 281.174 407.335 221.004 98.3418 260.34 174.273 260.072
internal_count=230464 223979 221222 2757 910 1847 220359 194519 13316 25840 17735 8105 181203 6485 2971 820 3514 3044 2202 2151 1345 1776 853 857 863 842
is_linear=0
shrinkage=0.05


Tree=221
num_leaves=29
num_cat=0
split_feature=2 2 1 8 2 3 8 8 5 1 5 8 2 8 8 6 5 3 1 6 1 4 8 8 5 5 8 4
split_gain=112.675 69.4715 65.3965 54.0526 51.3248 46.0121 53.105 43.6795 35.4422 34.2767 32.3011 26.7496 25.5918 23.8914 22.962 21.4487 28.2767 12.9354 10.9263 10.0953 6.09504 5.68592 4.0141 2.72782 3.00031 2.48698 1.58824 1.32308
threshold=1.5000000000000002 -1.0000000180025095e-35 10.500000000000002 184.21182250976565 -2.4999999999999996 1.0000000180025095e-35 139.82307434082034 447.06620788574224 1.5000000000000002 4.5000000000000009 -12.499999999999998 -419.80076599121088 1.0000000180025095e-35 -27.185948371887203 402.32070922851568 2.5000000000000004 5.5000000000000009 1.0000000180025095e-35 5.5000000000000009 -1.4999999999999998 54.500000000000007 -1.1796581745147703 -287.51872253417963 7.1921761035919198 -6.4999999999999991 3.5000000000000004 -287.51872253417963 -1.5866894721984861
decision_type=2 2 2 2 2 2 2 2 2 2 2 2 2 2 2 2 2 2 2 2 2 2 2 2 2 2 2 2
left_child=1 4 12 5 -1 6 -4 14 -7 23 27 -12 17 15 -5 20 -17 18 -3 -15 26 -14 -23 24 -6 -25 -2 -11
right_child=13 2 3 7 9 8 -8 -9 -10 10 11 -13 21 19 -16 16 -18 -19 -20 -21 -22 22 -24 25 -26 -27 -28 -29
leaf_value=0.032758632297336381 -0.012958728329641426 -0.016082013232731097 -0.0010440920128716609 -0.009890419941382669 0.0076047918490360494 0.021014637670583383 0.014470758432843137 0.038749663644181961 -0.008472763824869594 0.034712474074223676 0.023347109433383285 0.0015961952433145847 0.00086076479241611729 0.016094450560037745 -0.034180929186081711 0.033597862929722923 -0.023465197644927636 0.007879032300431495 -0.0057189588931534901 -0.032309014663283807 0.00076610799843895361 -0.0049498387171833013 -0.032263779670588459 0.0038966962882929462 0.021603810217819954 0.016403686246861386 -0.03212629471374482 0.019519082293206938
leaf_weight=139.29959096107632 24.528890930116177 496.45465479791164 28863.843702431768 1344.2789944782853 54.193575289100409 412.27987710386515 557.29900599829853 39.424647446721792 131.75297946482897 55.882753428071737 138.30577915906906 10568.985076164827 15.654333274811504 8.2820881260558945 101.19698175415397 48.022076422348619 32.236277234740555 98.640045121312141 533.78116764500737 337.33592507662252 22.697513099759817 16.649150632321835 181.23853569477797 81.498885340988636 234.88240281865001 81.009627789258957 66.135426598601043 57.393503146246076
leaf_count=5764 278 3323 116228 14863 583 1348 4384 425 594 546 650 41711 150 243 1294 798 785 424 2954 22660 219 155 5583 464 1693 374 1585 386
internal_value=-0.00051395 -0.000235528 -0.00140484 -0.000942548 0.0031238 -0.000480295 -0.000747799 -0.0102379 0.0138613 0.00274321 0.00217588 0.00188792 -0.0121916 -0.0231256 -0.0117029 -0.00875582 0.0106461 -0.00910954 -0.0107663 -0.0309361 -0.0223616 -0.0279037 -0.0301444 0.0161645 0.0191533 0.0104349 -0.0278889 0.028165
internal_weight=44743.2 44203.9 32792.5 31450.1 11411.5 29965.2 29421.1 1484.9 544.033 11272.2 10820.6 10707.3 1342.42 539.238 1445.48 193.62 80.2584 1128.88 1030.24 345.618 113.362 213.542 197.888 451.584 289.076 162.509 90.6643 113.276
internal_count=230464 203896 151725 139136 52171 122554 120612 16582 1942 46407 43293 42361 12589 26568 16157 3665 1583 6701 6277 22903 2082 5888 5738 3114 2276 838 1863 932
is_linear=0
shrinkage=0.05


Tree=222
num_leaves=28
num_cat=0
split_feature=2 3 3 2 0 0 4 8 8 2 4 4 8 4 2 5 0 7 8 4 6 4 4 8 0 7 4
split_gain=102.174 70.526 64.2638 57.5162 71.4126 50.596 48.7316 44.1215 44.0645 37.7729 35.1987 32.7347 25.0543 18.749 17.0764 16.6087 16.3775 19.8499 10.7491 9.89333 9.2804 42.5778 5.7868 5.09194 1.88538 1.62157 0.0291849
threshold=-1.4999999999999998 1.0000000180025095e-35 -1.0000000180025095e-35 1.0000000180025095e-35 66.500000000000014 78.500000000000014 1.740420460700989 43.628561019897468 384.61386108398443 -1.0000000180025095e-35 1.8089083433151247 0.81387585401535045 87.607540130615249 -0.1120820641517639 1.5000000000000002 1.0000000180025095e-35 47.500000000000007 0.3407489955425263 3.2915763854980473 1.1906533837318423 -5.4999999999999991 -0.77408763766288746 -0.87202557921409596 -394.88154602050776 19.500000000000004 -0.0088300649076700193 -0.084601975977420793
decision_type=2 2 2 2 2 2 2 2 2 2 2 2 2 2 2 2 2 2 2 2 2 2 2 2 2 2 2
left_child=19 2 6 4 8 10 16 -8 -4 -6 -5 12 13 22 -7 -15 18 -18 -2 20 21 -1 -3 -22 -25 -14 -26
right_child=1 11 3 5 9 14 7 -9 -10 -11 -12 -13 25 15 -16 -17 17 -19 -20 -21 23 -23 -24 24 26 -27 -28
leaf_value=-0.029690855022929757 0.015993779930793265 -0.037398269813945548 -0.00070963346261272784 0.0013629532806608139 -0.02001501919557197 0.010123643943574769 -0.058735862300083458 0.012370655056950834 0.016143078088142068 -0.0057310083693076505 0.022966280427933351 0.014825856089993556 -0.025811815904124031 0.0081941130473459686 0.026370416050872758 -0.014069108392479011 0.016011885489671997 -0.0049854563951917215 0.038870540255201085 0.014261738099031652 -0.00026945228245058635 0.068570791652286481 -0.01790316907321271 -0.0058368876927555845 -0.031091820051219871 -0.039692785530446181 -0.023219726850049541
leaf_weight=36.062456883490086 117.79357329756021 56.144003305584192 31652.140046842396 9733.872084710747 539.32735472545028 825.08883282542229 39.106400223448873 40.331721731461585 387.68874344229698 3154.5983523726463 187.3075400525704 80.920712167397141 94.39509292691946 139.20858445949852 201.13608304038644 196.22292941622436 556.55819908156991 138.24467535503209 106.35744268167764 13.368477860465644 16.29476666264236 10.082061262801288 167.94956945627928 11.442666718736289 278.09553047362715 93.860473426058888 88.987662463448942
leaf_count=2439 358 668 112768 50249 9242 5579 346 721 1610 13987 3745 424 435 609 6186 857 2965 718 494 146 642 150 1166 246 11156 386 2205
internal_value=-0.000496567 -0.000274288 -2.2197e-05 -0.000291275 -0.00126272 0.00287879 0.0124977 -0.0240394 -0.000503225 -0.00784076 0.00178218 -0.0146913 -0.0179627 -0.0124572 0.0134204 -0.00484493 0.0157691 0.0118283 0.0274599 -0.0239675 -0.0252733 -0.00361702 -0.0234971 -0.0277275 -0.0288906 -0.0335805 -0.0295211
internal_weight=48962.6 48508.3 47679.6 46681.2 35733.8 10947.4 998.392 79.4381 32039.8 3693.93 9921.18 828.701 747.781 559.525 1026.22 335.432 918.954 694.803 224.151 454.334 440.965 46.1445 224.094 394.821 378.526 188.256 367.083
internal_count=230497 213513 208968 203366 137607 65759 5602 1067 114378 23229 53994 4545 4121 3300 11765 1466 4535 3683 852 16984 16838 2589 1834 14249 13607 821 13361
is_linear=0
shrinkage=0.05


Tree=223
num_leaves=31
num_cat=0
split_feature=0 7 8 8 8 8 4 8 8 8 8 8 8 8 8 8 8 8 8 2 5 6 8 7 8 4 4 4 7 2
split_gain=23.3141 23.0257 25.298 95.0184 81.6335 78.3887 48.8031 52.1027 50.0329 33.9772 22.4492 22.3171 36.684 25.369 65.1656 31.8773 20.0512 20.207 44.1406 19.1701 15.5325 9.03756 6.98005 12.1846 11.7778 9.86051 7.68939 14.483 6.62857 6.52852
threshold=8.5000000000000018 0.375103309750557 139.82307434082034 130.77565765380862 148.38324737548831 127.00802230834962 -0.023980928584933277 247.85845947265628 348.21440124511724 32.945169448852546 133.46868133544925 269.34574890136724 209.50638580322268 -9.2462801933288556 -62.530506134033196 39.87672424316407 375.88629150390631 342.64604187011724 330.51454162597662 1.0000000180025095e-35 9.5000000000000018 1.5000000000000002 113.39955902099611 0.42074835300445562 98.64014053344728 -0.015870142728090283 -0.13682280480861661 -0.34014736115932459 0.039288116618990905 1.0000000180025095e-35
decision_type=2 2 2 2 2 2 2 2 2 2 2 2 2 2 2 2 2 2 2 2 2 2 2 2 2 2 2 2 2 2
left_child=22 2 3 5 19 9 8 -8 -6 -2 -5 12 13 14 -3 -15 17 18 -13 -4 21 -18 24 25 26 -24 27 -1 -21 -28
right_child=1 11 4 10 6 -7 7 -9 -10 -11 -12 16 -14 15 -16 -17 20 -19 -20 28 -22 -23 23 -25 -26 -27 29 -29 -30 -31
leaf_value=0.0048954150969940779 0.00047155233037654895 0.025302458755807219 -0.041481368161014748 0.037350866994159924 -0.021835350448547758 -0.040362127872469129 0.0081603765218407048 -0.0073390013897031252 0.015211407246886917 0.0040715791102172213 0.011604383718634681 -0.015073682865223793 0.03504688871118905 0.019524290341063413 -0.019658130226438676 0.0032372383762907676 0.0059818173075469189 -0.025303235724624774 0.041903780866426724 -0.022971445754789009 -0.013928093239497955 0.033379803806376583 0.0049903047201112051 0.0055450057263777275 0.01362683889752791 -0.01301504045415248 -0.0016047992229314451 -0.016566967059362614 0.0059387537879236584 0.0087102825542718348
leaf_weight=118.58629844337702 30715.333703609649 115.42805869784206 155.81256026402116 207.31642021471635 439.84699431853369 108.5640728729777 1406.3127586473711 875.76036936882883 110.79167556157336 8327.6717802798375 151.24909390509129 116.98026716243476 119.99605126166716 523.72696356009692 239.17172738490626 701.42878017295152 65.473608143627644 132.76460297824815 42.125135422684252 36.907083575613797 44.480156451929361 55.3133574440144 87.928482003509998 155.63974640890956 122.10344253480434 465.80756297707558 4703.9169065281749 217.68147224187851 34.510085729882121 153.64041328430176
leaf_count=475 132359 400 671 743 2423 736 8561 11712 706 35837 664 1290 770 2322 1010 3267 515 1404 386 431 555 622 450 968 425 2613 16307 812 404 659
internal_value=0.000878859 0.00127222 0.00101644 0.00135576 -0.00335988 0.00111934 -0.00102163 0.00220935 -0.0143115 0.00123984 0.0267995 0.00630632 0.00893842 0.00685094 -0.0048744 0.0102507 -0.0034713 -0.0112839 0.000828915 -0.0318596 0.0102524 0.0193566 -0.00203975 -0.00668148 -0.00141464 -0.0101369 -0.00178102 -0.00903733 -0.00952699 -0.00126992
internal_weight=50752.3 44727 42570.1 39510.1 3059.94 39151.6 2832.71 2282.07 550.639 39043 358.566 2156.89 1699.75 1579.76 354.6 1225.16 457.137 291.87 159.105 227.23 165.267 120.787 6025.3 709.376 5315.93 553.736 5193.83 336.268 71.4172 4857.56
internal_count=230497 207788 195247 170339 24908 168932 23402 20273 3129 168196 1407 12541 7769 6999 1410 5589 4772 3080 1676 1506 1692 1137 22709 4031 18678 3063 18253 1287 835 16966
is_linear=0
shrinkage=0.05


Tree=224
num_leaves=28
num_cat=0
split_feature=2 2 0 8 8 8 8 2 5 5 8 0 6 8 5 8 2 8 6 8 8 8 8 4 6 4 8
split_gain=99.9779 66.084 77.594 57.3369 87.8797 58.7307 58.1066 49.3946 34.8858 32.1648 27.1291 25.9155 24.0538 27.1506 48.3518 23.9993 23.492 16.5498 10.0217 9.22836 14.0484 13.6574 6.73687 6.71411 3.89125 2.28685 1.38051
threshold=1.5000000000000002 -1.0000000180025095e-35 79.500000000000014 42.778856277465827 49.591728210449226 41.241231918334968 62.377737045288093 -2.4999999999999996 -3.4999999999999996 -12.499999999999998 -27.185948371887203 85.500000000000014 2.5000000000000004 -82.447135925292955 5.5000000000000009 -419.80076599121088 1.0000000180025095e-35 45.573215484619148 -1.4999999999999998 -56.345481872558587 22.614761352539066 -155.41359710693357 -287.51872253417963 -1.1796581745147703 -2.4999999999999996 -1.5866894721984861 -328.50596618652338
decision_type=2 2 2 2 2 2 2 2 2 2 2 2 2 2 2 2 2 2 2 2 2 2 2 2 2 2 2
left_child=1 7 3 5 17 8 -6 -1 -3 25 12 15 22 -14 -15 -11 19 -5 -12 21 -21 -4 -2 -18 -13 -9 -25
right_child=10 2 16 4 6 -7 -8 9 -10 11 18 24 13 14 -16 -17 23 -19 -20 20 -22 -23 -24 26 -26 -27 -28
leaf_value=0.032692193678793814 -0.0016534202118498641 0.0048026682965031132 -0.0065946684341199463 -0.015634123022321571 0.0078766487664389279 0.035166820303747119 -0.0056675274542412266 0.034627976175482265 -0.00068157027482565013 0.022324670692364532 0.016204693273046421 0.0046399880202407304 -0.016088701880819036 0.086662718897332236 -0.013035252132447415 0.0016588433071595761 0.0032637174353066485 -0.033710029237422105 -0.032078220388654557 -0.0019226912412308947 -0.016037406737609113 -0.026014998044905382 -0.028998273387884077 -0.010149088901176382 0.016695146896319502 0.018106860779376621 -0.032220831018175002
leaf_weight=134.17955769784749 31.787726916372776 3336.2495514042675 180.05715315788984 279.61334612034261 953.53363888338208 114.57912432029843 4559.6345540620387 62.740512661635876 21938.328362319618 137.42460954189301 8.2466516429558379 88.609893513843417 37.453091889619827 20.199834117665887 21.315096511505544 10559.0116133634 14.476746656000612 254.41043980047107 323.49465399049222 493.09966452792287 270.79483569413424 186.776542250067 77.940236143767834 13.365815281867979 346.32753466442227 63.698588291183114 177.29341136384755
leaf_count=5786 326 11035 767 1832 4710 564 38052 673 81268 659 236 840 678 349 529 41679 143 1734 22625 2630 2311 1055 1745 127 2099 449 5596
internal_value=-0.000454084 -0.000196106 -0.00133645 -0.000833882 -0.00520713 0.00020856 -0.00331997 0.00308355 4.31571e-05 0.00271629 -0.0221358 0.0024248 -0.00675338 0.0137891 0.0395757 0.00193466 -0.0131159 -0.0244784 -0.0306552 -0.0102051 -0.006998 -0.0166996 -0.0214939 -0.0285362 0.0143198 0.0273102 -0.0309724
internal_weight=44684.6 44164.2 32772.2 31436.3 6047.19 25389.2 5513.17 11392 25274.6 11257.8 520.437 11131.4 188.696 78.968 41.5149 10696.4 1335.86 534.024 331.741 1130.73 763.895 366.834 109.728 205.136 434.937 126.439 190.659
internal_count=230497 204009 151824 139195 46328 92867 42762 52185 92303 46399 26488 45277 3627 1556 878 42338 12629 3566 22861 6763 4941 1822 2071 5866 2939 1122 5723
is_linear=0
shrinkage=0.05


Tree=225
num_leaves=31
num_cat=0
split_feature=2 0 2 3 8 8 8 8 6 5 4 4 5 4 4 5 8 8 8 8 8 8 6 5 8 6 6 4 8 4
split_gain=92.3175 83.8707 58.586 40.2609 43.5176 58.2708 54.5677 39.2806 35.4804 35.2558 33.767 34.2709 29.3161 26.9277 35.0402 25.9398 25.8864 40.042 30.1522 24.7851 24.6423 20.6293 20.5292 20.0352 19.8844 17.9575 17.4711 80.0072 16.1645 5.71506
threshold=-1.0000000180025095e-35 51.500000000000007 2.5000000000000004 -1.0000000180025095e-35 -372.31275939941401 -349.79296874999994 -277.43647766113276 96.730762481689467 -1.0000000180025095e-35 2.5000000000000004 -0.96003133058547963 -0.65439215302467335 7.5000000000000009 0.23193357884883883 -0.13682280480861661 -4.4999999999999991 -40.003139495849602 -18.398090362548825 41.241231918334968 36.320486068725593 -82.447135925292955 173.55255126953128 1.0000000180025095e-35 10.500000000000002 48.307966232299812 -1.0000000180025095e-35 -5.4999999999999991 -0.67229962348937977 -394.88154602050776 -0.77408763766288746
decision_type=2 2 2 2 2 2 2 2 2 2 2 2 2 2 2 2 2 2 2 2 2 2 2 2 2 2 2 2 2 2
left_child=1 10 3 16 9 8 -7 23 -6 22 24 15 21 14 -13 29 20 -18 -19 -15 -2 -9 -5 26 -1 -17 27 -3 -28 -12
right_child=2 7 -4 4 5 6 -8 12 -10 -11 11 13 -14 19 -16 25 17 18 -20 -21 -22 -23 -24 -25 -26 -27 28 -29 -30 -31
leaf_value=-0.028813026105351247 0.0057262569845161586 -0.02996191238731612 0.02888822963447616 -0.013622054942667761 0.0018364014407582072 -0.01274751085724499 0.00013794450027972688 0.028184762108554015 0.037592226661644364 -0.04061180414267717 -0.026645657896090615 -0.00022022028033998877 -0.026157600296003961 -0.0023385298303910044 -0.012595244667445639 0.025699798017425154 -0.018403243843790829 0.024892298660987563 -0.00014620728457555209 0.019935223749185868 0.035410906628797305 -0.0040842052970222883 0.0071575305141086624 0.0070500178834229923 0.013975243405811289 -0.00032721572421260086 0.012336303844566139 0.096475444396812979 -0.022893322543055934 0.0013146343349592722
leaf_weight=168.20237890072167 124.67180297523737 38.247296148445457 171.83844881691039 430.31566958129406 120.56559013575315 833.45793094485998 40932.707193424925 91.093021556735039 160.15475335717201 92.150135792791843 37.211677636019886 1360.9275280395523 64.556109834462404 287.36910386290401 982.02139953430742 231.3732083234936 140.54248070716858 220.28078469075263 257.74512303061783 214.65631008520722 161.02671083807945 99.943401362746954 159.89221540093422 65.288100341334939 29.08365042693913 91.920921847224236 30.484872750937939 12.634953927248715 1242.0649691037834 31.437231937423348
leaf_count=3200 518 2460 10092 2313 586 4419 154787 685 752 437 501 8834 471 1494 5136 1844 542 1096 1390 710 663 571 694 763 203 496 809 223 23624 381
internal_value=-0.000572966 -0.00695103 0.000167175 5.07686e-05 -0.000170756 3.32447e-05 -0.000120684 -0.016219 0.0225365 -0.0126501 -0.00249633 -0.00125581 0.00176647 -0.00317105 -0.00542285 0.012511 0.0104618 0.00463604 0.0115301 0.00728797 0.0227785 0.0116292 -0.00797986 -0.0195237 -0.0223157 0.0184074 -0.0208563 0.00725755 -0.0220044 -0.0146215
internal_weight=48883.9 5078.52 43805.3 43633.5 42729.2 42046.9 41766.2 1644.31 280.72 682.358 3434.2 3236.92 255.593 2844.97 2342.95 391.943 904.267 618.568 478.026 502.025 285.699 191.036 590.208 1388.72 197.286 323.294 1323.43 50.8823 1272.55 68.6489
internal_count=230694 52405 178289 168197 163988 160544 159206 29606 1338 3444 22799 19396 1727 16174 13970 3222 4209 3028 2486 2204 1181 1256 3007 27879 3403 2340 27116 2683 24433 882
is_linear=0
shrinkage=0.05


Tree=226
num_leaves=29
num_cat=0
split_feature=8 8 7 8 5 8 8 8 4 8 9 8 6 8 8 6 5 8 8 8 8 5 8 8 4 0 5 4
split_gain=23.9367 45.7091 56.6508 53.6563 60.6214 35.052 86.3506 65.0564 28.2289 63.8014 73.25 62.2383 108.588 61.1314 47.1001 42.8298 28.0173 21.865 77.1941 135.817 52.6078 55.0632 44.3146 37.1544 20.0251 6.42823 6.32473 0.55779
threshold=247.85845947265628 303.84550476074224 0.45005542039871221 312.58627319335943 -1.4999999999999998 369.94026184082037 342.64604187011724 384.61386108398443 0.95650944113731395 37.442897796630866 1.0000000180025095e-35 44.725833892822273 1.5000000000000002 32.219675064086921 -318.12638854980463 3.5000000000000004 12.500000000000002 -130.9697570800781 -85.063129425048814 -87.961193084716783 -138.78073883056638 -1.0000000180025095e-35 -144.44563293457028 -78.678833007812486 -0.0042485515587031833 66.500000000000014 8.5000000000000018 0.072953686118125929
decision_type=2 2 2 2 2 2 2 2 2 2 2 2 2 2 2 2 2 2 2 2 2 2 2 2 2 2 2 2
left_child=8 2 24 -3 -5 6 -6 -7 16 13 11 -11 -13 14 -10 -16 17 20 19 -19 22 -22 -1 -20 -2 -18 -12 -26
right_child=1 3 -4 4 5 7 -8 -9 9 10 26 12 -14 -15 15 -17 25 18 23 -21 21 -23 -24 -25 27 -27 -28 -29
leaf_value=-0.001324039191527431 -0.0044845522477228094 0.037025432459541555 0.025733876894514326 0.032275571467380665 0.0024919333874196137 0.024393310209165749 -0.035776921348298546 -0.0099520308206433108 0.042223499776383795 0.063526534629061646 -0.014356885828612824 0.043304707996422026 0.0052488289121116012 -0.037977249537636509 -0.00545765403824763 0.012264367095992223 -0.026936447782951914 0.0056046190980208318 -0.014418002148632286 0.042976155374286326 -0.00045177629775121938 -0.037955109633962911 0.022840843801303107 0.00080353429392966561 -0.022243912737492096 -0.0094244879642610552 -0.045472200599563348 -0.035715271754210194
leaf_weight=6737.9131708196364 75.553075271658599 83.926233743317425 54.477864404674619 105.71939466800541 321.10561501281336 207.69106755638495 266.5526607176289 387.1376342959702 65.275181781500578 67.611227185931057 38.566670392639935 249.79803516343236 715.72127396520227 95.632529442664236 1033.2952516470104 502.59908078983426 86.623868763446808 3178.3976983362809 400.57945663668215 258.5182918086648 193.10852670529857 193.70990627072752 190.21832451410592 34784.293360565323 42.16558167245239 143.87502092821524 35.844820676837116 217.94708207855001
leaf_count=32754 775 789 578 746 3290 1477 3697 4399 266 471 434 1327 7144 592 5796 4604 375 11866 1566 890 817 849 822 138711 518 744 453 3944
internal_value=0.000854565 -0.00486249 -0.019847 -0.000545298 -0.00312671 -0.0064144 -0.0150216 0.0021434 0.00106077 0.00592704 0.0152325 0.018716 0.015267 -0.000173791 0.00219528 0.000362598 0.00076457 0.000852667 0.00132741 0.00847398 -0.00165308 -0.0194773 -0.000644576 0.000628213 -0.0275138 -0.0164378 -0.0312648 -0.0339922
internal_weight=50733.9 1762.28 390.144 1372.13 1288.21 1182.49 587.658 594.829 48971.6 2804.34 1107.54 1033.13 965.519 1696.8 1601.17 1535.89 46167.2 45936.7 38621.8 3436.92 7314.95 386.818 6928.13 35184.9 335.666 230.499 74.4115 260.113
internal_count=230694 20213 5815 14398 13609 12863 6987 5876 210481 21087 9829 8942 8471 11258 10666 10400 189394 188275 153033 12756 35242 1666 33576 140277 5237 1119 887 4462
is_linear=0
shrinkage=0.05


Tree=227
num_leaves=30
num_cat=0
split_feature=2 2 0 7 2 2 8 8 8 0 4 8 6 8 6 8 4 4 4 2 4 8 6 8 0 0 8 4 7
split_gain=101.487 68.6646 58.1985 49.4806 46.526 33.3959 32.6826 147.423 95.9308 29.0282 25.129 24.8271 24.3178 23.2671 19.2376 17.6719 17.2559 13.9776 14.6111 13.2241 13.0964 11.8747 7.04142 6.86809 6.12635 5.11998 4.97733 1.81936 0.535103
threshold=1.5000000000000002 -1.0000000180025095e-35 72.500000000000014 0.25596253573894506 -2.4999999999999996 1.0000000180025095e-35 -19.300438880920407 -34.538461685180657 -3.1082756519317623 81.500000000000014 -0.19711234420537946 -27.185948371887203 3.5000000000000004 -419.80076599121088 2.5000000000000004 -82.447135925292955 1.2742908000946047 1.4302512407302859 0.75114825367927562 -1.4999999999999998 -1.1796581745147703 -177.2028884887695 -1.4999999999999998 7.1921761035919198 57.500000000000007 36.500000000000007 -287.51872253417963 -1.2748202681541441 0.0091254804283380526
decision_type=2 2 2 2 2 2 2 2 2 2 2 2 2 2 2 2 2 2 2 2 2 2 2 2 2 2 2 2 2
left_child=1 4 3 6 -1 17 7 -3 -8 12 25 14 13 -6 26 -16 -12 18 -4 27 -7 -22 -13 -21 -17 -5 -2 -11 -28
right_child=11 2 5 10 9 20 8 -9 -10 19 16 22 -14 -15 15 24 -18 -19 -20 23 21 -23 -24 -25 -26 -27 28 -29 -30
leaf_value=0.03260965425720027 -0.0043322844343329685 -0.00038495911892690629 -0.0054259294824935758 -0.028454530916272133 0.022431262253639575 0.01105161224602952 -0.010972813588939583 0.01402214584512914 0.00029920342113310181 0.012353009580354594 -0.0056272357129686004 0.010692529948541998 -0.017530256568301792 0.0021972117710118218 -0.015142986846671572 0.047437393939322003 0.017806601086467418 0.01290404962201592 -0.019089237511283094 0.013011925072429521 -0.0010790876671247843 -0.027862221302832071 -0.032140112018935317 0.0028311661442538025 0.010022074537124176 -0.013618492983887627 -0.031068986095166968 0.032471048980380578 -0.01354490848055584
leaf_weight=128.44621357973665 33.316929150372744 12073.32940223068 1838.4368203021586 123.89728462696075 139.16742685437202 25.292465079575777 2306.0453076250851 2076.7441319599748 10298.66100635007 23.095304640009999 3088.5723245516419 7.6564804175868622 149.13926554471254 10150.855287242681 35.43952036742121 19.925263322889805 75.847936367616057 88.614158160984516 215.49224637076259 468.24664401262999 48.023409875109792 314.19655710179359 309.51561397174373 260.08641329407692 25.701001786626875 138.92818363569677 57.260288348421454 76.552686715498567 17.360038622282445
leaf_count=5834 342 38911 8953 695 684 226 8563 6934 54273 543 19517 223 470 39772 660 204 972 752 1640 2743 497 9121 22610 1142 711 761 1329 1217 395
internal_value=-0.00034398 -8.7259e-05 -0.00125166 -0.000640386 0.00325435 -0.00852815 8.46449e-05 0.00173371 -0.00176656 0.00290538 -0.00629222 -0.0224948 0.00218747 0.00248163 -0.00786341 0.010198 -0.00503835 -0.00605501 -0.00690232 0.0118892 -0.0219508 -0.0243743 -0.0309562 0.00942049 0.0294329 -0.0210129 -0.0212793 0.0286213 -0.0280987
internal_weight=44613.8 44107.7 32712.1 30182 11395.6 2530.06 26754.8 14150.1 12604.7 11267.1 3427.25 506.175 10439.2 10290 189.003 81.0658 3164.42 2142.54 2053.93 827.981 387.512 362.22 317.172 728.333 45.6263 262.825 107.937 99.648 74.6203
internal_count=230694 204220 151815 130626 52405 21189 108681 45845 62836 46571 21945 26474 40926 40456 3641 1575 20489 11345 10593 5645 9844 9618 22833 3885 915 1456 2066 1760 1724
is_linear=0
shrinkage=0.05


Tree=228
num_leaves=22
num_cat=0
split_feature=2 3 2 5 4 4 6 4 2 4 2 4 4 4 4 6 4 5 4 4 0
split_gain=93.7181 65.5052 55.5664 47.5143 44.9017 35.542 32.5019 35.1048 30.4101 21.1685 21.4473 17.3117 8.47193 20.1779 7.92761 24.1409 5.89323 4.92327 4.42757 4.14125 2.90637
threshold=-1.4999999999999998 1.0000000180025095e-35 2.5000000000000004 1.0000000180025095e-35 0.068900540471076979 1.0666885375976565 6.5000000000000009 0.93829354643821727 -1.0000000180025095e-35 -0.1120820641517639 1.0000000180025095e-35 0.28522720932960516 -0.39453032612800593 -0.87202557921409596 -0.87202557921409596 -4.4999999999999991 1.1148747205734255 10.500000000000002 -0.7976430058479308 0.47888524830341345 25.500000000000004
decision_type=2 2 2 2 2 2 2 2 2 2 2 2 2 2 2 2 2 2 2 2 2
left_child=14 2 3 4 8 -6 7 -5 -2 12 11 -11 13 -3 -1 -16 18 -8 -17 -12 -20
right_child=1 9 -4 6 5 -7 17 -9 -10 10 19 -13 -14 -15 15 16 -18 -19 20 -21 -22
leaf_value=-0.03283037025867544 -0.0061729222836972861 -0.038466855767972125 0.028605812804175103 0.0018782263010593053 -0.0075808132073889797 0.021071285853212562 0.034241450678769908 -0.0038876747585438638 -0.00010581501216993016 -0.0074166933584053768 -0.0033589799964903106 -0.033266893501879197 -0.034835656453419787 -0.0025747610732846597 0.030002277271242841 0.0016489528653039329 0.0070190222061946306 0.015545760568564312 -0.0045644212947596602 0.0089507544163098286 -0.027340620033490217
leaf_weight=155.46787993144244 2349.1865740884095 59.666179675608873 162.84457439929247 21058.18720681034 3747.8804438170046 106.74427203275263 49.785612681880593 3013.3164824172854 16835.524368576705 160.61881262250245 170.36995588988066 108.11136720143259 126.41350118815899 101.25994985736907 19.903826141729951 15.148706972599028 14.189881838858126 160.80959714204073 17.36795237287879 107.12062577344477 209.19676026515663
leaf_count=9102 19415 689 10011 82547 15925 716 543 17961 60526 756 578 548 704 762 617 589 178 1379 349 545 6173
internal_value=-0.000565174 -0.00035683 -0.000112181 -0.000214018 -0.00184034 -0.0067611 0.00132913 0.00115578 -0.000850153 -0.0142097 -0.00830286 -0.018234 -0.0251043 -0.0166405 -0.0236353 -0.0179599 -0.0221939 0.0206571 -0.0240163 0.00146731 -0.0257309
internal_weight=48749.1 48317.8 47484.3 47321.4 23039.3 3854.62 24282.1 24071.5 19184.7 833.56 546.221 268.73 287.34 160.926 431.275 275.807 255.903 210.595 241.713 277.491 226.565
internal_count=230613 213605 209023 199012 96582 16641 102430 100508 79941 4582 2427 1304 2155 1451 17008 7906 7289 1922 7111 1123 6522
is_linear=0
shrinkage=0.05


Tree=229
num_leaves=31
num_cat=0
split_feature=9 8 8 4 8 4 8 7 8 8 4 8 8 4 2 8 8 6 8 8 5 8 8 8 8 7 8 4 0 5
split_gain=23.7468 63.6687 100.97 51.5184 117.293 50.4128 48.4602 43.5443 42.7448 37.4044 37.1151 27.8894 42.9369 26.8819 64.4639 54.8497 72.5513 47.5701 36.6861 32.3097 28.4813 24.7625 105.982 95.9519 127.231 54.4252 49.1359 39.1789 20.648 16.0936
threshold=1.0000000180025095e-35 55.503072738647468 24.120081901550297 -0.31870716810226435 39.87672424316407 0.065213490277528777 20.889002799987797 0.29485858976840978 19.12481784820557 64.022247314453139 -0.023980928584933277 78.518264770507827 107.69263076782228 0.93829354643821727 1.5000000000000002 269.34574890136724 37.442897796630866 3.5000000000000004 113.39955902099611 -287.51872253417963 13.500000000000002 -130.9697570800781 -138.78073883056638 -85.063129425048814 -87.961193084716783 0.039288116618990905 -144.44563293457028 -0.48390856385231013 30.500000000000004 -1.0000000180025095e-35
decision_type=2 2 2 2 2 2 2 2 2 2 2 2 2 2 2 2 2 2 2 2 2 2 2 2 2 2 2 2 2 2
left_child=13 2 6 -4 7 -6 8 -5 10 -3 -2 -11 -13 20 15 16 17 -15 -18 -16 21 22 26 24 -23 -24 -1 -25 -21 -8
right_child=1 9 3 4 5 -7 29 -9 -10 11 -12 12 -14 14 19 -17 18 -19 -20 28 -22 23 25 27 -26 -27 -28 -29 -30 -31
leaf_value=-0.00090763805452055983 0.001184403691446456 -0.041866927108170464 0.036906962271544962 0.012527881282456922 0.0029926767003474637 -0.041561870082312713 -0.04408824934827054 0.044701952122494719 0.024992691099339194 0.010676362737982838 -0.0089400623650873947 -0.032781114819445095 0.0047228080869644541 -0.0030551801682969833 0.055173789314002575 -0.013162212595362183 0.030843716026327878 0.018441832144377866 0.0118867850620165 0.027011589267898064 -0.021850279578943192 0.0067881375594424018 -0.039410529571041492 0.0056439001762051844 0.043058574172058273 0.0045019731996935475 0.026224831485560696 0.00010424122712733385 -0.021648218601760024 -0.013844909520289753
leaf_weight=6716.6735169906169 1805.9833771619014 124.6028271894902 183.82142707239836 509.57007180061191 118.05307080596685 130.79664403246716 86.351016242057085 130.02634124970064 127.89466801285744 107.66907164920121 1807.779395908583 192.79818029422313 122.42077915929258 913.22044179029763 10.951222918927668 256.1383572909981 483.07771179825068 352.7427569963038 556.93246189504862 19.333804915193468 131.38725691800937 3065.6059094583616 263.94949720054865 3598.1456023841165 257.86806191876531 94.364924794994295 166.11133182933554 27954.51400674344 292.44560315157287 97.969532733317465
leaf_count=32640 7540 797 649 1949 414 833 420 507 506 484 8918 883 656 3572 72 2119 2166 1504 2747 487 644 11358 1196 16696 826 397 742 115701 12605 585
internal_value=0.000902271 -0.00218404 -0.000403259 0.0131588 0.00806619 -0.0207828 -0.00411937 0.0193647 -0.00286656 -0.0182907 -0.0038857 -0.010936 -0.0183695 0.0012817 0.00594734 0.00860447 0.0110455 0.00298364 0.0207976 -0.0149567 0.000962452 0.0010362 -0.00162371 0.00158862 0.00966281 -0.027943 -0.000234253 0.000736757 -0.018252 -0.0288036
internal_weight=50679.2 5545.74 4998.25 1072.27 888.446 248.85 3925.98 639.596 3741.66 547.491 3613.76 422.888 315.219 45133.5 2884.84 2562.11 2305.97 1265.96 1040.01 322.731 42248.6 42117.2 7241.1 34876.1 3323.47 358.314 6882.78 31552.7 311.779 184.321
internal_count=230613 25141 22321 4352 3703 1247 17969 2456 16964 2820 16458 2023 1539 205472 25272 12108 9989 5076 4913 13164 180200 179556 34975 144581 12184 1593 33382 132397 13092 1005
is_linear=0
shrinkage=0.05


Tree=230
num_leaves=26
num_cat=0
split_feature=2 3 2 8 8 8 8 2 0 5 8 8 7 6 0 8 5 5 6 8 6 6 0 8 8
split_gain=96.7364 58.3383 57.8144 56.971 83.2259 67.8033 55.5075 43.1366 41.3365 27.1308 26.0302 22.0282 17.7491 16.7255 21.5373 15.4215 14.6412 12.5387 22.7636 18.6063 12.4715 6.32817 4.15745 1.91081 0.898725
threshold=1.5000000000000002 -1.0000000180025095e-35 -1.0000000180025095e-35 42.778856277465827 49.591728210449226 41.241231918334968 62.377737045288093 -2.4999999999999996 83.500000000000014 -12.499999999999998 -419.80076599121088 -27.185948371887203 0.29899433255195623 1.5000000000000002 38.500000000000007 -82.447135925292955 4.5000000000000009 3.5000000000000004 -1.0000000180025095e-35 -40.003139495849602 -1.4999999999999998 1.0000000180025095e-35 80.500000000000014 -76.778827667236314 -235.70269012451169
decision_type=2 2 2 2 2 2 2 2 2 2 2 2 2 2 2 2 2 2 2 2 2 2 2 2 2
left_child=1 17 7 5 12 8 -6 -3 -4 23 -11 13 -5 24 -15 -16 -17 18 -1 -20 -13 -19 -23 -9 -2
right_child=11 2 3 4 6 -7 -8 9 -10 10 -12 20 -14 14 15 16 -18 21 19 -21 -22 22 -24 -25 -26
leaf_value=-0.024501387244616035 -0.014230703445903704 0.032487852425091571 0.00010990500482016858 -0.027593405465598859 0.0072195084170865705 0.035830144800800316 -0.0058441092669765165 0.033569031584996099 -0.013229557113089936 0.023950849668730068 0.0022616680935010846 0.021755906555320798 0.0011359740552189105 0.041846546057360691 -0.030662688847964515 0.032271911685879076 -0.016194445665965927 -0.010896404699201792 0.025925124353597395 -0.0094515136119239593 -0.032080537038589298 -0.03552807662547311 -0.01436124689786368 0.017975465283928745 -0.031170199335704175
leaf_weight=130.75521226413548 25.889757085591555 118.88840101286769 25464.902447179891 464.12902423366904 980.1000446062535 126.2739587072283 4665.4219489777461 52.60983301512897 589.31361101940274 135.20587504282594 10761.183336189017 7.8425660505890837 60.282241649925709 23.327726842835546 36.921161136589944 27.183610728941858 25.850497265346348 62.026312163099647 53.794191896915436 96.426002064719796 301.14927050704136 122.14320425782353 40.497381039895117 70.621458763256669 45.851487421430647
leaf_count=790 269 5666 93646 3279 4978 603 40623 583 4874 675 43961 232 402 223 851 501 680 404 362 770 22819 1264 527 542 1089
internal_value=-0.000408516 -0.000160199 3.70808e-05 -0.00103268 -0.00535281 -1.37355e-05 -0.0035718 0.00314315 -0.000194297 0.00281196 0.00254166 -0.0222992 -0.0243114 -0.00834426 0.00371162 -0.0078605 0.00928799 -0.0169619 -0.00965319 0.00364397 -0.0303894 -0.0256933 -0.0308431 0.025682 -0.0263826
internal_weight=44488.6 43994.6 43488.9 32350.4 6169.93 26180.5 5645.52 11138.5 26054.2 11019.6 10896.4 494.016 524.411 185.024 113.283 89.9553 53.0341 505.642 280.975 150.22 308.992 224.667 162.641 123.231 71.7412
internal_count=230613 203949 199832 148405 49282 99123 45601 51427 98520 45761 44636 26664 3681 3613 2255 2032 1181 4117 1922 1132 23051 2195 1791 1125 1358
is_linear=0
shrinkage=0.05


Tree=231
num_leaves=31
num_cat=0
split_feature=2 3 2 5 8 8 8 0 4 0 8 4 5 6 2 8 4 8 5 8 2 6 4 8 4 6 4 7 8 4
split_gain=85.9121 56.9892 58.0678 61.0186 47.7317 78.8975 73.0344 42.1079 30.6028 42.8681 30.5744 28.1768 28.0466 25.8489 23.7287 21.3053 18.3802 17.1987 27.3691 14.4862 11.997 11.2404 41.6459 11.071 10.7812 7.80706 9.07231 0.771228 1.80143 0.273073
threshold=-1.4999999999999998 1.0000000180025095e-35 1.0000000180025095e-35 -3.4999999999999996 -25.19881439208984 -14.519459724426268 -40.924243927001946 73.500000000000014 -0.58177191019058216 62.500000000000007 87.607540130615249 -0.084601975977420793 14.500000000000002 1.0000000180025095e-35 1.5000000000000002 -222.32796478271482 1.4746136069297793 -6.1366157531738272 1.5000000000000002 -170.74105834960935 1.0000000180025095e-35 -5.4999999999999991 -0.77408763766288746 -394.88154602050776 1.1906533837318423 -1.4999999999999998 -0.41898377239704127 0.05224552936851979 1.6444900035858157 1.1906533837318423
decision_type=2 2 2 2 2 2 2 2 2 2 2 2 2 2 2 2 2 2 2 2 2 2 2 2 2 2 2 2 2 2
left_child=21 2 3 8 6 -6 -5 12 15 -10 11 25 13 -4 16 -2 -9 18 -13 -16 -12 22 -1 -23 27 -3 -27 -25 -29 -14
right_child=1 10 7 4 5 -7 -8 14 9 -11 20 17 29 -15 19 -17 -18 -19 -20 -21 -22 23 -24 24 -26 26 -28 28 -30 -31
leaf_value=-0.029093235964279724 -0.018853656806398729 -0.033369275161917934 0.0055633010698578969 -0.0011769797591464634 0.010885919506481849 3.2864268438700444e-06 -0.011757181021551709 0.0092553979899655699 -0.0079265124598131322 -0.026861099727129384 -0.041841522629823935 0.0088930990073545942 0.018436889047073812 -0.00016476462863675604 -0.0085352269193379373 0.00087278249045507305 -0.010465213373686244 0.013692693430020018 -0.025230981141071435 0.02592487259566556 -0.01703467040849858 0.01210361071693195 0.066040830951078835 -0.032242474547788079 0.013884767748143538 -0.0010078842416017361 -0.025023647379806276 -0.02940647577451766 -0.016092088053671044 0.033553123666200516
leaf_weight=31.17708543734625 153.16121576912701 80.063668936491013 2794.4361326629296 8516.7164171878248 1803.2257886547595 21094.845605086535 2012.8981005754322 1255.6921636797488 1305.8845388777554 385.76873926445842 99.938772786408663 117.50833277031779 28.074551129713655 6642.8303733011708 31.630545360967517 1014.3629268091172 126.23306472226977 153.05867082998157 108.84555460885167 290.41665840242058 113.18668841104954 16.009998800233006 11.869087833911179 194.79865706292912 12.50554330088198 75.698712131008506 77.834629578515887 84.185814027674496 71.384184117428958 55.50626278668642
leaf_count=2439 2090 920 11092 38160 6039 69126 7775 7804 6333 3045 488 470 200 38423 264 7473 1013 742 496 9126 488 665 157 8633 136 616 379 3366 1745 1167
internal_value=-0.000471066 -0.000273805 -4.67422e-05 -0.00101898 -0.000418786 0.000862484 -0.00320417 0.00309529 -0.00802306 -0.0123108 -0.0132535 -0.00746166 0.00179708 0.0015334 0.0103225 -0.00178439 0.00742277 0.000991884 -0.00770662 0.0224616 -0.0293596 -0.0228021 0.00128085 -0.0255193 -0.0273212 -0.0209251 -0.0135881 -0.0289666 -0.0239884 0.0298029
internal_weight=48759.7 48337.8 47511.7 36286.9 33427.7 22898.1 10529.6 11224.8 2859.18 1691.65 826.135 613.01 9520.85 9437.27 1703.97 1167.52 1381.93 379.413 226.354 322.047 213.125 421.93 43.0462 378.884 362.874 233.597 153.533 350.369 155.57 83.5808
internal_count=230870 213729 209130 140041 121100 75165 45935 69089 18941 9378 4599 3623 50882 49515 18207 9563 8817 1708 966 9390 976 17141 2596 14545 13880 1915 995 13744 5111 1367
is_linear=0
shrinkage=0.05


Tree=232
num_leaves=31
num_cat=0
split_feature=4 8 8 7 8 8 6 8 8 8 4 4 5 8 8 8 9 8 8 8 8 1 6 4 8 6 5 4 1 8
split_gain=27.8792 34.5701 126.582 40.2597 56.2668 31.4693 31.3286 89.1543 75.5776 66.7349 68.7315 45.0657 45.638 36.6138 40.654 33.5216 31.9214 68.7966 31.535 84.2971 63.373 30.3849 25.3092 26.1626 24.4455 23.2666 23.1021 21.1287 21.0063 18.2978
threshold=-0.52692893147468556 139.82307434082034 92.387344360351577 0.12473110109567644 16.161653518676761 32.219675064086921 -2.4999999999999996 33.875438690185554 51.880025863647468 -23.128694534301754 -0.0042485515587031833 -0.238982118666172 -5.4999999999999991 -64.778663635253892 -361.24395751953119 -62.530506134033196 1.0000000180025095e-35 39.87672424316407 127.00802230834962 98.64014053344728 87.607540130615249 45.500000000000007 -1.0000000180025095e-35 -2.2875711917877193 -372.31275939941401 -1.4999999999999998 -1.4999999999999998 -0.051673112437129014 48.500000000000007 7.1921761035919198
decision_type=2 2 2 2 2 2 2 2 2 2 2 2 2 2 2 2 2 2 2 2 2 2 2 2 2 2 2 2 2 2
left_child=1 2 3 22 25 -6 7 9 -9 13 29 18 15 14 -2 -13 24 -18 19 20 -8 -20 23 -1 -14 -5 -15 -17 -24 -11
right_child=6 -3 -4 4 5 -7 11 8 -10 10 -12 12 16 26 -16 27 17 -19 21 -21 -22 -23 28 -25 -26 -27 -28 -29 -30 -31
leaf_value=-0.029171903469210426 0.026607880084518511 -0.020789213544701063 0.044106477159822056 0.010127159608668565 -0.028659663226335671 0.0050043437221754493 -0.003653783354409581 0.064411422433987564 0.010914707446319085 -0.038962285577499908 0.015440306150394507 0.038964339333107445 0.0090927897798061038 0.033980649919723667 -0.0051891815405996269 -0.012127120761622494 -0.0006177847607874154 -0.017524089490201615 -0.040735667536591275 0.038314799678738652 -0.040190235004062658 -0.0050716037081391637 0.0031677877959043117 -0.00024353616630503635 0.00075495613591716553 0.028532132590732673 0.0041220498749453965 0.019359106062828636 0.017408334647788484 -0.01063621772509434
leaf_weight=74.923133666627109 124.75301661808044 133.84553562616929 189.8510941201821 330.56220680009574 94.226277333684266 227.4023281801492 4310.7479089619592 108.53610193729401 163.86490734061226 173.53317468147725 119.75659053679556 124.20636836066842 898.21467330306768 186.72042783722281 441.62187289912254 86.572322930209339 3244.5790254864842 733.86198421288282 109.97082413267344 112.13639616593719 117.1259777545929 127.69281691685319 884.72973635140806 3543.0349015789106 33000.984658859437 372.18951296899468 100.15039641875774 123.58267041156068 362.93272300437093 90.867548030801117
leaf_count=1590 568 750 733 2417 443 938 16682 352 726 895 585 457 3297 772 2032 351 14592 3858 677 478 434 658 3671 20844 147546 1618 460 681 1351 414
internal_value=0.000758074 0.00389394 0.00445397 0.00313953 0.0121234 -0.00514582 0.000319809 0.00738693 0.0330068 0.00163685 -0.015545 7.078e-05 0.000643393 0.00941813 0.00198618 0.0188978 0.000479781 -0.0037544 -0.00450489 -0.00356193 -0.00466449 -0.0220733 0.00123762 -0.000882037 0.000977189 0.0200075 0.0238058 0.00640811 0.00736317 -0.0296054
internal_weight=50713.2 6213.7 6079.85 5890 1024.38 321.629 44499.5 1509.8 272.401 1237.4 384.157 42989.7 38212 853.246 566.375 334.361 37877.6 3978.44 4777.67 4540.01 4427.87 237.664 4865.62 3617.96 33899.2 702.752 286.871 210.155 1247.66 264.401
internal_count=230870 34355 33605 32872 5416 1381 196515 6804 1078 5726 1894 189711 170782 3832 2600 1489 169293 18450 18929 17594 17116 1335 27456 22434 150843 4035 1232 1032 5022 1309
is_linear=0
shrinkage=0.05


Tree=233
num_leaves=23
num_cat=0
split_feature=2 3 2 8 8 6 8 5 8 8 8 6 5 8 8 8 5 8 6 0 0 8
split_gain=90.5473 53.7141 50.5485 47.2623 88.6913 58.5766 48.2803 46.6674 67.7606 41.0264 23.5161 21.5715 21.859 10.9151 28.6431 18.0696 24.3958 17.5415 9.7196 8.82905 4.48563 0.840691
threshold=1.5000000000000002 -1.0000000180025095e-35 -2.4999999999999996 42.778856277465827 49.591728210449226 -1.4999999999999998 75.15427398681642 6.5000000000000009 11.03136730194092 41.241231918334968 -27.185948371887203 2.5000000000000004 5.5000000000000009 15.063652038574221 -8.6262278556823713 -30.148659706115719 -1.4999999999999998 51.880025863647468 -1.4999999999999998 67.500000000000014 35.500000000000007 -287.51872253417963
decision_type=2 2 2 2 2 2 2 2 2 2 2 2 2 2 2 2 2 2 2 2 2 2
left_child=1 13 -3 7 5 -5 -6 9 -9 -4 11 20 -13 14 15 16 -1 -15 -12 -19 -2 -22
right_child=10 2 3 4 6 -7 -8 8 -10 -11 18 12 -14 17 -16 -17 -18 19 -20 -21 21 -23
leaf_value=-0.031040117034182912 -0.0013559163027324105 0.032430517529534429 0.0010487277499387369 -0.061956903344691727 0.004504348728183203 -0.015310427665580661 -0.0043945621370393454 -0.0025514330267478926 -0.028998823942328777 0.025249569580949583 0.01531102932901275 0.030636448669769008 -0.020001046300712467 -0.045552545119842046 0.019424410893265364 -0.038822661924770914 0.001599381634964041 -0.027731377834544366 -0.03199822460423931 0.0039625185690497144 -0.014177799560894903 -0.030935862957186384
leaf_weight=85.154959177598357 21.563406329602003 115.42233348637819 33491.164559761994 71.812067717313766 2127.8164000650868 609.22759772278368 5338.7776338653639 1245.3842353653163 296.01690313778818 171.05511245690286 8.4818376069888455 50.26537056453526 30.341887420043349 66.694592212326825 59.592997897416353 70.066406367346644 155.59834675118327 35.539081688970327 288.46556826774031 45.635140934027731 23.991718668490648 58.398386978544295
leaf_count=452 216 5710 128491 355 10318 3882 41456 7061 2112 729 234 798 777 767 430 487 1171 437 22663 481 285 1558
internal_value=-0.000348015 -0.000110723 8.09696e-05 -8.89085e-06 -0.00343935 -0.0206448 -0.00185725 0.00078544 -0.00770784 0.00117544 -0.0218003 -0.00750198 0.0115208 -0.0160346 -0.0111908 -0.0172752 -0.0103419 -0.0274054 -0.0304157 -0.0107174 -0.0221043 -0.0271464
internal_weight=44466.5 43985 43466.7 43351.3 8147.63 681.04 7466.59 35203.6 1541.4 33662.2 481.508 184.561 80.6073 518.282 370.413 310.82 240.753 147.869 296.947 81.1742 103.954 82.3901
internal_count=230870 204339 200114 194404 56011 4237 51774 138393 9173 129220 26531 3634 1575 4225 2540 2110 1623 1685 22897 918 2059 1843
is_linear=0
shrinkage=0.05


Tree=234
num_leaves=31
num_cat=0
split_feature=2 2 5 0 3 2 0 8 8 8 8 8 6 0 2 7 8 8 6 0 9 8 8 8 5 8 2 9 8 8
split_gain=81.0213 55.5116 67.7611 57.6267 51.6741 40.9074 32.4856 31.7882 70.0962 44.1568 31.6615 21.5268 38.9862 20.8402 17.3303 15.9926 11.5993 26.2013 18.4141 10.4415 9.12214 9.05608 28.6318 9.18406 8.68635 6.98158 5.93329 3.80166 3.84934 2.67048
threshold=-1.4999999999999998 1.0000000180025095e-35 -3.4999999999999996 81.500000000000014 -1.0000000180025095e-35 2.5000000000000004 84.500000000000014 -160.02195739746091 -130.9697570800781 -78.678833007812486 -66.618366241455064 269.34574890136724 1.5000000000000002 26.500000000000004 -1.0000000180025095e-35 0.32552005350589758 -4.0424249172210684 3.9576201438903813 -3.4999999999999996 87.500000000000014 1.0000000180025095e-35 -349.79296874999994 -380.98957824707026 -222.32796478271482 -6.4999999999999991 -64.778663635253892 1.5000000000000002 1.0000000180025095e-35 -394.88154602050776 130.77565765380862
decision_type=2 2 2 2 2 2 2 2 2 2 2 2 2 2 2 2 2 2 2 2 2 2 2 2 2 2 2 2 2 2
left_child=16 2 7 4 15 6 11 21 24 -10 -6 13 -13 -3 29 -4 27 18 -18 -16 -19 22 -2 -23 -9 -8 -27 28 -1 -5
right_child=1 5 3 14 10 -7 25 8 9 -11 -12 12 -14 -15 19 -17 17 20 -20 -21 -22 23 -24 -25 -26 26 -28 -29 -30 -31
leaf_value=-0.0060370790448792703 -0.032691352838549195 -0.0032397390276022175 0.020949489796755288 -0.032907219384625964 -0.003948365764171056 0.027952386263082996 0.0040033939763243782 0.035794738317565335 -0.028190571681892991 -0.0061417401587191738 0.00018788246756247054 0.025684986162369895 0.00054404217946957647 0.0023454676020525783 -0.0062010242393170578 0.0012797849737265375 0.055790778189734047 -0.028776973498158664 -0.0050949630514905775 -0.018519365028752652 0.0091877748178745746 -0.033075357295045106 0.010474545352056018 -0.015031804700573623 0.012650527267344034 0.014638679834537181 0.031861079318433232 -0.0021957240102418716 -0.032700712546265019 -0.0090716142024745237
leaf_weight=17.146611727774143 66.824603512883186 2094.0131061300635 365.08932068198919 106.23797451332211 5592.2426163535565 153.26232101768255 127.62310155853629 79.267657242715359 251.00757925026119 2064.9512476809323 26675.892344333231 252.82425916939974 384.22029979992658 8175.5514693660662 569.33899849653244 144.31580694764853 15.483380943071095 106.13547607604414 29.653153124265373 247.34661931544542 16.03339228592813 172.64090069942176 78.742251880466938 141.26168545335531 94.95491492189467 341.30749638751149 60.617209722287953 12.980693488381801 213.09689552895725 18.374467331916094
leaf_count=794 818 7724 1162 2544 27155 10121 722 480 1915 11636 87530 2770 4830 40258 2756 476 497 2729 685 1289 405 2318 849 1536 512 2635 1596 792 11221 190
internal_value=-0.000502377 -0.000313049 -0.00126643 -0.000630123 -0.000278893 0.00270266 0.00235221 -0.00852699 -0.0062718 -0.00858701 -0.000529452 0.00176151 0.0106441 0.0012056 -0.0127945 0.0154436 -0.0224864 -0.0118317 0.0192719 -0.0100218 -0.0236292 -0.0205503 -0.00976896 -0.0253184 0.0238855 0.014388 0.0175957 -0.0294295 -0.0308855 -0.0298781
internal_weight=48668.4 48257.9 36668.5 33718.8 32777.5 11589.4 11436.2 2949.65 2490.18 2315.96 32268.1 10906.6 637.045 10269.6 941.298 509.405 410.53 167.305 45.1365 816.686 122.169 459.469 145.567 313.903 174.223 529.548 401.925 243.224 230.244 124.612
internal_count=230945 213822 143166 123102 116323 70656 60535 20064 14543 13551 114685 55582 7600 47982 6779 1638 17123 4316 1182 4045 3134 5521 1667 3854 992 4953 4231 12807 12015 2734
is_linear=0
shrinkage=0.05


Tree=235
num_leaves=31
num_cat=0
split_feature=0 5 4 7 8 5 2 8 8 8 6 5 5 6 8 8 6 8 8 8 7 8 8 8 4 5 8 4 4 4
split_gain=21.7938 24.6098 35.3885 37.0416 22.3128 22.137 22.0262 31.8373 98.0865 66.0829 54.0733 30.4559 24.319 23.7065 83.1464 35.9537 18.8596 20.1694 63.4955 34.8642 30.8848 49.5337 21.0549 18.4567 32.0674 20.1569 23.943 19.5025 17.4664 21.397
threshold=45.500000000000007 -8.4999999999999982 -0.82163146138191212 -0.067201726138591752 -72.363105773925767 -2.4999999999999996 1.0000000180025095e-35 139.82307434082034 153.43129730224612 130.77565765380862 1.5000000000000002 4.5000000000000009 -1.4999999999999998 3.5000000000000004 28.580967903137211 19.12481784820557 6.5000000000000009 -46.97898864746093 -64.778663635253892 -72.363105773925767 -0.22075429558753965 11.03136730194092 196.6261901855469 -388.37040710449213 0.092304568737745299 -6.4999999999999991 -60.695699691772454 -0.238982118666172 -0.93012794852256764 -1.2748202681541441
decision_type=2 2 2 2 2 2 2 2 2 2 2 2 2 2 2 2 2 2 2 2 2 2 2 2 2 2 2 2 2 2
left_child=1 -1 3 4 5 -3 7 9 -9 13 12 -12 -10 15 -15 -2 17 18 19 -8 21 -19 -22 24 -4 26 -25 -27 29 -5
right_child=6 2 23 28 -6 -7 16 8 10 -11 11 -13 -14 14 -16 -17 -18 20 -20 -21 22 -23 -24 25 -26 27 -28 -29 -30 -31
leaf_value=-0.019299476488836641 0.0010277890127092985 -0.00074229108488451203 0.01491547519840899 0.031808690008623609 -0.014153826758602359 0.033108636680078816 -0.0033751738202975148 -0.047761029713163879 0.0080862570279209116 0.035337613574184433 0.031188182118947395 0.0038364858765547413 -0.018104604021485848 0.021166314416411251 -0.013200363059213321 0.0066488614992909261 -0.024216644789392571 0.025295449483289312 -0.026798531377929275 0.024605685179469691 -0.0022858756672881073 -0.0054085785872031366 0.010036723350934437 -0.0016818358988825288 -0.011711531917765602 -0.0040537635583027124 0.031723364965914075 -0.00017785475392610131 0.034354546818990396 0.0023409133193759923
leaf_weight=162.98469153558835 10538.265439411625 158.55744328163564 446.44007285125554 89.807473666965961 171.23821250163019 64.318992303684354 1048.9322893046774 116.14969909191132 111.18132983893156 154.92969396617264 127.49423361197114 446.89013213664293 388.84368753805757 597.12503627687693 244.73595005273819 3892.8797214683145 81.282474621199071 308.5701979692094 278.5638968180865 119.47563926968724 2503.5642393552698 223.47932269005105 397.2449735137634 108.59923389833421 146.71529617905617 3757.6020302018151 100.08066714089364 23619.778358501149 144.79945393931121 178.42210157681257
leaf_count=841 47067 1051 1681 496 780 372 5122 432 383 517 438 1505 1542 1883 738 13022 4257 1884 1750 614 22917 2143 8130 443 493 14638 402 94059 569 776
internal_value=0.000674706 -0.000217012 -0.000106405 0.0101836 -0.000803767 0.00953872 0.00187899 0.0027516 -0.0051116 0.00335985 -0.000301079 0.0101244 -0.0122586 0.00302401 0.0111567 0.00254588 -0.00104385 -0.000633468 -0.00557414 -0.000421334 0.00145413 0.0124684 -0.000584018 -0.000402899 0.00828652 -0.000591207 0.0147064 -0.000710474 0.0205521 0.0126087
internal_weight=50729 29149.3 28986.4 807.144 394.115 222.876 21579.6 16618.5 1190.56 15427.9 1074.41 574.384 500.025 15273 841.861 14431.1 4961.11 4879.83 1446.97 1168.41 3432.86 532.05 2900.81 28179.2 593.155 27586.1 208.68 27377.4 413.029 268.23
internal_count=230945 116601 115760 4044 2203 1423 114344 67527 4300 63227 3868 1943 1925 62710 2621 60089 46817 42560 7486 5736 35074 4027 31047 111716 2174 109542 845 108697 1841 1272
is_linear=0
shrinkage=0.05


Tree=236
num_leaves=31
num_cat=0
split_feature=2 8 8 8 8 8 8 8 9 9 8 7 4 8 8 2 0 6 8 8 4 8 7 8 6 5 6 8 6 8
split_gain=83.4049 51.9971 78.8475 66.1861 333.277 59.9549 140.914 75.6276 54.6424 50.2871 91.7341 43.3193 51.8385 67.327 51.6693 40.529 47.7787 40.9836 50.385 37.1808 36.0557 28.3933 24.1201 22.5996 18.8417 26.7711 16.6819 6.62352 4.88379 3.1084
threshold=1.5000000000000002 11.03136730194092 12.074971675872805 -3.1082756519317623 -6.1366157531738272 -8.6262278556823713 -8.0015263557434064 -34.538461685180657 1.0000000180025095e-35 1.0000000180025095e-35 11.760808467864992 -0.031401872634887688 -0.46948522329330439 4.9183819293975839 10.295456886291506 1.0000000180025095e-35 43.500000000000007 -2.4999999999999996 15.063652038574221 7.8179750442504892 0.44150972366333013 -27.185948371887203 0.11431164294481279 51.880025863647468 2.5000000000000004 5.5000000000000009 -1.4999999999999998 -287.51872253417963 -1.4999999999999998 -4.0424249172210684
decision_type=2 2 2 2 2 2 2 2 2 2 2 2 2 2 2 2 2 2 2 2 2 2 2 2 2 2 2 2 2 2
left_child=1 3 9 4 5 7 -7 -1 29 10 -3 12 13 -5 20 17 22 23 -19 -14 -13 24 -17 -4 27 -26 -18 -2 -23 -6
right_child=21 2 15 11 8 6 -8 -9 -10 -11 -12 14 19 -15 -16 16 26 18 -20 -21 -22 28 -24 -25 25 -27 -28 -29 -30 -31
leaf_value=-0.0001740678585777655 -0.00076429994642223287 -0.012603216498281548 -0.021133821859317239 0.037177931484227704 -0.042484831911206535 -0.048752002873649031 0.00013112749476324319 0.0064192901216943918 -0.011034111579799416 0.0038610607040824641 -0.071111232754731399 -0.0015229985346608534 0.0048341715820891772 -0.010355774511553254 0.033479137194639873 0.0059244313216322928 0.013748350473868963 0.014657515644786557 -0.00099349180662831253 0.027316709017828528 0.012833282164795221 0.0043989805657898753 -0.011591330621157544 -0.0020326413090805159 0.032284489538653961 -0.022995015119295789 -0.021980127599768324 -0.02809049613442598 -0.031916067034868816 -0.056855662741803516
leaf_weight=18484.395377095789 32.338663924485445 174.78471409343183 370.25395478308201 344.7071072794497 252.49727709591389 196.35183465108275 550.37654298450798 5682.2512219110504 135.30937633104622 111.10510444268584 106.48864237964153 2352.9256343692541 1416.459103545174 92.276238160207868 124.07835561968386 449.14577659592032 31.305523686110973 535.75274734571576 10479.538931433111 207.00684588216245 531.99171300791204 8.3987568290904147 341.64392267353833 265.63000399805605 52.552688835188746 30.909701324999332 597.37137193698436 67.599926843307912 277.63602548884228 141.55710641853511
leaf_count=74355 341 760 1831 1558 1051 765 2241 22683 536 471 371 9120 5344 398 494 4305 437 1795 51791 756 2812 232 5332 1282 792 801 13300 1681 22697 613
internal_value=-0.000219981 4.98442e-06 -0.00258279 0.00114704 0.00010711 0.000944934 -0.0129614 0.00137722 -0.0389632 -0.0245249 -0.0356092 0.00636101 0.0119378 0.0271368 0.00252876 -0.00191497 -0.00987638 -0.000941205 -0.000225966 0.00777597 0.00114199 -0.0210719 -0.00166817 -0.0132327 -0.00549674 0.0116695 -0.0201066 -0.0197059 -0.0307925 -0.048295
internal_weight=44444.6 43975.2 13463 30512.2 25442.7 24913.4 746.728 24166.6 529.364 392.378 281.273 5069.44 2060.45 436.983 3009 13070.6 1419.47 11651.2 11015.3 1623.47 2884.92 469.436 790.79 635.884 183.401 83.4624 628.677 99.9386 286.035 394.054
internal_count=230945 204401 81675 122726 102244 100044 3006 97038 2200 1602 1131 20482 8056 1956 12426 80073 23374 56699 53586 6100 11932 26544 9637 3113 3615 1593 13737 2022 22929 1664
is_linear=0
shrinkage=0.05


Tree=237
num_leaves=28
num_cat=0
split_feature=3 5 8 8 8 8 4 4 8 8 8 8 6 3 8 4 4 8 8 5 8 8 6 8 6 7 4
split_gain=53.3544 49.8681 59.8591 79.3477 58.6745 71.3081 55.8014 60.0994 54.2862 52.9791 35.7042 77.5442 47.8385 35.5602 32.5415 31.245 30.7419 22.0924 19.3549 33.4632 15.3697 12.0616 6.94328 9.16951 6.32334 5.11425 5.04757
threshold=1.0000000180025095e-35 4.5000000000000009 201.82788085937503 196.6261901855469 -297.32894897460932 -135.04876708984372 -0.36115618050098414 -0.034936783835291856 191.76314544677737 -191.96870422363278 348.21440124511724 352.43107604980474 -1.0000000180025095e-35 -1.0000000180025095e-35 87.607540130615249 -0.1120820641517639 -0.027575368992984291 369.94026184082037 -6.1366157531738272 1.0000000180025095e-35 235.95204162597659 218.49330902099612 -1.4999999999999998 -7.4232330322265616 1.0000000180025095e-35 -0.12525258958339688 0.43111152946949011
decision_type=2 2 2 2 2 2 2 2 2 2 2 2 2 2 2 2 2 2 2 2 2 2 2 2 2 2 2
left_child=1 2 3 8 26 9 24 -8 13 -6 12 -12 20 -1 15 22 -14 -13 19 -17 -4 -16 -2 -24 -7 -20 -3
right_child=14 4 10 -5 5 6 7 -9 -10 -11 11 17 16 -15 21 18 -18 -19 25 -21 -22 -23 23 -25 -26 -27 -28
leaf_value=0.012059902653639674 -0.033851060867963724 -0.016950818725725542 0.013582205602936848 -0.040558402157850004 0.0042566594117106503 -0.014252142775547186 0.026874504991381137 0.0025494761521058546 0.035010204623667961 0.046546738829448264 -0.046709951270324346 0.017766624281959766 0.022663419375877653 -0.0017441423904680641 -0.03928037787660385 0.014332095515639496 0.0030903000765881237 -0.0017580145627991237 0.023090930419074812 -0.022636174273250077 0.038313516449457713 -0.014509287347874364 -0.0038475025172724194 -0.030209085333895117 -0.037568664378905818 0.0049257627758163228 -0.038206590520479623
leaf_weight=467.66120433341712 79.229800688568503 67.551548332907259 108.47075515519828 125.27770600188524 135.67957405559719 59.625622311607003 258.14110674615949 7324.3573528542183 96.724671956151724 161.02242790628225 81.59332712367177 189.53836088720709 242.33718183729798 36421.223767205607 127.02850878890604 99.347258411347866 1073.7330307979137 564.7137530837208 80.328250734135509 144.29737814329565 175.74052451644093 92.355975104495883 84.629191934596747 50.939047783613205 77.176045268774033 77.268854236230254 69.380250260233879
leaf_count=2507 1514 478 385 499 628 423 1427 43677 373 795 428 1289 1216 159573 581 416 6516 3206 382 658 882 435 719 407 495 447 350
internal_value=-0.000591843 -0.000371768 -0.00110588 -0.00160456 0.00318763 0.00374967 0.00281573 0.00339477 -0.00146715 0.0275988 0.00647859 -0.00189101 0.0108424 -0.00156753 -0.0130805 -0.00707595 0.00676657 0.00323308 0.00120997 -0.00757711 0.0292727 -0.029408 -0.0222294 -0.0144749 -0.0282669 0.01461 -0.0286872
internal_weight=48535.4 47699.9 39547 37110.9 8152.93 8016 7719.3 7582.5 36985.6 296.702 2436.13 835.845 1600.28 36888.9 835.424 616.04 1316.07 754.252 401.242 243.645 284.211 219.384 214.798 135.568 136.802 157.597 136.932
internal_count=230706 225147 176874 162952 48273 47445 46022 45104 162453 1423 13922 4923 8999 162080 5559 4543 7732 4495 1903 1074 1267 1016 2640 1126 918 829 828
is_linear=0
shrinkage=0.05


Tree=238
num_leaves=31
num_cat=0
split_feature=0 6 7 4 0 5 9 5 7 6 4 5 4 6 5 4 7 2 4 4 4 5 7 7 7 0 7 7 4 5
split_gain=22.074 21.6 22.8413 28.9981 22.1446 21.0938 20.4007 60.9628 24.4335 22.1802 20.4873 25.1838 24.0419 17.673 13.2983 10.6294 9.36953 16.5625 10.7092 12.4423 9.36646 7.3109 7.2043 6.5556 5.97369 8.1804 5.42517 4.36406 6.18365 5.06471
threshold=9.5000000000000018 6.5000000000000009 0.36302131414413458 1.4746136069297793 61.500000000000007 10.500000000000002 1.0000000180025095e-35 2.5000000000000004 -0.10540578514337538 -1.0000000180025095e-35 0.043918507173657424 -5.4999999999999991 -0.67229962348937977 -1.4999999999999998 15.500000000000002 -0.060386333614587777 0.18582223355770114 1.0000000180025095e-35 0.12249021604657175 -0.069683499634265886 1.740420460700989 1.0000000180025095e-35 0.42074835300445562 0.19735383987426761 -0.18116794526576993 3.5000000000000004 0.28663814067840582 0.041872641071677215 0.029776564799249176 1.5000000000000002
decision_type=2 2 2 2 2 2 2 2 2 2 2 2 2 2 2 2 2 2 2 2 2 2 2 2 2 2 2 2 2 2
left_child=16 2 6 13 -5 -3 10 9 -9 -8 12 -12 -2 22 26 -15 17 21 19 -18 -6 24 -4 -16 -1 -26 -7 28 -23 -29
right_child=1 5 3 4 20 14 7 8 -10 -11 11 -13 -14 15 23 -17 18 -19 -20 -21 -22 27 -24 -25 25 -27 -28 29 -30 -31
leaf_value=-0.0033673298278697628 0.0036678850203751045 -0.043075120265235044 -0.00042988980311230591 -0.0040251641155401429 0.056414602542041684 0.019698360514909655 -0.0033661330446054754 0.0054479945719035257 -0.015512723798947648 0.0048353516194394744 0.021471727680591475 0.0023203181648637342 -0.00073980708174437655 -0.0013409024576359029 -0.00014546312331225114 0.0076139241875250235 -0.019260330745779652 0.013932922452378413 -0.01551071264389099 -0.0022909097806838746 0.021573506996455508 -0.015572289225038253 -0.021478454413612257 -0.028653458043756987 -0.0019434026711358872 0.0035724052742107781 -0.0067338973773593564 0.0043727468200247515 -0.0045471752474093505 -0.0087678608237925833
leaf_weight=1240.5620502345264 3873.0954264393076 45.683850923320279 79.115698343142867 36.962034163530916 46.352380210999399 44.324787539895624 1513.8441443112679 160.33508134353906 943.32927010767162 1798.333250682801 168.43152073351666 17624.978764788248 15292.128638694528 412.61762054776773 30.904586036689579 1650.6269530486315 112.56565057486296 176.58496521040797 214.58999481005594 1361.2735280320048 46.991895218379796 179.07405836880207 79.074360352009535 53.31365084159188 1336.4441020414233 1342.8023383617401 28.711157161043957 191.61634907871485 434.13731667399406 111.9592801630497
leaf_count=4638 23603 1369 442 512 314 899 6653 930 5417 7267 866 83544 59456 1733 678 8805 462 785 1044 5472 628 645 394 1262 4876 4777 605 678 1536 416
internal_value=0.000690984 0.00109878 0.00117511 0.00596317 0.0284522 -0.014979 0.000902264 -0.002308 -0.0124568 0.00108741 0.00128609 0.00250759 0.000151667 0.00458306 -0.005741 0.00582418 -0.00198098 -0.000893809 -0.00519677 -0.0036477 0.0408633 -0.00144897 -0.0112871 -0.0187866 -0.000506085 0.000822551 0.00954188 -0.00545573 -0.00786671 -0.000537078
internal_weight=50630.8 43929.2 43726.2 2351.74 130.306 202.938 41374.5 4415.84 1103.66 3312.18 36958.6 17793.4 19165.2 2221.43 157.254 2063.24 6701.61 5013.18 1688.43 1473.84 93.3443 4836.6 158.19 84.2182 3919.81 2679.25 73.0359 916.787 613.211 303.576
internal_count=230706 205377 200564 12828 1454 4813 187736 20267 6347 13920 167469 84410 83059 11374 3444 10538 25329 18351 6978 5934 942 17566 836 1940 14291 9653 1504 3275 2181 1094
is_linear=0
shrinkage=0.05


Tree=239
num_leaves=24
num_cat=0
split_feature=2 3 2 3 8 5 5 5 4 8 8 0 8 8 8 5 8 6 6 8 5 8 8
split_gain=83.683 51.9263 46.7128 44.7249 44.2138 63.0958 47.9316 36.6478 25.0793 22.4986 20.8183 15.82 11.4833 20.1682 16.8229 24.7574 15.6405 11.1019 6.56303 14.3277 16.2032 6.53457 4.16733
threshold=1.5000000000000002 -1.0000000180025095e-35 -2.4999999999999996 1.0000000180025095e-35 75.15427398681642 -1.0000000180025095e-35 6.5000000000000009 -1.0000000180025095e-35 -0.90008330345153797 -27.185948371887203 -48.137819290161126 35.500000000000007 15.063652038574221 -9.2462801933288556 -30.148659706115719 -1.4999999999999998 51.880025863647468 -1.4999999999999998 2.5000000000000004 -82.447135925292955 4.5000000000000009 116.87070083618165 -287.51872253417963
decision_type=2 2 2 2 2 2 2 2 2 2 2 2 2 2 2 2 2 2 2 2 2 2 2
left_child=1 12 -3 4 6 -6 -4 8 -5 11 -9 -2 13 14 15 -1 -14 -11 22 -20 -21 -18 -13
right_child=9 2 3 7 5 -7 -8 10 -10 17 -12 18 16 -15 -16 -17 21 -19 19 20 -22 -23 -24
leaf_value=-0.029875246281823684 0.023066390520134063 0.032314728813429089 0.00093032025469956612 0.0027175224053686293 -0.015276669124362525 -0.0015828325285159118 -0.0075797191267799081 -0.018665951485393444 0.026285354492316684 0.017320808967234865 0.0059295256406467307 -0.0045161092957278267 -0.045402509003004535 0.014847044345986993 -0.038055397240134986 0.0028418477044959861 0.0043868268964553153 -0.032017196642670033 -0.027182520961016483 0.043225990765261346 -0.012733902992706296 -0.023812929379726042 -0.030659089910721124
leaf_weight=88.105597214773297 30.561293821781874 108.41332114022225 35378.662740346976 161.46488467976451 1056.6846451153979 4057.2975738542154 1730.8131794845685 105.30089296400547 380.03185427933931 8.9112815419211966 386.12215925380588 23.070108577609062 63.347535000182688 59.376366587355733 63.590030694380403 150.55560728907585 34.828629091382027 267.7974401419051 29.758145684376359 19.998095110058784 23.234244026243687 40.820740124210715 54.80984215810895
leaf_count=467 284 5702 138138 868 6976 33556 10824 458 1580 241 1788 277 771 452 427 1136 300 22784 638 271 610 586 1572
internal_value=-0.000141223 8.19925e-05 0.00026771 0.000183665 -6.83847e-05 -0.0044245 0.000532438 0.0104376 0.019347 -0.0212835 0.000524347 -0.0073163 -0.0158486 -0.0108936 -0.0161096 -0.00960139 -0.0279142 -0.0301491 -0.0140133 -0.00286931 0.0149492 -0.0113628 -0.0236545
internal_weight=44323.6 43865.4 43364.8 43256.4 42223.5 5113.98 37109.5 1032.92 541.497 458.14 491.423 181.432 500.625 361.628 302.251 238.661 138.997 276.709 150.87 72.9905 43.2323 75.6494 77.88
internal_count=230706 204029 199890 194188 189494 40532 148962 4694 2448 26677 2246 3652 4139 2482 2030 1603 1657 23025 3368 1519 881 886 1849
is_linear=0
shrinkage=0.05


Tree=240
num_leaves=26
num_cat=0
split_feature=2 3 6 2 0 7 6 4 0 5 4 2 7 5 0 4 6 4 4 6 2 5 0 4 4
split_gain=75.7164 54.3587 50.1352 40.4866 57.7832 39.7652 38.0359 34.2943 29.4471 23.7576 19.9915 14.7876 10.2702 13.1546 18.3902 12.1976 10.1811 36.0504 9.517 9.31907 4.18992 2.99707 7.5423 1.15622 0.812551
threshold=-1.4999999999999998 -1.0000000180025095e-35 6.5000000000000009 -1.0000000180025095e-35 35.500000000000007 -0.20562063902616498 -2.4999999999999996 1.740420460700989 73.500000000000014 12.500000000000002 0.23193357884883883 1.0000000180025095e-35 0.33533839881420141 2.5000000000000004 60.500000000000007 0.29989066720008856 -5.4999999999999991 -0.77408763766288746 1.1906533837318423 1.5000000000000002 1.0000000180025095e-35 -1.4999999999999998 40.500000000000007 -0.074047099798917757 -0.44381769001483912
decision_type=2 2 2 2 2 2 2 2 2 2 2 2 2 2 2 2 2 2 2 2 2 2 2 2 2
left_child=16 7 3 4 10 11 -7 12 -6 -9 -3 -5 13 14 -2 -15 17 -1 21 -14 -4 23 -23 -18 -24
right_child=1 2 20 5 8 6 -8 9 -10 -11 -12 -13 19 15 -16 -17 18 -19 -20 -21 -22 22 24 -25 -26
leaf_value=-0.028786047382217985 0.022359764962137815 -0.00068097790231593295 0.015003217974181247 -0.0053123823229784956 -0.0082581087931826464 -0.010485751446090701 0.00073504750620443857 -0.041055280272142447 -0.02465568364388325 0.013450594125463648 0.015454058770769028 -0.00055123358490048941 0.013656803881950839 0.03657848034106622 -0.0024583372004574992 0.016810656405910042 -0.032667792407198457 0.0597769546626849 0.013609968728639605 -0.0071398258856093209 0.03032662349358228 0.0014251125183509863 -0.015912483682571487 -0.0085585448739345839 -0.028412858738344648
leaf_weight=29.024579995311797 128.43968303594738 1808.1956262104213 104.9292208366096 4555.4927548021078 2100.8801500294358 767.08861974440515 34628.058980632573 46.036756443791091 312.3788098283112 29.649729103315622 209.73321911692619 2540.6754607791081 110.38037809915841 111.36626072786748 167.41104478761554 302.73636269941926 160.87451283680275 12.352108068764208 12.622047323733566 96.679762609302998 108.8705845954828 31.655079699121416 43.027065863832831 9.4925532927736622 98.147944564931095
leaf_count=2463 505 9849 349 19758 16761 3378 135352 617 7064 460 796 10749 463 439 1083 1556 8266 148 139 532 3973 687 2072 373 2914
internal_value=-0.000494044 -0.000313472 -0.000557871 -0.000669146 -0.00521439 -0.000194589 0.000490422 0.0112359 -0.0104272 -0.0201926 0.00103007 -0.00360931 0.0139253 0.0167697 0.00850866 0.0224999 -0.0220983 0.00124681 -0.0247927 0.00400712 0.0233209 -0.0263802 -0.0204843 -0.0316068 -0.0252776
internal_weight=48526.2 48129 47136.3 46922.5 4431.19 42491.3 35395.1 992.7 2413.26 75.6865 2017.93 7096.17 917.013 709.953 295.851 414.103 397.196 41.3767 355.819 207.06 213.8 343.197 172.83 170.367 141.175
internal_count=230746 213684 208029 203707 34470 169237 138730 5655 23825 1077 10645 30507 4578 3583 1588 1995 17062 2611 14451 995 4322 14312 5673 8639 4986
is_linear=0
shrinkage=0.05


Tree=241
num_leaves=31
num_cat=0
split_feature=9 4 6 4 4 4 4 7 6 6 4 0 5 2 7 6 0 4 6 0 5 4 2 5 6 5 0 2 0 7
split_gain=24.4876 42.1482 27.5486 27.1153 32.7191 26.3098 26.1737 66.5778 32.8136 37.7264 29.1472 26.0817 24.8553 21.6153 19.7829 19.6039 21.2412 19.57 33.0874 24.3139 18.5842 16.6662 48.4065 33.8426 26.5108 21.6394 18.9258 16.3391 16.3073 15.8786
threshold=1.0000000180025095e-35 -0.020519999787211415 1.5000000000000002 0.060800798237323768 -0.52692893147468556 0.072953686118125929 -1.1341271996498106 0.026759921573102478 -2.4999999999999996 -1.0000000180025095e-35 -0.22119893878698346 35.500000000000007 -5.4999999999999991 1.0000000180025095e-35 0.43927296996116644 2.5000000000000004 60.500000000000007 0.72022897005081188 -1.0000000180025095e-35 57.500000000000007 -8.4999999999999982 0.95650944113731395 1.5000000000000002 13.500000000000002 -1.0000000180025095e-35 1.5000000000000002 30.500000000000004 -1.0000000180025095e-35 46.500000000000007 -0.011350752785801886
decision_type=2 2 2 2 2 2 2 2 2 2 2 2 2 2 2 2 2 2 2 2 2 2 2 2 2 2 2 2 2 2
left_child=3 6 5 4 20 11 7 -2 -8 10 -10 -3 -5 15 -4 -6 -17 18 -7 -19 28 23 24 25 -23 -14 -24 -11 -1 -30
right_child=1 2 14 12 13 17 8 -9 9 27 -12 -13 21 -15 -16 16 -18 19 -20 -21 -22 22 26 -25 -26 -27 -28 -29 29 -31
leaf_value=-0.019331790135437971 -0.032122202465623202 -0.0060874427783328333 -0.015875572756766081 0.02170368940395874 -6.7378622123934567e-05 -0.013420093404377343 0.021150491905502382 0.024024497096975343 -0.012459217572688714 -0.0089351886511912781 0.0055966847041116052 -0.029929997821074653 0.0044594595643579864 -0.0060144882323620481 0.013077787119999632 0.0022927694827524778 -0.025192341598963736 -0.031232118941531824 0.0086756431562722055 0.0045627540452249224 0.0048761546001963108 -0.0094719646487923144 0.029849498691504075 -0.023205235793058401 0.0099396858851199671 0.00070349070240014692 -0.016093345225561051 0.01047238396708227 0.0032084905467139528 -0.015402816957726828
leaf_weight=126.02666505472735 152.49287348473445 792.1370897218585 804.21384370839223 164.10943333804607 18039.565491660964 207.60809904336929 246.90424219053239 75.065587397199124 563.96343957819045 118.26263787597418 364.32384214736521 130.08053809311241 5990.3151799608022 1795.3535464517772 59.953490522690117 122.89822309371084 156.85639731027186 89.302746024914086 833.6572578898631 93.236859309021384 4541.0062757865526 186.97160376049578 19.751271800603718 128.66971011925489 2236.7059618271887 10647.819041990209 282.50176448770799 964.91694714128971 617.714544352144 135.45389832928777
leaf_count=700 1084 2950 5646 863 66261 946 1118 436 2217 560 1282 564 25075 9826 408 383 541 507 3576 521 24355 818 477 657 10652 47308 12402 3268 4377 968
internal_value=0.000833917 -0.002316 -0.00629053 0.00121722 0.000142535 -0.00324025 0.00249968 -0.0134826 0.00413632 0.00200059 -0.00538082 -0.00959374 0.00261287 -0.000786709 -0.0138032 -0.000272868 -0.0132897 0.00156707 0.0042271 -0.0133148 0.00358856 0.00244662 0.00606953 0.00185598 0.00842578 0.00205671 -0.0126542 0.00832213 -0.00305181 -0.000218173
internal_weight=50687.8 5496.12 3010.19 45191.7 25534.9 2146.02 2485.93 227.558 2258.37 2011.47 928.287 922.218 19656.8 20114.7 864.167 18319.3 279.755 1223.8 1041.27 182.54 5420.2 19492.7 2725.93 16766.8 2423.68 16638.1 302.253 1083.18 879.195 753.168
internal_count=230746 25083 15118 205663 107411 9064 9965 1520 8445 7327 3499 3514 98252 77011 6054 67185 924 5550 4522 1028 30400 97389 24349 73040 11470 72383 12879 3828 6045 5345
is_linear=0
shrinkage=0.05


Tree=242
num_leaves=30
num_cat=0
split_feature=2 0 2 3 7 8 4 8 8 8 8 4 2 6 8 6 7 8 8 7 3 8 4 8 4 0 6 4 4
split_gain=73.0268 72.8386 46.2494 39.5949 35.2271 40.5414 39.8263 35.1578 234.011 103.828 34.0315 29.9448 27.6296 34.6646 28.0455 18.0413 16.6495 16.4225 15.2601 19.5195 10.9606 7.21054 12.5427 8.45409 7.88846 4.16546 3.13384 2.3898 2.38205
threshold=1.0000000180025095e-35 72.500000000000014 -2.4999999999999996 -1.0000000180025095e-35 -0.19859391450881955 -388.37040710449213 0.75114825367927562 -9.2462801933288556 -3.1082756519317623 -38.559890747070305 -310.69364929199213 0.060800798237323768 1.5000000000000002 1.0000000180025095e-35 10.295456886291506 -1.4999999999999998 0.12228645011782648 -27.185948371887203 -388.37040710449213 -0.24849689751863477 1.0000000180025095e-35 15.063652038574221 0.3553887158632279 -62.530506134033196 0.4123272448778153 76.500000000000014 -2.4999999999999996 1.4746136069297793 -1.1796581745147703
decision_type=2 2 2 2 2 2 2 2 2 2 2 2 2 2 2 2 2 2 2 2 2 2 2 2 2 2 2 2 2
left_child=2 10 -1 21 5 11 -7 9 -9 -6 18 -5 13 16 -15 -14 -12 -17 -2 -20 25 22 23 -4 -23 26 -3 -28 -27
right_child=1 20 3 4 7 6 -8 8 -10 -11 12 -13 15 14 -16 17 -18 -19 19 -21 -22 24 -24 -25 -26 28 27 -29 -30
leaf_value=0.03229404824559489 -0.0036768299805457049 0.0038474577079480668 -0.011958375678645897 -0.014250940582907982 -0.001502199158950954 0.0046714999462257392 -0.023731261521083707 -0.025394513076752442 -0.00046945957970180179 0.0075447297647337434 -0.0090185698391800802 0.010324308046768663 0.036894135732349245 0.0032578814701259792 -0.0074738482519522646 -0.0067411739614714116 -0.026827589378934747 -0.030848740394491831 0.002815146718765392 0.030616769789788972 -0.0011208807583162033 -0.036490130785163208 -0.025115420050065208 0.0079953883318028534 -0.0095118007204588219 -0.0096503788279911906 -0.023233272139515204 -0.00077509735513604599 -0.031634324558329166
leaf_weight=107.64548929501325 131.49897645413876 12.934596102684734 119.19934832304716 519.75915249623358 10133.576947655529 7750.3660495076329 120.53097740933299 1001.5463517382741 14616.381339736283 4610.2502348627895 1026.5986897591501 158.3056703209877 9.220128449611364 1533.742591869086 1002.4313453901559 116.60027495957911 148.03652343712747 188.70287891570479 123.84703859686852 126.19599414616823 45.419321159366518 65.01643430814147 95.485414698719978 88.161904465407133 51.789192594587803 18.543187092989683 102.5008948314935 13.708112302236257 284.37291774339974
leaf_count=5814 454 125 597 1863 36181 26927 552 3634 65732 16403 7060 549 158 9581 14540 1921 2000 13992 391 420 739 404 579 428 500 199 3064 1040 14899
internal_value=-0.000412772 -0.00617656 0.000301758 0.000210103 0.000375777 0.00320996 0.00422176 -0.000422641 -0.00207547 0.00132829 -0.00415208 -0.00847986 -0.00550726 -0.00428588 -0.000990231 -0.0196248 -0.0113672 -0.0218986 0.0100316 0.0171717 -0.0246248 -0.014975 -0.010603 -0.00348631 -0.02541 -0.0270545 -0.0182125 -0.0207253 -0.0304671
internal_weight=44322.4 4884.35 39438 39330.4 38910.7 8548.96 7870.9 30361.8 15617.9 14743.8 4406.87 678.065 4025.33 3710.81 2536.17 314.523 1174.64 305.303 381.542 250.043 477.479 419.652 302.847 207.361 116.806 432.06 129.144 116.209 302.916
internal_count=230746 70583 160163 154349 151841 29891 27479 121950 69366 52584 50517 2412 49252 33181 24121 16071 9060 15913 1265 811 20066 2508 1604 1025 904 19327 4229 4104 15098
is_linear=0
shrinkage=0.05


Tree=243
num_leaves=27
num_cat=0
split_feature=2 3 5 8 8 8 8 8 4 8 4 6 8 4 8 4 4 6 4 7 8 9 5 2 8 8
split_gain=68.7993 54.0228 52.431 61.3138 68.7851 56.3085 64.2766 55.7396 43.6875 38.6873 56.0075 54.7056 36.365 26.034 20.928 15.477 19.298 11.6636 37.0595 11.1505 9.94885 5.63678 14.4209 4.49604 3.00041 11.6866
threshold=-1.4999999999999998 1.0000000180025095e-35 4.5000000000000009 -297.32894897460932 -135.04876708984372 201.82788085937503 196.6261901855469 -191.96870422363278 -0.38262838125228876 273.69572448730474 -0.099708907306194292 1.5000000000000002 184.21182250976565 0.81387585401535045 75.15427398681642 0.0078956452198326605 0.32175916433334356 -5.4999999999999991 -0.77408763766288746 -0.20562063902616498 -394.88154602050776 1.0000000180025095e-35 1.0000000180025095e-35 1.0000000180025095e-35 -4.0424249172210684 4.9183819293975839
decision_type=2 2 2 2 2 2 2 2 2 2 2 2 2 2 2 2 2 2 2 2 2 2 2 2 2 2
left_child=17 2 5 -4 7 6 12 -5 -6 10 -7 -11 -2 14 15 19 -17 18 -1 -3 -19 24 -23 -16 -22 -26
right_child=1 13 3 4 8 9 -8 -9 -10 11 -12 -13 -14 -15 23 16 -18 20 -20 -21 21 22 -24 -25 25 -27
leaf_value=-0.028562019328562144 -0.0011716963677220584 -0.029457498671220012 -0.030178805538786435 0.0035377034302730807 -0.025945954126940948 0.038349159822214846 -0.034848802891152608 0.046555430223933048 0.003832065860647587 0.0062779789843460127 0.0082434283520050056 -0.018295293374577224 0.019103673206878929 0.013071276060709553 -0.038838472629893546 0.0090998625984180306 -0.017613920341423759 0.012725909484010962 0.060539134621276261 -0.00869263383860607 -0.032693754747273131 -0.027807246355402118 0.031115574675334809 -0.021104091152094401 0.010714547892695943 -0.027417842264938166
leaf_weight=27.613930708728731 36405.290772438981 129.38400227110833 126.27834847569466 136.43786328006536 120.27577290683985 193.18685427587479 136.20371096301824 165.52136398013681 7553.5485760993324 1217.2522776648402 720.94336933642626 273.04056452400982 217.51480855420232 82.427995032630861 87.775814296677709 155.96659841015935 111.65634680259973 14.668192242737858 13.191586215049027 136.12078791763633 176.88169323932379 21.919102085754275 12.012674548663197 102.32966983504593 22.032970583066344 99.097822396084666
leaf_count=2440 147010 1064 600 592 693 789 526 789 44373 6756 3656 2547 856 434 470 633 551 642 154 1008 9441 932 236 394 603 2586
internal_value=-0.000325604 -0.000155377 6.41195e-05 0.00372412 0.00427947 -0.000693434 -0.00117865 0.0274924 0.00334875 0.00671157 0.0147798 0.00172972 -0.00104868 -0.0129535 -0.015989 -0.0107323 -0.00216417 -0.0211764 0.00370661 -0.0191691 -0.0241168 -0.0259095 -0.00563003 -0.0300779 -0.0280876 -0.020332
internal_weight=48458.6 48071.2 47265.5 8102.06 7975.78 39163.4 36759 301.959 7673.82 2404.42 914.13 1490.29 36622.8 805.661 723.233 533.128 267.623 387.418 40.8055 265.505 346.612 331.944 33.9318 190.105 298.012 121.131
internal_count=230775 213741 209187 47047 46447 162140 148392 1381 45066 13748 4445 9303 147866 4554 4120 3256 1184 17034 2594 2072 14440 13798 1168 864 12630 3189
is_linear=0
shrinkage=0.05


Tree=244
num_leaves=31
num_cat=0
split_feature=0 6 5 8 8 8 8 4 2 4 5 4 8 8 8 8 6 6 8 8 2 4 4 4 8 8 5 8 8 4
split_gain=21.7986 17.74 18.9553 19.6661 17.2408 76.4228 57.6596 50.1158 53.481 50.6703 42.779 32.5738 62.4159 53.517 30.9048 88.9217 74.4933 29.167 14.8006 22.126 12.8043 13.5358 11.7992 8.50192 8.97726 6.89294 16.0975 12.8005 5.60902 4.94421
threshold=12.500000000000002 6.5000000000000009 10.500000000000002 18.190244674682621 -130.9697570800781 -62.530506134033196 -177.2028884887695 -0.29975113272666926 1.0000000180025095e-35 -0.75080534815788258 4.5000000000000009 -0.77408763766288746 -245.087776184082 -361.24395751953119 3.9576201438903813 1.6444900035858157 -2.4999999999999996 -2.4999999999999996 50.989500045776374 179.729362487793 1.0000000180025095e-35 0.12249021604657175 0.09721859917044641 1.0000000180025095e-35 -388.37040710449213 4.9183819293975839 1.5000000000000002 -72.363105773925767 -245.087776184082 0.14864885061979297
decision_type=2 2 2 2 2 2 2 2 2 2 2 2 2 2 2 2 2 2 2 2 2 2 2 2 2 2 2 2 2 2
left_child=20 4 -3 -4 6 7 11 9 -9 -6 17 12 -2 -13 15 -7 -16 -8 -5 -20 21 22 23 24 -1 27 -27 -22 -25 -23
right_child=1 2 3 18 5 14 10 8 -10 -11 -12 13 -14 -15 16 -17 -18 -19 19 -21 25 29 -24 28 -26 26 -28 -29 -30 -31
leaf_value=0.011405521076332645 0.00036519498475843154 -0.041896230036545329 0.025167276795919069 -0.047499457715736972 0.011240681126072984 -0.00032257255601714436 -0.025379276286733421 0.013878052058279272 -0.00095298735078033032 -0.0085793698669969151 -0.034847925683422445 0.0085728676834042946 0.028690276918232407 -0.0041849622048283431 0.016787378226182492 -0.023480959396377805 0.0014007255947277978 -0.0036625940636296397 0.014766938400636673 -0.0317895387011813 -0.00017457053582186439 -0.016072203427420051 0.011974038810795557 -0.01589914897009868 -0.0011288321270743037 0.010879611239333013 -0.020227409912476159 0.022738192743915711 -0.0041805363661171499 -0.006172614486764135
leaf_weight=141.48575071245432 564.04847115511075 41.047334053786471 35.788788883481175 22.287113579921424 528.05146497907117 13002.886873383075 179.0730181671679 2747.2074172748253 779.36410382948816 811.29954897239804 153.67097749607638 1141.5543562984094 291.9464182429947 2899.1638369793072 821.06537374388427 423.1607424733229 16513.601711222902 982.22473162598908 55.012797432485968 39.591258842730895 111.49836875498295 160.00888485461473 157.26840817183256 106.68091116845608 5785.3609054069966 106.09056468494236 61.484180347062647 129.26740795746446 1329.5008659288287 600.2022402510047
leaf_count=496 5224 1362 646 358 3371 53475 1648 8688 3691 3253 824 4594 2142 12057 3885 2237 83379 4406 832 1621 390 605 603 418 21566 739 543 523 4914 2285
internal_value=0.000695495 0.00116678 -0.013738 -0.00507934 0.00123743 0.00166123 -0.00119261 0.00748037 0.0106037 -0.000752388 -0.0104675 0.00130622 0.0101363 -0.000574572 0.000739651 -0.00106095 0.00213415 -0.00710577 -0.0149925 -0.00533442 -0.0015837 -0.00201133 -0.00136568 -0.00165854 -0.00082025 0.00700749 -0.000789111 0.0123396 -0.00510315 -0.00834768
internal_weight=50720.9 42032 193.727 152.68 41838.3 35626.6 6211.68 4865.92 3526.57 1339.35 1314.97 4896.71 855.995 4040.72 30760.7 13426 17334.7 1161.3 116.891 94.6041 8688.85 8280.51 7520.3 7363.03 5926.85 408.341 167.575 240.766 1436.18 760.211
internal_count=230775 197693 4819 3457 192874 161979 30895 19003 12379 6624 6878 24017 7366 16651 142976 55712 87264 6054 2811 2453 33082 30887 27997 27394 22062 2195 1282 913 5332 2890
is_linear=0
shrinkage=0.05


Tree=245
num_leaves=30
num_cat=0
split_feature=2 2 0 7 2 2 5 8 8 8 8 8 4 8 8 8 5 4 4 4 0 6 5 8 6 8 4 0 7
split_gain=72.6399 48.1674 54.9371 38.5162 38.3982 27.9216 27.6133 26.0605 118.19 86.9329 23.6951 22.0514 21.9175 21.8754 73.0769 15.7756 15.2446 26.7784 24.6057 11.6405 14.9376 10.1845 9.51983 9.74727 6.1092 3.92961 3.56423 3.08029 2.16737
threshold=1.5000000000000002 -1.0000000180025095e-35 73.500000000000014 0.27114334702491766 -2.4999999999999996 1.0000000180025095e-35 -12.499999999999998 -19.300438880920407 -34.538461685180657 -3.1082756519317623 -27.185948371887203 -40.003139495849602 -0.13067968934774396 -419.80076599121088 -388.37040710449213 348.21440124511724 2.5000000000000004 -0.15555509924888608 1.4746136069297793 0.72022897005081188 54.500000000000007 -1.0000000180025095e-35 -3.4999999999999996 -87.961193084716783 -1.4999999999999998 -277.43647766113276 -1.5866894721984861 76.500000000000014 -0.075198441743850694
decision_type=2 2 2 2 2 2 2 2 2 2 2 2 2 2 2 2 2 2 2 2 2 2 2 2 2 2 2 2 2
left_child=1 4 3 7 -1 16 26 8 -3 -9 11 19 21 -8 -15 -14 17 -4 -18 25 -21 -5 23 -7 -12 -2 -6 -24 -22
right_child=10 2 5 12 6 22 13 9 -10 -11 24 -13 15 14 -16 -17 18 -19 -20 20 28 -23 27 -25 -26 -27 -28 -29 -30
leaf_value=0.032216639816836555 -0.0066432002560021719 -0.00048471479748611688 -0.009019104657243324 -0.0074949164434720732 0.034262862687557988 0.0084818080770017838 0.021446665212879367 -0.01044522714559655 0.012237540928103639 0.00024393100887654058 0.0076720837651813676 0.037592798504826698 -0.0056431209371138923 -0.02972067093713875 0.0022971680861787066 0.0081128010801418231 -0.016157307108996051 0.0055080664577777105 0.013894952260065086 0.026923610857759336 -0.027388027033334761 -0.026092884582760337 -0.01522128080414775 -0.022082616832115459 -0.031497443234245019 -0.029760705264319794 0.015163154919366898 -0.030790323023411222 -0.0011371325445698858
leaf_weight=103.25719728972763 29.452938698232174 12216.204793270677 793.78355573862791 131.81771041452885 59.597222091630101 44.65211283415556 138.11500660702586 2314.9377155452967 2141.2031895928085 10560.287172911689 8.5292670307680947 20.096088387072086 2529.0367077328265 176.2309046946466 10747.458815293387 222.74183868803084 569.58846181631088 521.87674714624882 73.4042933806777 30.234591326676309 19.310575359500948 178.91630552522838 58.096396887674928 51.489983147010207 251.26863440219313 66.385369274765253 62.399288630113006 177.41274274419993 12.285889351740478
leaf_count=5798 298 39583 3353 617 673 410 699 8703 7147 56369 229 508 15593 863 43918 2705 4075 2615 657 367 546 1188 1429 1075 22715 1401 470 6263 508
internal_value=-0.000440023 -0.000236679 -0.00121174 -0.000646572 0.00257758 -0.00866982 0.00228966 -4.8265e-05 0.00141623 -0.00168127 -0.0205954 -0.00627447 -0.00595812 0.00202256 0.00176727 -0.00451696 -0.00636396 -0.00325764 -0.0126458 -0.0128493 0.0039378 -0.018447 -0.0219909 -0.00816976 -0.0300909 -0.0233379 0.0254753 -0.027346 -0.0187306
internal_weight=44310.1 43872.5 32585.4 30295.1 11287.1 2290.3 11183.8 27232.6 14357.4 12875.2 437.563 177.765 3062.51 11061.8 10923.7 2751.78 1958.65 1315.66 642.993 157.669 61.8311 310.734 331.651 96.1421 259.798 95.8383 121.997 235.509 31.5965
internal_count=230775 204203 151782 131905 52421 19877 46623 111802 46730 65072 26572 3628 20103 45480 44781 18298 10700 5968 4732 3120 1421 1805 9177 1485 22944 1699 1143 7692 1054
is_linear=0
shrinkage=0.05


Tree=246
num_leaves=31
num_cat=0
split_feature=2 3 8 8 8 5 5 6 2 0 5 8 6 8 8 8 8 6 8 0 7 8 8 6 8 8 6 5 8 9
split_gain=65.6231 50.8507 44.8941 52.4287 63.1414 62.2182 54.3209 40.8106 36.2243 61.0002 31.3557 26.7757 26.4733 23.5835 21.246 64.6487 30.6171 17.1613 16.6853 15.4363 17.2836 18.1002 12.3072 34.7764 10.8836 11.8154 9.45297 19.2028 5.99074 3.50829
threshold=-1.4999999999999998 -1.0000000180025095e-35 -170.74105834960935 -216.81816101074216 -254.63584899902341 3.5000000000000004 1.5000000000000002 6.5000000000000009 -1.0000000180025095e-35 35.500000000000007 3.5000000000000004 -191.96870422363278 1.5000000000000002 -198.72866058349607 -18.398090362548825 -45.033233642578118 -82.447135925292955 1.5000000000000002 51.880025863647468 52.500000000000007 0.34577503800392156 -1.0000000180025095e-35 -4.0424249172210684 -5.4999999999999991 179.729362487793 120.61153411865236 -1.4999999999999998 -1.4999999999999998 -394.88154602050776 1.0000000180025095e-35
decision_type=2 2 2 2 2 2 2 2 2 2 2 2 2 2 2 2 2 2 2 2 2 2 2 2 2 2 2 2 2 2
left_child=22 12 3 4 5 -3 13 8 9 -4 -10 -8 14 -5 15 16 -2 -6 -16 -14 21 -21 28 -24 25 -9 27 -25 -1 -30
right_child=1 2 7 6 17 -7 11 24 10 -11 -12 -13 19 -15 18 -17 -18 -19 -20 20 -22 -23 23 26 -26 -27 -28 -29 29 -31
leaf_value=0.00089695959194564215 0.0043330443184538166 -0.0040509353067219025 0.0021006415535050212 -0.013031476406953284 0.014179974410392041 -0.031264532845298808 -0.016980944272345661 0.023667564112409934 -0.00044726115287999578 -0.010479784451033439 0.0029351222076355859 0.019295284153257666 0.020706654660969964 -0.035629864838296783 0.038148589447309547 -0.023195989582666124 0.044173910146812323 -0.0066841906239788005 0.011586641935046094 -0.0077710622507735075 -0.020095967028922274 0.019050951365519247 0.052600908766558922 -0.025144605776404289 0.039459605573864923 -0.0063510987169007162 -0.030635767002131539 0.024791285221400422 -0.03252598424650343 -0.0031533993170835758
leaf_weight=15.617439454887061 92.595883756875992 2088.5442882264033 1767.8790000230074 199.8477134462446 556.4311847537756 228.8378171492368 83.489367122761905 92.704369924962521 30392.964151829481 2109.1896206280217 8840.8683635806665 114.96929072588682 79.802668754011393 299.18749156221747 161.79456701129675 100.08305956423283 98.429252645000815 116.41395331919193 100.75291365012527 138.32922870200127 99.730258270166814 107.45131791802123 14.88056747196242 41.102789573837072 59.969125817995518 46.660873192362487 68.857252315618098 28.170067681930959 191.97334787482396 11.917239800561218
leaf_count=775 447 13554 8507 1219 3171 1179 354 1801 109238 19389 43845 605 465 2212 739 380 384 524 476 881 793 1034 504 1471 1999 416 1442 764 11272 786
internal_value=-0.000414167 -0.000250748 -0.000486219 -0.00577827 -0.0028853 -0.00679976 -0.0180719 -3.50042e-05 -0.000140649 -0.004748 0.000315195 0.00399201 0.0109987 -0.026799 0.0181553 0.00862609 0.0254649 0.0105474 0.0283624 0.0015798 -0.0030703 0.00410113 -0.021179 -0.0098338 0.0222575 0.0137451 -0.0181624 -0.00453608 -0.0286921 -0.0309258
internal_weight=48349.4 47976.9 46998 3687.72 2990.23 2317.38 697.494 43310.2 43110.9 3877.07 39233.8 198.459 978.969 499.035 553.656 291.108 191.025 672.845 262.547 425.313 345.511 245.781 372.519 153.011 199.334 139.365 138.13 69.2729 219.508 203.891
internal_count=230626 213612 208013 22818 18428 14733 4390 185195 180979 27896 153083 959 5599 3431 2426 1211 831 3695 1215 3173 2708 1915 17014 4181 4216 2217 3677 2235 12833 12058
is_linear=0
shrinkage=0.05


Tree=247
num_leaves=31
num_cat=0
split_feature=0 6 5 8 8 8 8 2 6 4 2 6 8 6 4 5 8 8 4 8 8 8 9 8 8 5 4 8 8 4
split_gain=25.2932 18.7489 18.4578 21.0343 16.693 53.4403 66.5871 51.301 44.2931 31.3449 35.2919 27.7852 20.3159 16.4247 12.8661 12.3202 10.3511 20.3821 9.01788 7.99746 22.5277 20.0824 19.9949 17.9448 15.1936 13.3735 16.6234 13.168 33.1568 13.0724
threshold=15.500000000000002 6.5000000000000009 10.500000000000002 18.190244674682621 -372.31275939941401 -349.79296874999994 -340.70903015136713 -1.0000000180025095e-35 -2.4999999999999996 -0.45558331906795496 -1.0000000180025095e-35 -1.4999999999999998 -130.9697570800781 -1.4999999999999998 0.27874848246574407 -3.4999999999999996 50.989500045776374 179.729362487793 -0.020519999787211415 -1.2817159891128538 -14.519459724426268 3.9576201438903813 1.0000000180025095e-35 1.6444900035858157 -4.9511625766754142 1.5000000000000002 0.18907065689563754 -31.164384841918942 -37.716585159301751 0.072953686118125929
decision_type=2 2 2 2 2 2 2 2 2 2 2 2 2 2 2 2 2 2 2 2 2 2 2 2 2 2 2 2 2 2
left_child=15 4 -3 -4 9 7 -7 8 -6 13 11 -11 -8 -2 -12 -1 -5 -18 -9 20 27 23 24 -21 -22 26 -23 28 -17 -27
right_child=1 2 3 16 5 6 12 18 -10 10 14 -13 -14 -15 -16 19 17 -19 -20 21 22 25 -24 -25 -26 29 -28 -29 -30 -31
leaf_value=-0.015828317134200288 -0.017197482259842755 -0.041616317382572474 0.025614255755391585 -0.044710203749978993 0.043365193256883316 0.03475131515657217 -0.0020648518327802245 -0.036965413814684711 -0.015042726685503983 0.013878845151049375 0.012732045354116288 -0.022788471176005701 0.0016042560225683134 0.0092839933781156889 0.028399836963019027 -0.0011667813203331389 0.012305758485783363 -0.032817412572605911 -0.017360507471461735 -0.0067137406921617725 0.0079954584598972058 -0.0011143160199784043 -0.0080242343905789753 -0.027584799210673468 0.027616147025704696 0.0057917307608990548 0.013680595869591911 -0.0071039314203981191 0.01792817521385005 -0.011311641606195265
leaf_weight=143.21695364080369 165.21876735519618 41.875781887443736 36.085018923971802 20.025963621214032 50.360042126383632 143.43349204817787 4240.0299206972122 155.09394839406013 74.186808878555894 88.57056462392211 491.04729960113764 111.14970232080668 33946.596953075612 85.347000862471759 184.27744382619858 3590.6944645047188 52.55635093851015 39.725999629823491 117.47161424905062 543.16295803710818 378.6801887974143 3642.4115947503597 136.32855293154716 123.82264400646091 131.97091124206781 136.50283675640821 195.28926730342209 770.5812744051218 237.68316857516766 550.57184863090515
leaf_count=623 1515 1354 645 340 727 740 21256 532 607 606 1518 648 155577 489 581 12885 830 1635 411 2086 1306 14273 514 474 445 539 947 2787 810 2926
internal_value=0.000661596 0.00123609 -0.0142207 -0.00538531 0.00131166 0.00113666 0.00132672 -0.0169967 0.00933649 0.00730081 0.0117527 -0.00658568 0.00119664 -0.00817227 0.0171847 -0.0015121 -0.0160128 -0.00780735 -0.0289809 -0.00130818 6.89506e-05 -0.0026984 0.00876753 -0.0107648 0.0132848 -0.00149879 -0.000344625 -0.00116296 4.05588e-05 -0.00789638
internal_weight=50624 40043.1 190.269 148.393 39852.8 38727.2 38330.1 397.112 124.547 1125.61 875.045 199.72 38186.6 250.566 675.325 10580.9 112.308 92.2824 272.566 10437.7 5245.94 5191.76 646.98 666.986 510.651 4524.78 3837.7 4598.96 3828.38 687.075
internal_count=230626 190011 4804 3450 185207 179850 177573 2277 1334 5357 3353 1254 176833 2004 2099 40615 2805 2465 943 39992 18747 21245 2265 2560 1751 18685 15220 16482 13695 3465
is_linear=0
shrinkage=0.05


Tree=248
num_leaves=31
num_cat=0
split_feature=2 3 3 8 5 8 8 5 5 5 4 4 6 4 8 8 1 8 8 8 8 8 1 6 8 5 7 1 6 8
split_gain=71.8017 46.7415 43.0259 47.1554 57.51 59.8701 51.2207 62.2209 42.1504 33.7271 32.3853 26.93 24.2837 31.059 25.521 24.1601 14.9742 12.7678 24.549 17.2211 23.7205 15.8301 9.10748 8.04819 16.5838 12.3813 6.443 6.36936 5.89171 3.19051
threshold=1.5000000000000002 -1.0000000180025095e-35 1.0000000180025095e-35 75.15427398681642 -1.0000000180025095e-35 84.934501647949233 71.486984252929702 1.0000000180025095e-35 5.5000000000000009 -1.0000000180025095e-35 -0.28195580840110773 -1.3821108937263487 1.0000000180025095e-35 0.052069107070565231 58.475917816162116 -27.185948371887203 54.500000000000007 15.063652038574221 -8.6262278556823713 -30.148659706115719 -100.76657485961913 51.880025863647468 40.500000000000007 2.5000000000000004 -82.447135925292955 4.5000000000000009 -0.22075429558753965 17.500000000000004 -1.4999999999999998 -287.51872253417963
decision_type=2 2 2 2 2 2 2 2 2 2 2 2 2 2 2 2 2 2 2 2 2 2 2 2 2 2 2 2 2 2
left_child=1 17 3 6 10 -6 8 -8 -3 11 -5 26 13 -11 -14 16 23 18 19 20 -1 -19 -13 29 -25 -26 -4 -23 -17 -2
right_child=15 2 9 4 5 -7 7 -9 -10 12 -12 22 14 -15 -16 28 -18 21 -20 -21 -22 27 -24 24 25 -27 -28 -29 -30 -31
leaf_value=-0.02701525030126627 -0.0066954981449603435 0.00072487919145160695 0.0065383001417459192 -0.02689717528633305 -0.019077524334543013 0.00020341254454006192 0.041186691301273316 -0.0053141278675388022 -0.0060982633031998312 -0.022737420997523548 -0.0084908266220947281 0.018909395452325093 0.026813559889945167 0.011365052299434351 -0.0078576163189233248 0.0063528377567109041 0.022308202003509848 -0.04547195190391401 0.018073875783024742 -0.037596644791039517 0.0048920707346761742 0.004061529353133482 0.035979075698537609 -0.028128581923658511 0.042213660167648374 -0.0071965730617057303 -0.01934590568101003 -0.024092472824020921 -0.031811120583096889 -0.030423506559942699
leaf_weight=98.336083022877574 23.423102801665664 34449.722178722732 44.410861686803401 370.77884590439498 448.75916417408735 3571.4391155606136 162.64785468019545 124.20755236409605 2417.6215359428898 164.26271078921854 677.33068457152694 348.8337737172842 126.84298181161284 106.27381725236773 85.773370388895273 8.9604907706379873 32.517985822632909 63.846960406750441 59.773702334612608 66.150969609618187 130.60747066512704 35.537664599716663 111.10417364537716 27.823360505048186 20.273669149726629 22.967088229954243 42.990616885945201 37.777970761060715 242.6716377241537 51.848592439200729
leaf_count=612 280 138460 476 2138 2869 30605 651 755 14419 691 4907 1644 672 443 443 241 292 767 434 482 956 385 345 632 261 603 394 500 22701 1568
internal_value=-0.000304865 -0.000103738 7.1446e-05 -0.00017548 -0.00469714 -0.00196987 0.000441881 0.0213059 0.000276677 0.0101408 -0.015099 0.0185805 0.000487455 -0.00937794 0.0129674 -0.0205071 -0.00620346 -0.0153495 -0.0100942 -0.0160059 -0.00909727 -0.0281128 0.0233754 -0.0130669 -0.000757883 0.0179439 -0.0065514 -0.0110576 -0.0303548 -0.0239168
internal_weight=44175.5 43745 43253 42222.5 5068.31 4020.2 37154.2 286.855 36867.3 1030.49 1048.11 547.339 483.153 270.537 212.616 430.486 178.854 492.031 354.868 295.095 228.944 137.163 459.938 146.336 71.0641 43.2408 87.4015 73.3156 251.632 75.2717
internal_count=230626 204048 199912 194804 40519 33474 154285 1406 152879 5108 7045 2859 2249 1134 1115 26578 3636 4136 2484 2050 1568 1652 1989 3344 1496 864 870 885 22942 1848
is_linear=0
shrinkage=0.05


end of trees

feature_importances:
elo_diff=2771
minute=913
score_diff=885
xg_diff=844
shots_diff=523
shots_on_target_diff=410
possession_diff=393
red_card_diff=232
minutes_remaining=103
is_neutral_venue=73

parameters:
[boosting: gbdt]
[objective: multiclass]
[metric: multi_logloss]
[tree_learner: serial]
[device_type: cpu]
[data_sample_strategy: bagging]
[data: ]
[valid: ]
[num_iterations: 1200]
[learning_rate: 0.05]
[num_leaves: 31]
[num_threads: 0]
[seed: 7]
[deterministic: 0]
[force_col_wise: 0]
[force_row_wise: 0]
[histogram_pool_size: -1]
[max_depth: 6]
[min_data_in_leaf: 400]
[min_sum_hessian_in_leaf: 0.001]
[bagging_fraction: 0.8]
[pos_bagging_fraction: 1]
[neg_bagging_fraction: 1]
[bagging_freq: 1]
[bagging_seed: 17422]
[bagging_by_query: 0]
[feature_fraction: 0.9]
[feature_fraction_bynode: 1]
[feature_fraction_seed: 7040]
[extra_trees: 0]
[extra_seed: 6516]
[early_stopping_round: 0]
[early_stopping_min_delta: 0]
[first_metric_only: 0]
[max_delta_step: 0]
[lambda_l1: 0]
[lambda_l2: 5]
[linear_lambda: 0]
[min_gain_to_split: 0]
[drop_rate: 0.1]
[max_drop: 50]
[skip_drop: 0.5]
[xgboost_dart_mode: 0]
[uniform_drop: 0]
[drop_seed: 15215]
[top_rate: 0.2]
[other_rate: 0.1]
[min_data_per_group: 100]
[max_cat_threshold: 32]
[cat_l2: 10]
[cat_smooth: 10]
[max_cat_to_onehot: 4]
[top_k: 20]
[monotone_constraints: ]
[monotone_constraints_method: basic]
[monotone_penalty: 0]
[feature_contri: ]
[forcedsplits_filename: ]
[refit_decay_rate: 0.9]
[cegb_tradeoff: 1]
[cegb_penalty_split: 0]
[cegb_penalty_feature_lazy: ]
[cegb_penalty_feature_coupled: ]
[path_smooth: 0]
[interaction_constraints: ]
[verbosity: -1]
[saved_feature_importance_type: 0]
[use_quantized_grad: 0]
[num_grad_quant_bins: 4]
[quant_train_renew_leaf: 0]
[stochastic_rounding: 1]
[linear_tree: 0]
[max_bin: 255]
[max_bin_by_feature: ]
[min_data_in_bin: 3]
[bin_construct_sample_cnt: 200000]
[data_random_seed: 61]
[is_enable_sparse: 1]
[enable_bundle: 1]
[use_missing: 1]
[zero_as_missing: 0]
[feature_pre_filter: 1]
[pre_partition: 0]
[two_round: 0]
[header: 0]
[label_column: ]
[weight_column: ]
[group_column: ]
[ignore_column: ]
[categorical_feature: ]
[forcedbins_filename: ]
[precise_float_parser: 0]
[parser_config_file: ]
[objective_seed: 15521]
[num_class: 3]
[is_unbalance: 0]
[scale_pos_weight: 1]
[sigmoid: 1]
[boost_from_average: 1]
[reg_sqrt: 0]
[alpha: 0.9]
[fair_c: 1]
[poisson_max_delta_step: 0.7]
[tweedie_variance_power: 1.5]
[lambdarank_truncation_level: 30]
[lambdarank_norm: 1]
[label_gain: ]
[lambdarank_position_bias_regularization: 0]
[eval_at: ]
[multi_error_top_k: 1]
[auc_mu_weights: ]
[num_machines: 1]
[local_listen_port: 12400]
[time_out: 120]
[machine_list_filename: ]
[machines: ]
[gpu_platform_id: -1]
[gpu_device_id: -1]
[gpu_device_id_list: ]
[gpu_use_dp: 0]
[num_gpu: 1]

end of parameters

pandas_categorical:null
